Word	POS	Frequency	IsStopword	Polarity	Politeness
you	PRP	131480	True	0.00	polite
to	TO	102887	True	0.00	polite
the	DT	88169	True	0.00	impolite
i	NN	74401	True	0.00	somewhat polite
be	VB	64987	True	0.00	neutral
your	PRP$	63750	True	0.00	polite
our	PRP$	60058	True	0.00	polite
a	DT	52569	True	0.00	polite
for	IN	44755	True	0.00	somewhat polite
and	CC	42770	True	0.00	polite
re	NN	39853	True	0.00	impolite
can	MD	37275	True	0.00	somewhat polite
we	PRP	37170	True	0.00	polite
it	PRP	34590	True	0.00	impolite
with	IN	31857	True	0.00	polite
have	VB	28530	True	0.00	polite
that	IN	27275	True	0.00	somewhat polite
s	NN	27213	True	0.00	impolite
on	IN	25105	True	0.00	neutral
of	IN	23237	True	0.00	impolite
if	IN	22807	True	0.00	polite
about	IN	21841	True	0.00	somewhat polite
in	IN	19946	True	0.00	polite
t	NN	19535	True	0.00	impolite
like	IN	19221	False	0.00	polite
m	NN	18218	True	0.00	polite
help	NN	17430	False	0.00	polite
please	NN	16650	False	0.00	polite
happy	JJ	16562	False	0.80	polite
not	RB	16078	True	0.00	impolite
but	CC	14928	True	0.00	somewhat polite
d	NN	14393	True	0.00	polite
or	CC	13482	True	0.00	polite
more	RBR	13388	True	0.50	somewhat polite
provide	NN	12798	False	0.00	somewhat polite
ll	NN	12772	True	0.00	somewhat polite
fee	NN	12671	False	0.00	polite
any	DT	12497	True	0.00	polite
me	PRP	11978	True	0.00	polite
time	NN	10583	False	0.00	impolite
do	VB	9707	True	0.00	somewhat polite
information	NN	9691	False	0.00	somewhat polite
look	NN	9594	False	0.00	somewhat polite
need	NN	8981	False	0.00	polite
question	NN	8649	False	0.00	polite
don	NN	8606	True	0.00	impolite
just	RB	8176	True	0.00	impolite
would	MD	8043	False	0.00	polite
this	DT	7949	True	0.00	impolite
see	VB	7594	False	0.00	somewhat polite
offer	NN	7581	False	0.00	somewhat polite
option	NN	7566	False	0.00	somewhat polite
understand	NN	7057	False	0.00	somewhat polite
check	NN	7019	False	0.00	neutral
what	WP	6839	True	0.00	somewhat polite
will	MD	6768	True	0.00	neutral
appreciate	NN	6744	False	0.00	polite
out	IN	6431	True	0.00	polite
some	DT	6428	True	0.00	somewhat polite
ve	NN	6352	True	0.00	impolite
due	JJ	6241	False	-0.12	neutral
next	JJ	6212	False	0.00	neutral
get	VB	6172	False	0.00	impolite
at	IN	6165	True	0.00	neutral
assist	NN	6089	False	0.00	polite
charge	NN	5986	False	0.00	polite
policy	NN	5982	False	0.00	somewhat polite
available	JJ	5961	False	0.40	neutral
course	NN	5730	False	0.00	polite
know	VB	5701	False	0.00	polite
u	NN	5609	False	0.00	polite
unfortunately	RB	5572	False	-0.50	neutral
refund	NN	5450	False	0.00	impolite
let	VB	5382	False	0.00	polite
concern	NN	5208	False	0.00	somewhat polite
so	RB	5064	True	0.00	polite
experience	NN	5047	False	0.00	polite
issue	NN	5008	False	0.00	somewhat polite
detail	NN	4899	False	0.00	somewhat polite
from	IN	4899	True	0.00	neutral
my	PRP$	4859	True	0.00	somewhat polite
schedule	NN	4849	False	0.00	neutral
there	RB	4813	True	0.00	polite
flight	NN	4811	False	0.00	neutral
process	NN	4792	False	0.00	neutral
sorry	NN	4771	False	-0.50	somewhat polite
make	VB	4740	False	0.00	polite
find	VB	4715	False	0.00	polite
membership	NN	4684	False	0.00	polite
account	NN	4679	False	0.00	neutral
skill	NN	4640	False	0.00	polite
order	NN	4580	False	0.00	neutral
season	NN	4517	False	0.00	polite
clearly	RB	4512	False	0.10	impolite
best	JJS	4453	False	1.00	somewhat polite
summer	NN	4440	False	0.00	polite
team	NN	4415	False	0.00	polite
hear	NN	4382	False	0.00	somewhat polite
go	VB	4368	False	0.00	impolite
an	DT	4356	True	0.00	neutral
however	RB	4282	False	0.00	somewhat polite
ask	NN	4274	False	0.00	polite
interest	NN	4144	False	0.00	polite
take	VB	4085	False	0.00	polite
try	NN	4018	False	0.00	impolite
menu	NN	3948	False	0.00	neutral
seem	NN	3936	False	0.00	polite
website	NN	3841	False	0.00	neutral
new	JJ	3814	False	0.14	polite
price	NN	3758	False	0.00	impolite
hour	NN	3699	False	0.00	neutral
exhibit	NN	3673	False	0.00	polite
complain	NN	3662	False	0.00	impolite
during	IN	3545	True	0.00	polite
free	JJ	3544	False	0.40	polite
within	IN	3490	False	0.00	neutral
book	NN	3455	False	0.00	neutral
may	MD	3414	False	0.00	polite
expect	VB	3398	False	0.00	impolite
purchase	NN	3375	False	0.00	polite
return	NN	3363	False	0.00	somewhat polite
further	RB	3355	True	0.00	polite
pay	NN	3342	False	0.00	impolite
up	RB	3303	True	0.00	impolite
service	NN	3275	False	0.00	polite
into	IN	3272	True	0.00	somewhat polite
interested	JJ	3196	False	0.25	polite
hesitate	NN	3149	False	0.00	polite
delay	NN	3106	False	0.00	somewhat polite
might	MD	3103	False	0.00	somewhat polite
review	NN	3066	False	0.00	somewhat polite
month	NN	3003	False	0.00	impolite
through	IN	2956	True	0.00	polite
explain	NN	2944	False	0.00	impolite
why	WRB	2944	True	0.00	impolite
state	NN	2937	False	0.00	impolite
day	NN	2937	False	0.00	neutral
which	WDT	2935	True	0.00	polite
still	RB	2932	False	0.00	impolite
should	MD	2921	True	0.00	impolite
credit	NN	2906	False	0.00	somewhat polite
here	RB	2891	True	0.00	polite
current	JJ	2877	False	0.00	somewhat polite
item	NN	2869	False	0.00	somewhat polite
note	NN	2845	False	0.00	somewhat polite
sure	NN	2812	False	0.50	neutral
seriously	RB	2810	False	-0.33	impolite
currently	RB	2796	False	0.00	neutral
cover	NN	2767	False	0.00	neutral
certainly	RB	2727	False	0.21	neutral
sport	NN	2724	False	0.00	polite
visit	NN	2707	False	0.00	polite
workshop	NN	2701	False	0.00	polite
payment	NN	2700	False	0.00	neutral
upcoming	VBG	2670	False	0.00	polite
store	NN	2669	False	0.00	somewhat polite
possible	JJ	2633	False	0.00	somewhat polite
pm	NN	2596	False	0.00	neutral
discount	NN	2590	False	0.00	polite
include	NN	2564	False	0.00	neutral
loan	NN	2521	False	0.00	polite
change	NN	2487	False	0.00	impolite
late	RB	2455	False	-0.30	impolite
recommend	NN	2447	False	0.00	polite
assistance	NN	2427	False	0.00	polite
standard	NN	2423	False	0.00	polite
seasonal	JJ	2396	False	0.00	polite
ticket	NN	2388	False	0.00	polite
how	WRB	2368	True	0.00	polite
because	IN	2364	True	0.00	impolite
high	JJ	2358	False	0.16	neutral
work	NN	2322	False	0.00	polite
all	DT	2290	True	0.00	polite
online	NN	2288	False	0.00	neutral
week	NN	2254	False	0.00	neutral
already	RB	2238	False	0.00	impolite
training	NN	2234	False	0.00	neutral
date	NN	2233	False	0.00	neutral
additional	JJ	2231	False	0.00	somewhat polite
one	CD	2225	False	0.00	polite
rate	NN	2197	False	0.00	polite
program	NN	2179	False	0.00	polite
reach	NN	2179	False	0.00	polite
request	NN	2161	False	0.00	somewhat polite
travel	NN	2148	False	0.00	polite
special	JJ	2135	False	0.36	polite
deal	NN	2118	False	0.00	impolite
plan	NN	2106	False	0.00	polite
cost	NN	2104	False	0.00	somewhat polite
improve	VB	2093	False	0.00	polite
specific	JJ	2092	False	0.00	polite
dish	NN	2087	False	0.00	polite
product	NN	2079	False	0.00	polite
as	IN	2041	True	0.00	somewhat polite
condition	NN	2038	False	0.00	neutral
now	RB	2025	True	0.00	impolite
even	RB	2018	False	0.00	impolite
soon	RB	2003	False	0.00	somewhat polite
update	NN	1978	False	0.00	neutral
tennis	NN	1964	False	0.00	polite
show	NN	1962	False	0.00	neutral
receive	NN	1947	False	0.00	neutral
alternative	NN	1935	False	0.00	somewhat polite
clarify	NN	1925	False	0.00	somewhat polite
system	NN	1906	False	0.00	neutral
before	IN	1904	True	0.00	impolite
bootcamp	NN	1851	False	0.00	neutral
maybe	RB	1845	False	0.00	impolite
staff	NN	1835	False	0.00	polite
again	RB	1834	True	0.00	impolite
when	WRB	1827	True	0.00	impolite
anything	NN	1820	False	0.00	polite
arrive	JJ	1814	False	0.00	neutral
ensure	VB	1807	False	0.00	polite
back	RB	1803	False	0.00	somewhat polite
rental	NN	1778	False	0.00	somewhat polite
inconvenience	NN	1767	False	0.00	somewhat polite
accommodate	NN	1739	False	0.00	impolite
extra	JJ	1715	False	0.00	impolite
by	IN	1693	True	0.00	neutral
didn	NN	1665	True	0.00	impolite
variety	NN	1659	False	0.00	polite
first	RB	1645	False	0.25	polite
stock	NN	1638	False	0.00	neutral
court	NN	1638	False	0.00	neutral
could	MD	1637	False	0.00	somewhat polite
something	NN	1626	False	0.00	impolite
material	NN	1618	False	0.00	neutral
maintenance	NN	1613	False	0.00	neutral
application	NN	1591	False	0.00	neutral
promotion	NN	1584	False	0.00	polite
winter	NN	1582	False	0.00	polite
exchange	NN	1580	False	0.00	somewhat polite
step	NN	1577	False	0.00	polite
close	RB	1565	False	0.00	neutral
peak	NN	1557	False	0.00	polite
they	PRP	1547	True	0.00	impolite
read	NN	1541	False	0.00	impolite
tell	NN	1526	False	0.00	impolite
apologize	VB	1516	False	0.00	somewhat polite
want	NN	1516	False	0.00	somewhat polite
garden	NN	1516	False	0.00	polite
end	NN	1514	False	0.00	polite
learn	NN	1493	False	0.00	polite
only	RB	1487	True	0.00	somewhat polite
discuss	NN	1487	False	0.00	polite
train	NN	1480	False	0.00	polite
problem	NN	1479	False	0.00	impolite
guide	NN	1476	False	0.00	polite
open	JJ	1473	False	0.00	neutral
feel	NN	1466	False	0.00	polite
congratulation	NN	1466	False	0.00	polite
email	NN	1459	False	0.00	neutral
status	NN	1456	False	0.00	neutral
over	IN	1456	True	0.00	impolite
recent	JJ	1449	False	0.00	polite
availability	NN	1445	False	0.00	neutral
glad	NN	1438	False	0.50	polite
last	JJ	1434	False	0.00	impolite
good	JJ	1433	False	0.70	impolite
museum	NN	1420	False	0.00	neutral
ridiculous	JJ	1416	False	-0.33	impolite
toy	NN	1414	False	0.00	polite
resolve	NN	1408	False	0.00	somewhat polite
food	NN	1395	False	0.00	polite
minute	NN	1380	False	0.00	neutral
session	NN	1375	False	0.00	neutral
weather	NN	1373	False	0.00	neutral
explore	NN	1373	False	0.00	polite
receipt	NN	1372	False	0.00	somewhat polite
year	NN	1372	False	0.00	impolite
renewal	NN	1366	False	0.00	neutral
art	NN	1348	False	0.00	polite
design	NN	1343	False	0.00	polite
sale	NN	1341	False	0.00	polite
few	JJ	1333	True	-0.20	somewhat polite
give	VB	1326	False	0.00	impolite
full	JJ	1325	False	0.35	impolite
business	NN	1315	False	0.00	neutral
fine	NN	1315	False	0.42	impolite
customer	NN	1299	False	0.00	impolite
them	PRP	1283	True	0.00	impolite
non	NN	1282	False	0.00	somewhat polite
afraid	NN	1281	False	-0.60	neutral
than	IN	1277	True	0.00	polite
use	NN	1275	False	0.00	impolite
premium	NN	1272	False	0.00	polite
waive	NN	1270	False	0.00	impolite
integration	NN	1266	False	0.00	somewhat polite
technical	JJ	1265	False	0.00	neutral
different	JJ	1260	False	0.00	somewhat polite
really	RB	1244	False	0.20	impolite
gluten	NNS	1241	False	0.00	neutral
waste	NN	1240	False	-0.20	impolite
creative	JJ	1240	False	0.50	polite
inquiry	NN	1237	False	0.00	polite
trip	NN	1236	False	0.00	polite
trouble	NN	1225	False	-0.20	somewhat polite
answer	NN	1225	False	0.00	polite
cause	NN	1224	False	0.00	neutral
ski	NN	1219	False	0.00	impolite
future	NN	1210	False	0.00	somewhat polite
after	IN	1205	True	0.00	impolite
demand	NN	1202	False	0.00	neutral
start	NN	1183	False	0.00	neutral
botanical	JJ	1179	False	0.00	polite
associate	NN	1158	False	0.00	somewhat polite
prior	RB	1146	False	0.00	neutral
excite	NN	1144	False	0.00	polite
sign	NN	1137	False	0.00	impolite
wait	NN	1124	False	0.00	impolite
join	NN	1122	False	0.00	polite
else	RB	1122	False	0.00	impolite
complaint	NN	1120	False	-0.30	impolite
event	NN	1115	False	0.00	polite
club	NN	1108	False	0.00	polite
since	IN	1107	False	0.00	polite
card	NN	1104	False	0.00	neutral
thank	NN	1102	False	0.00	polite
term	NN	1102	False	0.00	impolite
development	NN	1097	False	0.00	polite
cancel	NN	1097	False	0.00	impolite
today	NN	1086	False	0.00	polite
bother	NN	1083	False	0.00	impolite
registration	NN	1078	False	0.00	neutral
meet	NN	1077	False	0.00	somewhat polite
equipment	NN	1070	False	0.00	polite
upgrade	NN	1059	False	0.00	polite
professional	JJ	1054	False	0.10	polite
package	NN	1051	False	0.00	polite
great	JJ	1049	False	0.80	polite
off	IN	1048	True	0.00	impolite
lack	NN	1047	False	0.00	impolite
support	NN	1039	False	0.00	polite
insurance	NN	1035	False	0.00	polite
towards	NNS	1034	False	0.00	polite
list	NN	1017	False	0.00	neutral
water	NN	1014	False	0.00	polite
selection	NN	1012	False	0.00	polite
hope	NN	1004	False	0.00	polite
ingredient	NN	989	False	0.00	polite
two	CD	989	False	0.00	neutral
right	NN	988	False	0.29	impolite
query	NN	982	False	0.00	polite
number	NN	981	False	0.00	somewhat polite
print	NN	972	False	0.00	impolite
resource	NN	971	False	0.00	somewhat polite
similar	JJ	969	False	0.00	neutral
complimentary	NN	969	False	0.30	polite
send	NN	960	False	0.00	polite
run	VB	956	False	0.00	impolite
balance	NN	954	False	0.00	neutral
halal	NN	952	False	0.00	polite
come	VB	949	False	0.00	impolite
collection	NN	948	False	0.00	polite
other	JJ	940	True	-0.12	neutral
consider	VB	936	False	0.00	impolite
perfect	NN	935	False	1.00	polite
tour	NN	935	False	0.00	polite
bit	NN	935	False	0.00	somewhat polite
medical	JJ	933	False	0.00	polite
enjoy	NN	933	False	0.40	polite
lesson	NN	933	False	0.00	somewhat polite
once	RB	931	True	0.00	neutral
booking	VBG	929	False	0.00	somewhat polite
walk	NN	927	False	0.00	polite
suitable	JJ	924	False	0.55	somewhat polite
suit	NN	924	False	0.00	polite
original	JJ	922	False	0.38	somewhat polite
flavor	NN	915	False	0.00	polite
access	NN	909	False	0.00	neutral
confirm	NN	908	False	0.00	neutral
pricing	NN	908	False	0.00	polite
typically	RB	904	False	-0.17	somewhat polite
way	NN	903	False	0.00	polite
transaction	NN	896	False	0.00	neutral
fully	RB	894	False	0.00	neutral
statement	NN	882	False	0.00	polite
feedback	NN	881	False	0.00	polite
their	PRP$	878	True	0.00	polite
spot	NN	875	False	0.00	neutral
far	RB	874	False	0.10	polite
no	DT	868	True	0.00	impolite
communication	NN	863	False	0.00	neutral
dietary	JJ	862	False	0.00	polite
call	NN	850	False	0.00	impolite
likely	JJ	850	False	0.00	polite
instructor	NN	848	False	0.00	polite
reschedule	NN	846	False	0.00	neutral
bring	NN	844	False	0.00	polite
game	NN	840	False	-0.40	impolite
thrill	NN	840	False	0.00	polite
clear	JJ	832	False	0.10	impolite
expectation	NN	831	False	0.00	somewhat polite
unforeseen	JJ	828	False	0.00	neutral
recommendation	NN	827	False	0.00	polite
quality	NN	822	False	0.00	impolite
refundable	JJ	822	False	0.00	somewhat polite
delivery	NN	822	False	0.00	neutral
regard	NN	816	False	0.00	polite
meal	NN	814	False	0.00	polite
necessary	JJ	812	False	0.00	neutral
extremely	RB	811	False	-0.12	impolite
overdraft	NN	807	False	0.00	impolite
doesn	NN	800	True	0.00	neutral
small	JJ	800	False	-0.25	polite
goal	NN	799	False	0.00	polite
library	NN	795	False	0.00	polite
budget	NN	790	False	0.00	polite
play	NN	789	False	0.00	impolite
fit	NN	784	False	0.40	polite
most	JJS	779	True	0.50	polite
facility	NN	776	False	0.00	polite
enthusiasm	NN	773	False	0.00	somewhat polite
every	DT	773	False	0.00	polite
apply	VB	767	False	0.00	polite
local	JJ	764	False	0.00	polite
notice	NN	763	False	0.00	neutral
buffet	NN	755	False	0.00	polite
least	JJS	755	False	-0.30	neutral
isn	NN	752	True	0.00	impolite
airline	NN	742	False	0.00	polite
proceed	NN	739	False	0.00	somewhat polite
contact	NN	739	False	0.00	neutral
board	NN	733	False	0.00	polite
match	NN	728	False	0.00	somewhat polite
class	NN	724	False	0.00	polite
care	NN	720	False	0.00	impolite
basic	JJ	719	False	0.00	impolite
thing	NN	715	False	0.00	impolite
such	JJ	710	True	0.00	impolite
well	RB	710	False	0.00	neutral
chef	NN	699	False	0.00	polite
yourself	PRP	695	True	0.00	impolite
feature	NN	694	False	0.00	polite
responsible	JJ	693	False	0.20	impolite
stop	NN	689	False	0.00	impolite
increase	NN	687	False	0.00	somewhat polite
dessert	NN	686	False	0.00	polite
base	NN	683	False	-0.80	polite
suggest	NN	680	False	0.00	somewhat polite
itinerary	NN	674	False	0.00	polite
detailed	JJ	673	False	0.40	polite
cancellation	NN	668	False	0.00	somewhat polite
luxury	NN	666	False	0.00	polite
require	NN	664	False	0.00	neutral
disappoint	NN	664	False	0.00	impolite
theater	NN	661	False	0.00	polite
these	DT	655	True	0.00	polite
restaurant	NN	653	False	0.00	impolite
hard	JJ	650	False	-0.29	impolite
allow	VB	650	False	0.00	neutral
monday	NN	649	False	0.00	neutral
zoo	NN	648	False	0.00	neutral
preference	NN	648	False	0.00	polite
th	NN	647	False	0.00	neutral
money	NN	645	False	0.00	impolite
hold	NN	645	False	0.00	neutral
track	NN	643	False	0.00	neutral
place	NN	640	False	0.00	impolite
departure	NN	637	False	0.00	neutral
vegetarian	JJ	637	False	0.00	neutral
processing	NN	635	False	0.00	polite
long	RB	629	False	-0.05	neutral
cruise	NN	626	False	0.00	polite
tv	NN	626	False	0.00	polite
until	IN	626	True	0.00	neutral
complete	JJ	625	False	0.10	neutral
solution	NN	625	False	0.00	polite
popular	JJ	624	False	0.60	polite
discrepancy	NN	623	False	0.00	polite
buy	VB	622	False	0.00	impolite
those	DT	622	True	0.00	somewhat polite
pizza	NN	621	False	0.00	neutral
fresh	JJ	619	False	0.30	polite
organic	JJ	615	False	0.00	polite
enhance	NN	613	False	0.00	polite
add	VB	613	False	0.00	neutral
claim	NN	610	False	0.00	impolite
kid	NN	607	False	0.00	impolite
car	NN	603	False	0.00	somewhat polite
avoid	NN	600	False	0.00	neutral
satisfy	NN	600	False	0.00	polite
patience	NN	600	False	0.00	polite
international	JJ	600	False	0.00	neutral
performance	NN	596	False	0.00	somewhat polite
management	NN	595	False	0.00	neutral
annual	JJ	594	False	0.00	polite
adjust	NN	589	False	0.00	somewhat polite
friendly	RB	583	False	0.38	polite
sell	NN	583	False	0.00	impolite
expert	NN	582	False	0.00	polite
limited	JJ	580	False	-0.07	somewhat polite
circumstance	NN	578	False	0.00	somewhat polite
ready	JJ	578	False	0.20	neutral
salad	NN	576	False	0.00	polite
admission	NN	574	False	0.00	neutral
reservation	NN	574	False	0.00	neutral
situation	NN	573	False	0.00	somewhat polite
gallery	NN	571	False	0.00	polite
gear	NN	569	False	0.00	polite
reserve	NN	565	False	0.00	polite
ship	NN	564	False	0.00	neutral
restock	NN	562	False	0.00	impolite
record	NN	562	False	0.00	neutral
child	NN	561	False	0.00	polite
limit	NN	560	False	0.00	somewhat polite
handle	NN	558	False	0.00	impolite
enjoyable	JJ	557	False	0.50	polite
soft	JJ	556	False	0.10	polite
inform	NN	554	False	0.00	polite
think	NN	553	False	0.00	impolite
breakdown	NN	551	False	0.00	polite
also	RB	545	False	0.00	polite
delight	NN	545	False	0.00	polite
depart	NN	544	False	0.00	neutral
set	NN	543	False	0.00	neutral
shop	NN	540	False	0.00	polite
knowledgeable	JJ	539	False	0.00	polite
software	NN	534	False	0.00	impolite
plant	NN	533	False	0.00	impolite
effective	JJ	528	False	0.60	neutral
replacement	NN	528	False	0.00	somewhat polite
outline	NN	528	False	0.00	neutral
topic	NN	526	False	0.00	neutral
subject	NN	525	False	-0.17	neutral
coverage	NN	520	False	0.00	polite
must	MD	519	False	0.00	neutral
home	NN	519	False	0.00	polite
without	IN	516	False	0.00	impolite
keep	VB	516	False	0.00	impolite
shipment	NN	515	False	0.00	neutral
coach	NN	513	False	0.00	polite
drink	NN	510	False	0.00	impolite
forward	RB	507	False	0.00	polite
aren	NNS	506	True	0.00	impolite
choose	NN	503	False	0.00	polite
journey	NN	503	False	0.00	polite
financial	JJ	501	False	0.00	polite
adjustment	NN	500	False	0.00	somewhat polite
who	WP	499	True	0.00	impolite
believe	VB	498	False	0.00	impolite
especially	RB	496	False	0.00	impolite
unacceptable	JJ	495	False	0.00	impolite
completely	RB	494	False	0.10	impolite
area	NN	493	False	0.00	polite
airport	NN	492	False	0.00	neutral
room	NN	491	False	0.00	impolite
stay	NN	491	False	0.00	polite
smooth	NN	488	False	0.40	polite
welcome	NN	484	False	0.80	polite
certification	NN	483	False	0.00	impolite
put	NN	482	False	0.00	impolite
fall	NN	482	False	0.00	somewhat polite
cake	NN	481	False	0.00	impolite
street	NN	479	False	0.00	polite
always	RB	478	False	0.00	polite
decision	NN	478	False	0.00	neutral
then	RB	477	True	0.00	impolite
piece	NN	475	False	0.00	polite
bill	NN	474	False	0.00	impolite
size	NN	471	False	0.00	somewhat polite
figure	NN	470	False	0.00	impolite
level	NN	465	False	0.00	polite
animal	NN	465	False	0.00	polite
valid	JJ	464	False	0.00	somewhat polite
control	NN	463	False	0.00	impolite
everyone	NN	462	False	0.00	impolite
delicious	JJ	460	False	1.00	polite
warranty	NN	460	False	0.00	impolite
fusion	NN	459	False	0.00	polite
guidance	NN	457	False	0.00	polite
helpful	NN	456	False	0.00	polite
attend	NN	455	False	0.00	impolite
taste	NN	453	False	0.00	polite
pickup	NN	451	False	0.00	neutral
achieve	NN	450	False	0.00	polite
enough	RB	450	False	0.00	impolite
holiday	NN	450	False	0.00	polite
bad	JJ	447	False	-0.70	impolite
skincare	NN	447	False	0.00	polite
structure	NN	445	False	0.00	polite
activity	NN	443	False	0.00	neutral
fault	NN	443	False	0.00	impolite
quite	RB	442	False	0.00	somewhat polite
notify	NN	442	False	0.00	neutral
volume	NN	440	False	0.00	neutral
bread	NN	440	False	0.00	neutral
stick	NN	436	False	0.00	impolite
prepare	NN	429	False	0.00	polite
serve	NN	429	False	0.00	impolite
data	NNS	428	False	0.00	neutral
production	NN	425	False	0.00	polite
favorite	NN	425	False	0.50	impolite
little	JJ	424	False	-0.19	impolite
follow	VB	423	False	0.00	impolite
project	NN	420	False	0.00	neutral
saturday	NN	419	False	0.00	neutral
vegan	NN	414	False	0.00	impolite
friday	NN	414	False	0.00	neutral
difficulty	NN	413	False	0.00	neutral
produce	NN	413	False	0.00	polite
exhibition	NN	411	False	0.00	somewhat polite
break	NN	411	False	0.00	impolite
personalized	VBN	411	False	0.00	polite
seat	NN	411	False	0.00	polite
nothing	NN	410	False	0.00	impolite
appear	VB	410	False	0.00	neutral
guarantee	NN	406	False	0.00	somewhat polite
amount	NN	404	False	0.00	neutral
member	NN	404	False	0.00	polite
aquarium	NN	403	False	0.00	polite
life	NN	403	False	0.00	polite
loyalty	NN	402	False	0.00	polite
restriction	NN	402	False	0.00	polite
actually	RB	399	False	0.00	impolite
packaging	NN	398	False	0.00	polite
confirmation	NN	398	False	0.00	neutral
sofa	NN	397	False	0.00	neutral
whine	NN	397	False	0.00	impolite
location	NN	396	False	0.00	neutral
prefer	NN	396	False	0.00	polite
pass	NN	396	False	0.00	somewhat polite
combat	NN	395	False	0.00	polite
source	NN	395	False	0.00	neutral
type	NN	393	False	0.00	polite
miss	NN	393	False	0.00	impolite
coffee	NN	392	False	0.00	impolite
comprehensive	NN	392	False	0.00	polite
struggle	NN	391	False	0.00	impolite
under	IN	390	True	0.00	neutral
burger	NN	390	False	0.00	impolite
world	NN	387	False	0.00	polite
destination	NN	385	False	0.00	polite
instruction	NN	382	False	0.00	neutral
history	NN	381	False	0.00	neutral
value	NN	381	False	0.00	polite
preferred	VBN	380	False	0.00	somewhat polite
student	NN	380	False	0.00	polite
practice	NN	379	False	0.00	polite
scheduled	VBN	378	False	0.00	neutral
advance	NN	376	False	0.00	polite
shouldn	NN	376	True	0.00	impolite
refer	NN	376	False	0.00	neutral
unique	NN	375	False	0.38	polite
section	NN	375	False	0.00	neutral
racket	NN	374	False	0.00	polite
quarter	NN	373	False	0.00	neutral
cultural	JJ	371	False	0.10	polite
requirement	NN	370	False	0.00	neutral
wide	JJ	370	False	-0.10	polite
around	IN	370	False	0.00	polite
voucher	NN	369	False	0.00	somewhat polite
win	NN	369	False	0.80	impolite
usual	JJ	369	False	-0.25	neutral
relate	NN	369	False	0.00	polite
shock	NN	368	False	0.00	impolite
period	NN	368	False	0.00	somewhat polite
able	JJ	367	False	0.50	impolite
affect	NN	365	False	0.00	neutral
hotel	NN	365	False	0.00	impolite
instead	RB	358	False	0.00	impolite
people	NNS	356	False	0.00	impolite
maintain	NN	355	False	0.00	somewhat polite
suppose	NN	354	False	0.00	impolite
past	NN	354	False	-0.25	impolite
display	NN	353	False	0.00	polite
while	IN	352	True	0.00	somewhat polite
accord	NN	351	False	0.00	neutral
depend	NN	351	False	0.00	neutral
inventory	NN	349	False	0.00	somewhat polite
regional	JJ	348	False	0.00	somewhat polite
window	NN	347	False	0.00	polite
error	NN	344	False	0.00	somewhat polite
furniture	NN	341	False	0.00	polite
deadline	NN	340	False	0.00	neutral
vary	NN	340	False	0.00	neutral
model	NN	338	False	0.00	polite
share	NN	337	False	0.00	polite
unhappy	JJ	336	False	-0.60	impolite
final	JJ	334	False	0.00	somewhat polite
unexpected	JJ	333	False	0.10	polite
meantime	NN	331	False	0.00	neutral
carefully	RB	331	False	-0.10	polite
craft	NN	331	False	0.00	polite
own	JJ	330	True	0.60	impolite
contract	NN	329	False	0.00	impolite
down	RB	329	True	-0.16	impolite
compensation	NN	329	False	0.00	somewhat polite
become	NN	328	False	0.00	neutral
expire	NN	328	False	0.00	impolite
cater	NN	328	False	0.00	impolite
commit	NN	326	False	0.00	polite
visitor	NN	326	False	0.00	neutral
waitlist	NN	326	False	0.00	neutral
manage	NN	325	False	0.00	impolite
choice	NN	324	False	0.00	polite
hand	NN	323	False	0.00	polite
defective	JJ	323	False	0.00	impolite
say	VB	321	False	0.00	neutral
aware	JJ	320	False	0.25	neutral
sunday	NN	320	False	0.00	neutral
understanding	VBG	320	False	0.00	polite
resort	NN	320	False	0.00	impolite
score	NN	320	False	0.00	neutral
style	NN	319	False	0.00	polite
potential	JJ	318	False	0.00	polite
regular	JJ	317	False	0.00	neutral
baggage	NN	315	False	0.00	impolite
indicate	NN	314	False	0.00	neutral
clarification	NN	313	False	0.00	polite
happen	VB	312	False	0.00	impolite
slope	NN	312	False	0.00	polite
couch	NN	311	False	0.00	impolite
weekend	NN	311	False	0.00	neutral
reason	NN	310	False	0.00	impolite
same	JJ	310	True	0.00	impolite
eligible	JJ	309	False	0.00	neutral
rule	NN	309	False	0.00	impolite
guided	VBN	305	False	0.00	polite
accept	NN	303	False	0.00	impolite
leave	VB	302	False	0.00	impolite
pas	NN	301	False	0.00	somewhat polite
graphic	JJ	301	False	0.00	neutral
early	RB	300	False	0.10	polite
signature	NN	299	False	0.00	polite
surprise	NN	298	False	0.00	impolite
transfer	NN	298	False	0.00	neutral
entire	JJ	297	False	0.00	impolite
camp	NN	296	False	0.00	impolite
kayak	NN	295	False	0.00	impolite
negotiable	JJ	291	False	0.00	impolite
focus	NN	290	False	0.00	polite
advantage	NN	289	False	0.00	polite
three	CD	286	False	0.00	impolite
estimate	NN	286	False	0.00	neutral
longer	NN	285	False	0.00	neutral
attention	NN	284	False	0.00	impolite
suggestion	NN	284	False	0.00	somewhat polite
dispute	NN	284	False	0.00	impolite
love	NN	284	False	0.50	polite
low	JJ	284	False	0.00	neutral
successfully	RB	283	False	0.75	neutral
daily	JJ	281	False	0.00	neutral
okay	NN	281	False	0.50	somewhat polite
monthly	RB	281	False	0.00	neutral
line	NN	280	False	0.00	impolite
tomorrow	NN	278	False	0.00	neutral
artist	NN	277	False	0.00	polite
august	NN	277	False	0.00	neutral
locally	RB	276	False	0.00	polite
company	NN	276	False	0.00	impolite
lose	VB	274	False	0.00	impolite
bank	NN	274	False	0.00	neutral
afford	NN	273	False	0.00	impolite
along	IN	273	False	0.00	somewhat polite
unable	JJ	272	False	-0.50	neutral
damage	NN	272	False	0.00	impolite
mind	NN	270	False	0.00	impolite
ferry	NN	270	False	0.00	neutral
decent	NN	269	False	0.17	impolite
label	NN	268	False	0.00	impolite
reference	NN	268	False	0.00	polite
explanation	NN	267	False	0.00	somewhat polite
range	NN	267	False	0.00	polite
content	NN	267	False	0.00	impolite
too	RB	267	True	0.00	impolite
specialty	NN	266	False	0.00	polite
public	NN	265	False	0.00	impolite
usually	RB	264	False	-0.25	somewhat polite
competitive	JJ	260	False	0.00	polite
disappointed	JJ	260	False	-0.75	impolite
platform	NN	260	False	0.00	neutral
willing	JJ	259	False	0.25	somewhat polite
appointment	NN	259	False	0.00	neutral
newsflash	NN	258	False	0.00	impolite
updated	VBN	257	False	0.00	neutral
register	NN	257	False	0.00	neutral
shipping	NN	257	False	0.00	neutral
offering	NN	256	False	0.00	polite
bus	NN	255	False	0.00	neutral
effort	NN	255	False	0.00	impolite
multiple	NN	253	False	0.00	impolite
everything	NN	252	False	0.00	polite
analysis	NN	251	False	0.00	neutral
cuisine	NN	250	False	0.00	polite
gate	NN	250	False	0.00	neutral
bakery	NN	249	False	0.00	polite
matter	NN	249	False	0.00	polite
together	RB	249	False	0.00	neutral
trainer	NN	248	False	0.00	polite
result	NN	248	False	0.00	somewhat polite
directly	RB	247	False	0.10	neutral
create	NN	247	False	0.00	polite
behind	IN	246	False	-0.40	impolite
specie	NN	246	False	0.00	neutral
confuse	NN	245	False	0.00	somewhat polite
luggage	NN	244	False	0.00	impolite
boxing	NN	244	False	0.00	polite
banking	NN	244	False	0.00	polite
technique	NN	244	False	0.00	polite
total	JJ	242	False	0.00	impolite
league	NN	241	False	0.00	impolite
career	NN	241	False	0.00	polite
view	NN	241	False	0.00	neutral
brand	NN	241	False	0.00	impolite
shortly	RB	240	False	0.00	neutral
report	NN	240	False	0.00	neutral
replace	VB	238	False	0.00	impolite
outstanding	JJ	238	False	0.50	neutral
feed	NN	238	False	0.00	impolite
expedite	NN	237	False	0.00	somewhat polite
various	JJ	236	False	0.00	polite
big	JJ	235	False	0.00	impolite
round	NN	234	False	-0.20	impolite
gym	NN	234	False	0.00	impolite
develop	VB	234	False	0.00	polite
cod	NN	233	False	0.00	impolite
forget	NN	233	False	0.00	impolite
meeting	NN	233	False	0.00	somewhat polite
exception	NN	233	False	0.00	impolite
simple	NN	233	False	0.00	impolite
arrival	NN	232	False	0.00	neutral
upon	IN	232	False	0.00	neutral
each	DT	232	True	0.00	polite
sharp	JJ	232	False	-0.12	neutral
select	NN	231	False	0.00	polite
ice	NN	231	False	0.00	neutral
locate	NN	230	False	0.00	somewhat polite
mistake	NN	229	False	0.00	impolite
responsibility	NN	229	False	0.00	impolite
much	JJ	229	False	0.20	impolite
highly	RB	229	False	0.16	polite
discounted	VBN	228	False	0.00	polite
tool	NN	226	False	0.00	polite
interactive	JJ	226	False	0.00	polite
nearby	RB	225	False	0.00	neutral
job	NN	225	False	0.00	impolite
market	NN	223	False	0.00	somewhat polite
unbelievable	JJ	223	False	-0.25	impolite
wasn	NN	223	True	0.00	somewhat polite
ago	RB	223	False	0.00	impolite
case	NN	222	False	0.00	neutral
pastry	NN	222	False	0.00	polite
wrong	JJ	221	False	-0.50	impolite
personal	JJ	221	False	0.00	impolite
age	NN	220	False	0.00	polite
broken	NN	220	False	-0.40	impolite
another	DT	220	False	0.00	impolite
tournament	NN	219	False	0.00	polite
eat	NN	218	False	0.00	impolite
arrangement	NN	218	False	0.00	polite
subpar	NN	217	False	0.00	impolite
reflect	NN	217	False	0.00	neutral
beautiful	NN	216	False	0.85	polite
knowledge	NN	216	False	0.00	polite
whichever	NN	216	False	0.00	polite
worth	NN	216	False	0.30	impolite
certain	JJ	215	False	0.21	somewhat polite
top	NN	215	False	0.50	polite
difference	NN	215	False	0.00	impolite
subscription	NN	215	False	0.00	polite
marine	NN	214	False	0.00	polite
per	IN	214	False	0.00	neutral
cancelled	VBN	214	False	0.00	impolite
dedicate	NN	213	False	0.00	polite
wonderful	NN	213	False	1.00	polite
rebooking	VBG	212	False	0.00	neutral
senior	JJ	212	False	0.00	polite
touch	NN	212	False	0.00	polite
box	NN	211	False	0.00	neutral
address	NN	211	False	0.00	polite
ever	RB	211	False	0.00	polite
idea	NN	211	False	0.00	impolite
tip	NN	210	False	0.00	polite
topping	VBG	208	False	0.00	impolite
log	NN	208	False	0.00	neutral
charity	NN	208	False	0.00	impolite
deny	NN	208	False	0.00	impolite
educational	JJ	208	False	0.25	polite
field	NN	207	False	0.00	polite
outdated	VBN	207	False	-0.40	impolite
benefit	NN	206	False	0.00	polite
better	RBR	206	False	0.50	somewhat polite
troubleshoot	NN	206	False	0.00	somewhat polite
temporary	JJ	205	False	0.00	neutral
part	NN	205	False	0.00	polite
documentation	NN	204	False	0.00	neutral
blend	NN	204	False	0.00	polite
spoon	NN	204	False	0.00	impolite
description	NN	204	False	0.00	impolite
renovation	NN	203	False	0.00	neutral
cheap	NN	203	False	0.40	impolite
kitchen	NN	202	False	0.00	neutral
exactly	RB	202	False	0.25	impolite
enrollment	NN	202	False	0.00	neutral
speaking	VBG	201	False	0.00	polite
cream	NN	201	False	0.00	neutral
route	NN	201	False	0.00	neutral
learning	VBG	200	False	0.00	polite
tutorial	NN	200	False	0.00	impolite
context	NN	199	False	0.00	somewhat polite
properly	RB	199	False	0.00	impolite
fruit	NN	199	False	0.00	polite
correct	NN	198	False	0.00	polite
confident	NN	198	False	0.50	polite
exceed	NN	198	False	0.00	polite
active	JJ	198	False	-0.13	neutral
camping	VBG	196	False	0.00	polite
confusion	NN	196	False	0.00	polite
footage	NN	196	False	0.00	somewhat polite
via	IN	196	False	0.00	neutral
agreement	NN	196	False	0.00	neutral
probably	RB	194	False	0.00	impolite
expired	VBD	194	False	0.00	impolite
smart	NN	193	False	0.21	polite
navigate	NN	192	False	0.00	polite
grocery	NN	192	False	0.00	polite
cabin	NN	191	False	0.00	somewhat polite
artwork	NN	191	False	0.00	polite
health	NN	187	False	0.00	polite
industry	NN	186	False	0.00	polite
amenity	NN	186	False	0.00	polite
sandwich	NN	186	False	0.00	neutral
face	NN	186	False	0.00	impolite
person	NN	185	False	0.00	impolite
reopen	VB	185	False	0.00	neutral
old	JJ	183	False	0.10	impolite
designated	VBN	183	False	0.00	neutral
manual	JJ	183	False	0.00	impolite
lift	NN	182	False	0.00	impolite
accommodation	NN	182	False	0.00	polite
secure	NN	182	False	0.40	polite
sushi	NN	182	False	0.00	neutral
din	NN	181	False	0.00	polite
finance	NN	181	False	0.00	impolite
though	IN	180	False	0.00	impolite
cry	NN	180	False	0.00	impolite
operating	NN	180	False	0.00	neutral
quickly	RB	180	False	0.33	somewhat polite
advanced	JJ	180	False	0.40	somewhat polite
flexible	JJ	179	False	0.00	polite
ahead	RB	179	False	0.00	impolite
individual	JJ	178	False	0.00	polite
science	NN	178	False	0.00	impolite
surcharge	NN	178	False	0.00	polite
cut	NN	177	False	0.00	impolite
name	NN	177	False	0.00	neutral
quote	NN	177	False	0.00	polite
pre	NN	177	False	0.00	neutral
tailor	NN	177	False	0.00	polite
march	NN	177	False	0.00	neutral
perhaps	RB	177	False	0.00	impolite
document	NN	176	False	0.00	neutral
automatically	RB	176	False	0.00	neutral
haven	NN	176	True	0.00	impolite
ancient	NN	176	False	0.00	neutral
accordingly	RB	175	False	0.00	neutral
exist	NN	175	False	0.00	neutral
entry	NN	174	False	0.00	somewhat polite
specifically	RB	172	False	0.00	impolite
very	RB	172	True	0.20	polite
beauty	NN	171	False	0.00	polite
group	NN	171	False	0.00	polite
priority	NN	171	False	0.00	polite
fast	NN	171	False	0.20	polite
approve	VB	171	False	0.00	neutral
traffic	NN	171	False	0.00	impolite
family	NN	170	False	0.00	polite
color	NN	170	False	0.00	impolite
short	JJ	169	False	0.00	polite
lot	NN	169	False	0.00	impolite
emergency	NN	168	False	0.00	neutral
possibly	RB	168	False	0.00	impolite
intricacy	NN	168	False	0.00	impolite
consultation	NN	168	False	0.00	polite
excel	NN	168	False	0.00	polite
kind	NN	167	False	0.60	impolite
office	NN	167	False	0.00	neutral
fix	NN	167	False	0.00	impolite
app	NN	167	False	0.00	neutral
security	NN	167	False	0.00	neutral
comfortable	JJ	165	False	0.40	polite
slot	NN	165	False	0.00	neutral
author	NN	165	False	0.00	polite
rent	NN	164	False	0.00	impolite
skills	NNS	164	False	0.00	polite
code	NN	163	False	0.00	polite
deduct	NN	163	False	0.00	neutral
specify	NN	163	False	0.00	neutral
save	VB	163	False	0.00	polite
unforgettable	JJ	163	False	0.80	polite
method	NN	163	False	0.00	neutral
slight	NN	162	False	-0.17	polite
yet	RB	160	False	0.00	neutral
st	NN	159	False	0.00	neutral
adult	NN	159	False	0.10	neutral
fare	NN	159	False	0.00	neutral
bake	NN	159	False	0.00	neutral
tag	NN	159	False	0.00	impolite
star	NN	159	False	0.00	impolite
hasn	NN	159	True	0.00	somewhat polite
where	WRB	158	True	0.00	polite
integrate	NN	158	False	0.00	polite
civilization	NN	158	False	0.00	neutral
leadership	NN	158	False	0.00	polite
accurate	NN	158	False	0.40	somewhat polite
calculate	NN	157	False	0.00	polite
entrance	NN	157	False	0.00	neutral
point	NN	157	False	0.00	impolite
bar	NN	157	False	0.00	polite
fact	NN	157	False	0.00	impolite
despite	IN	157	False	0.00	impolite
modern	JJ	157	False	0.20	impolite
particular	JJ	157	False	0.17	polite
essential	JJ	157	False	0.00	neutral
throughout	IN	156	False	0.00	polite
incur	NN	156	False	0.00	somewhat polite
presentation	NN	156	False	0.00	impolite
delayed	NNS	156	False	0.00	impolite
overpriced	VBN	156	False	0.00	impolite
module	NN	156	False	0.00	neutral
general	JJ	155	False	0.05	somewhat polite
notification	NN	155	False	0.00	neutral
concept	NN	155	False	0.00	impolite
wednesday	NN	154	False	0.00	neutral
diverse	NN	154	False	0.00	polite
verify	NN	153	False	0.00	somewhat polite
upkeep	JJ	153	False	0.00	somewhat polite
research	NN	153	False	0.00	impolite
space	NN	153	False	0.00	polite
middle	NN	152	False	0.00	impolite
spring	NN	151	False	0.00	polite
pick	NN	151	False	0.00	neutral
community	NN	151	False	0.00	polite
fitness	NN	151	False	0.00	polite
operation	NN	150	False	0.00	neutral
elsewhere	RB	150	False	0.00	impolite
experienced	JJ	149	False	0.80	polite
fundamental	JJ	148	False	0.00	neutral
personalize	NN	148	False	0.00	polite
sometimes	RB	148	False	0.00	somewhat polite
expiration	NN	148	False	0.00	impolite
penalty	NN	147	False	0.00	impolite
deliver	NN	147	False	0.00	impolite
trust	NN	147	False	0.00	polite
honestly	RB	147	False	0.60	impolite
applicable	JJ	147	False	0.00	somewhat polite
renew	NN	147	False	0.00	neutral
expense	NN	147	False	0.00	somewhat polite
player	NN	146	False	0.00	polite
beginner	NN	146	False	0.00	impolite
agenda	NN	146	False	0.00	neutral
writing	VBG	146	False	0.00	neutral
resolution	NN	145	False	0.00	polite
vacation	NN	145	False	0.00	impolite
rip	NN	145	False	0.00	impolite
tent	NN	145	False	0.00	polite
anyway	RB	144	False	0.00	impolite
somewhere	RB	144	False	0.00	impolite
exclusive	JJ	144	False	0.00	polite
scam	NN	144	False	0.00	impolite
flower	NN	143	False	0.00	polite
tax	NN	143	False	0.00	neutral
id	NN	142	False	0.00	neutral
thursday	NN	142	False	0.00	neutral
pending	VBG	141	False	0.00	neutral
five	CD	141	False	0.00	impolite
curriculum	NN	141	False	0.00	polite
resume	NN	141	False	0.00	neutral
reduce	VB	141	False	0.00	somewhat polite
frustration	NN	140	False	0.00	somewhat polite
affordable	JJ	140	False	0.00	somewhat polite
coupon	NN	139	False	0.00	impolite
assure	NN	139	False	0.00	polite
opportunity	NN	139	False	0.00	polite
diligently	RB	139	False	0.00	polite
economy	NN	138	False	0.00	polite
real	JJ	138	False	0.20	impolite
progress	NN	138	False	0.00	polite
equip	NN	138	False	0.00	polite
move	NN	137	False	0.00	impolite
strive	NN	137	False	0.00	polite
continue	NN	137	False	0.00	neutral
clarifies	NNS	137	False	0.00	somewhat polite
outside	IN	136	False	0.00	somewhat polite
whole	JJ	136	False	0.20	impolite
upset	NN	135	False	0.00	impolite
preparation	NN	135	False	0.00	neutral
bunch	NN	134	False	0.00	impolite
vehicle	NN	134	False	0.00	neutral
martial	NN	134	False	0.00	polite
engage	NN	134	False	0.00	polite
phone	NN	134	False	0.00	neutral
milk	NN	133	False	0.00	neutral
temporarily	RB	133	False	0.00	neutral
procedure	NN	133	False	0.00	neutral
pasta	NN	133	False	0.00	neutral
slow	VB	133	False	-0.30	impolite
conflict	NN	133	False	0.00	somewhat polite
gift	NN	132	False	0.00	polite
supplier	NN	132	False	0.00	neutral
someone	NN	132	False	0.00	impolite
completion	NN	132	False	0.00	neutral
bag	NN	132	False	0.00	impolite
hike	NN	132	False	0.00	polite
series	NN	131	False	0.00	polite
attach	NN	131	False	0.00	neutral
treatment	NN	131	False	0.00	impolite
message	NN	130	False	0.00	neutral
timeframe	NN	130	False	0.00	neutral
large	JJ	130	False	0.21	polite
skiing	NN	130	False	0.00	impolite
cold	NN	130	False	-0.60	impolite
coat	NN	130	False	0.00	impolite
mess	NN	130	False	-0.17	impolite
rocket	NN	129	False	0.00	impolite
strategy	NN	129	False	0.00	neutral
slightly	RB	129	False	-0.17	neutral
succeed	VB	128	False	0.00	polite
city	NN	128	False	0.00	polite
absolutely	RB	128	False	0.20	polite
truly	RB	128	False	0.00	polite
laughable	JJ	128	False	-0.50	impolite
key	NN	128	False	0.00	neutral
private	JJ	127	False	0.00	polite
dress	NN	127	False	0.00	polite
squash	NN	127	False	0.00	neutral
reading	NN	126	False	0.00	neutral
relevant	NN	126	False	0.40	somewhat polite
decline	NN	126	False	0.00	neutral
safety	NN	126	False	0.00	polite
rest	NN	126	False	0.00	polite
shelf	NN	126	False	0.00	impolite
enrol	NN	125	False	0.00	neutral
specified	VBN	125	False	0.00	neutral
flag	NN	125	False	0.00	neutral
normal	JJ	124	False	0.15	impolite
opening	NN	124	False	0.00	somewhat polite
factor	NN	123	False	0.00	neutral
outrageous	JJ	123	False	-1.00	impolite
estimated	VBN	123	False	0.00	neutral
promotional	JJ	123	False	0.00	polite
shopping	NN	122	False	0.00	polite
both	DT	122	True	0.00	polite
separate	JJ	122	False	0.00	neutral
later	RB	122	False	0.00	neutral
previous	JJ	122	False	-0.17	polite
hit	NN	122	False	0.00	impolite
sea	NN	122	False	0.00	neutral
minimize	VB	121	False	0.00	somewhat polite
extend	NN	121	False	0.00	polite
valuable	JJ	121	False	0.00	polite
title	NN	121	False	0.00	somewhat polite
basketball	NN	121	False	0.00	impolite
fund	NN	121	False	0.00	neutral
listen	NN	121	False	0.00	impolite
minor	NN	121	False	-0.05	impolite
substitute	NN	120	False	0.00	neutral
mobile	NN	120	False	0.00	neutral
overdue	JJ	120	False	0.00	polite
seek	NN	120	False	0.00	somewhat polite
remain	NN	120	False	0.00	neutral
moment	NN	120	False	0.00	polite
effect	NN	119	False	0.00	polite
morning	NN	119	False	0.00	neutral
plot	NN	118	False	0.00	impolite
partial	JJ	118	False	-0.10	somewhat polite
july	NN	118	False	0.00	impolite
passenger	NN	118	False	0.00	polite
common	JJ	118	False	-0.30	impolite
excuse	NN	118	False	-0.05	impolite
repair	NN	117	False	0.00	polite
strawberry	NN	117	False	0.00	polite
clearance	NN	117	False	0.00	neutral
speak	NN	117	False	0.00	impolite
fry	NN	116	False	0.00	impolite
honor	NN	116	False	0.00	impolite
watch	NN	116	False	0.00	impolite
snow	NN	116	False	0.00	impolite
role	NN	115	False	0.00	neutral
third	JJ	115	False	0.00	impolite
strict	NN	114	False	0.00	somewhat polite
file	NN	114	False	0.00	neutral
incompetent	NN	114	False	-0.35	impolite
implement	NN	114	False	0.00	polite
protection	NN	113	False	0.00	polite
informative	JJ	113	False	0.00	polite
magically	RB	113	False	0.50	impolite
risk	NN	113	False	0.00	impolite
sort	NN	113	False	0.00	impolite
lion	NN	112	False	0.00	neutral
painting	NN	112	False	0.00	impolite
effectively	RB	112	False	0.60	polite
custom	NN	112	False	0.00	polite
beer	NN	112	False	0.00	polite
immediately	RB	112	False	0.00	impolite
living	NN	112	False	0.00	polite
inactivity	NN	112	False	0.00	impolite
promise	NN	112	False	0.00	impolite
required	VBN	112	False	0.00	neutral
wave	NN	111	False	0.00	impolite
farm	NN	111	False	0.00	neutral
remake	NN	111	False	0.00	impolite
leg	NN	111	False	0.00	impolite
cocktail	NN	111	False	0.00	polite
dolphin	NN	111	False	0.00	somewhat polite
september	NN	111	False	0.00	neutral
exceptional	JJ	111	False	0.67	polite
stall	NN	110	False	0.00	neutral
often	RB	110	False	0.00	somewhat polite
air	NN	110	False	0.00	impolite
shirt	NN	110	False	0.00	impolite
recently	RB	109	False	0.00	polite
loss	NN	109	False	0.00	impolite
expertise	NN	109	False	0.00	polite
table	NN	109	False	0.00	polite
picky	NN	109	False	0.00	impolite
busy	JJ	109	False	0.10	impolite
correctly	RB	108	False	0.00	impolite
minimum	NN	108	False	0.00	neutral
proof	NN	108	False	0.00	impolite
soup	NN	108	False	0.00	neutral
routine	NN	107	False	0.00	polite
veggie	NN	107	False	0.00	polite
guy	NN	107	False	0.00	impolite
electronics	NNS	107	False	0.00	polite
tonight	NN	107	False	0.00	polite
between	IN	106	True	0.00	neutral
unless	IN	106	False	0.00	somewhat polite
definitely	RB	106	False	0.00	somewhat polite
pace	NN	106	False	0.00	polite
improvement	NN	105	False	0.00	somewhat polite
inquire	NN	105	False	0.00	neutral
arm	NN	105	False	0.00	impolite
decor	NN	105	False	0.00	polite
saving	VBG	105	False	0.00	neutral
fight	NN	104	False	0.00	impolite
link	NN	104	False	0.00	neutral
catch	NN	104	False	0.00	impolite
workflow	NN	104	False	0.00	polite
fantastic	JJ	104	False	0.40	polite
festival	NN	104	False	0.00	polite
mark	NN	103	False	0.00	impolite
optimize	VB	103	False	0.00	polite
safe	JJ	103	False	0.50	polite
agree	NN	103	False	0.00	impolite
coaching	VBG	103	False	0.00	somewhat polite
hi	NN	103	False	0.00	polite
excellent	NN	103	False	1.00	polite
boot	NN	103	False	0.00	neutral
forecast	NN	102	False	0.00	impolite
showcase	NN	102	False	0.00	polite
extended	VBN	102	False	0.00	neutral
participate	VB	102	False	0.00	neutral
closure	NN	101	False	0.00	neutral
prioritize	NN	101	False	0.00	neutral
act	NN	101	False	0.00	impolite
complicate	NN	101	False	0.00	impolite
side	NN	101	False	0.00	polite
certificate	NN	101	False	0.00	neutral
live	JJ	100	False	0.14	polite
single	JJ	100	False	-0.07	impolite
user	NN	100	False	0.00	neutral
mention	NN	100	False	0.00	somewhat polite
deposit	NN	100	False	0.00	neutral
goodwill	NN	99	False	0.00	polite
accessory	NN	99	False	0.00	polite
reminder	NN	99	False	0.00	neutral
gesture	NN	98	False	0.00	polite
snowboard	NN	98	False	0.00	neutral
trial	NN	98	False	0.00	polite
vegetable	NN	98	False	0.00	polite
many	JJ	98	False	0.50	neutral
bird	NN	98	False	0.00	polite
spend	NN	98	False	0.00	impolite
freshness	NN	97	False	0.00	neutral
jacket	NN	97	False	0.00	impolite
terrible	JJ	97	False	-1.00	impolite
adventure	NN	97	False	0.00	polite
chance	NN	97	False	0.00	somewhat polite
tuesday	NN	97	False	0.00	neutral
incompetence	NN	97	False	0.00	impolite
grow	NN	97	False	0.00	polite
refresh	NN	97	False	0.00	neutral
suite	NN	97	False	0.00	polite
surf	NN	97	False	0.00	impolite
doctor	NN	97	False	0.00	somewhat polite
income	NN	96	False	0.00	neutral
post	NN	96	False	0.00	impolite
outfit	NN	96	False	0.00	polite
checkout	NN	96	False	0.00	polite
counter	NN	96	False	0.00	neutral
entitle	NN	96	False	0.00	impolite
teach	NN	96	False	0.00	impolite
begin	NN	96	False	0.00	neutral
misunderstand	NN	96	False	0.00	polite
gps	NN	95	False	0.00	somewhat polite
action	NN	95	False	0.10	polite
manager	NN	95	False	0.00	impolite
amazing	VBG	95	False	0.60	polite
expensive	JJ	95	False	-0.50	impolite
insight	NN	95	False	0.00	polite
sailing	VBG	95	False	0.00	neutral
chicken	NN	94	False	-0.60	neutral
sauce	NN	94	False	0.00	impolite
unusual	JJ	94	False	0.20	neutral
ongoing	VBG	94	False	0.00	polite
june	NN	94	False	0.00	polite
away	RB	94	False	0.00	polite
involve	NN	94	False	0.00	somewhat polite
convenience	NN	92	False	0.00	polite
digital	NN	92	False	0.00	polite
impact	NN	92	False	0.00	neutral
freshly	RB	92	False	0.30	polite
conservation	NN	92	False	0.00	neutral
inclement	NN	92	False	0.00	neutral
organize	VB	92	False	0.00	neutral
seamless	NN	92	False	0.10	polite
grasp	NN	92	False	0.00	impolite
taco	NN	91	False	0.00	neutral
advice	NN	91	False	0.00	polite
referee	NN	90	False	0.00	impolite
pool	NN	90	False	0.00	neutral
participant	NN	90	False	0.00	polite
catalog	NN	90	False	0.00	polite
authentic	JJ	90	False	0.50	polite
introduce	NN	90	False	0.00	polite
growth	NN	90	False	0.00	polite
hassle	NN	90	False	0.00	impolite
decide	NN	89	False	0.00	impolite
administrative	JJ	89	False	0.00	somewhat polite
magic	NN	89	False	0.50	impolite
debt	NN	89	False	0.00	impolite
wear	NN	89	False	0.00	impolite
appliance	NN	89	False	0.00	polite
soccer	NN	89	False	0.00	polite
pleasure	NN	88	False	0.00	polite
investment	NN	88	False	0.00	polite
penguin	NN	88	False	0.00	neutral
tart	NN	88	False	0.00	polite
chocolate	NN	87	False	0.00	polite
unlock	NN	87	False	0.00	polite
paperwork	NN	87	False	0.00	neutral
coding	VBG	87	False	0.00	impolite
handling	VBG	87	False	0.00	neutral
poor	JJ	87	False	-0.40	impolite
social	JJ	86	False	0.03	neutral
verification	NN	86	False	0.00	neutral
ramadan	NN	86	False	0.00	somewhat polite
worry	NN	86	False	0.00	polite
consideration	NN	85	False	0.00	somewhat polite
noise	NN	85	False	0.00	impolite
teamwork	NN	85	False	0.00	polite
deductible	JJ	85	False	0.00	impolite
transition	NN	85	False	0.00	polite
exact	NN	85	False	0.25	neutral
skin	NN	85	False	0.00	polite
culinary	NN	85	False	0.00	polite
overprice	NN	85	False	0.00	impolite
confidence	NN	85	False	0.00	polite
lounge	NN	85	False	0.00	polite
crew	NN	84	False	0.00	polite
speed	NN	84	False	0.00	somewhat polite
task	NN	84	False	0.00	neutral
quinoa	NN	84	False	0.00	polite
recipe	NN	84	False	0.00	impolite
sound	NN	84	False	0.40	polite
spice	NN	84	False	0.00	impolite
knock	NN	83	False	0.00	impolite
rebook	NN	83	False	0.00	neutral
weekday	NN	83	False	0.00	neutral
brief	NN	83	False	0.00	somewhat polite
whining	VBG	83	False	0.00	impolite
environment	NN	83	False	0.00	polite
mean	NN	83	False	-0.31	impolite
croissant	NN	83	False	0.00	neutral
tourist	NN	82	False	0.00	impolite
guest	NN	82	False	0.00	polite
medium	NN	82	False	0.00	neutral
satisfaction	NN	82	False	0.00	polite
extensive	JJ	82	False	0.00	polite
either	DT	82	False	0.00	impolite
login	NN	82	False	0.00	neutral
wonder	NN	82	False	0.00	impolite
billing	NN	82	False	0.00	polite
storytelling	VBG	82	False	0.00	neutral
shampoo	NN	81	False	0.00	impolite
batch	NN	81	False	0.00	neutral
attraction	NN	81	False	0.00	polite
competition	NN	81	False	0.00	impolite
write	NN	81	False	0.00	impolite
python	NN	81	False	0.00	neutral
luck	NN	81	False	0.00	impolite
bike	NN	81	False	0.00	impolite
encounter	NN	81	False	0.00	polite
road	NN	81	False	0.00	impolite
fascinating	VBG	80	False	0.70	polite
seasonally	RB	80	False	0.00	polite
below	IN	80	True	0.00	polite
wouldn	NN	80	True	0.00	impolite
grateful	NN	79	False	0.00	impolite
miscommunication	NN	79	False	0.00	impolite
thought	NN	79	False	0.00	impolite
traditional	JJ	79	False	0.00	neutral
lately	RB	78	False	-0.30	somewhat polite
useless	NN	78	False	-0.50	impolite
layover	NN	78	False	0.00	neutral
defect	NN	78	False	0.00	polite
rich	JJ	78	False	0.38	polite
insufficient	NN	78	False	0.00	neutral
inspiration	NN	78	False	0.00	polite
submit	NN	78	False	0.00	neutral
argue	NN	78	False	0.00	impolite
hospital	NN	77	False	0.00	neutral
frustrate	NN	77	False	0.00	impolite
initial	JJ	77	False	0.00	somewhat polite
unsure	NN	77	False	0.00	somewhat polite
hamlet	NN	77	False	0.00	neutral
escalate	NN	77	False	0.00	neutral
incredible	JJ	77	False	0.90	polite
settle	VB	77	False	0.00	neutral
door	NN	76	False	0.00	neutral
troubleshooting	VBG	76	False	0.00	somewhat polite
cafe	NN	76	False	0.00	polite
vendor	NN	75	False	0.00	somewhat polite
collect	NN	75	False	0.00	neutral
department	NN	75	False	0.00	neutral
align	NN	75	False	0.00	somewhat polite
upskilling	VBG	74	False	0.00	polite
clueless	NN	74	False	0.00	impolite
disaster	NN	74	False	0.00	impolite
finalize	VB	74	False	0.00	neutral
reasonable	JJ	74	False	0.20	neutral
treat	NN	74	False	0.00	polite
server	NN	74	False	0.00	neutral
artistic	JJ	74	False	0.33	polite
never	RB	74	False	0.00	impolite
fluctuation	NN	74	False	0.00	somewhat polite
spicy	NN	73	False	0.00	impolite
double	RB	73	False	0.00	somewhat polite
repayment	NN	73	False	0.00	polite
crowd	NN	73	False	0.00	neutral
automatic	JJ	73	False	0.00	neutral
waiver	NN	73	False	0.00	somewhat polite
memorable	JJ	73	False	0.50	polite
glitch	NN	73	False	0.00	neutral
language	NN	72	False	0.00	impolite
pretty	RB	72	False	0.25	impolite
mechanical	JJ	72	False	0.00	neutral
doubt	NN	72	False	0.00	impolite
disruption	NN	72	False	0.00	neutral
pair	NN	71	False	0.00	polite
restocking	VBG	71	False	0.00	somewhat polite
determine	NN	71	False	0.00	neutral
beyond	IN	71	False	0.00	somewhat polite
listening	VBG	71	False	0.00	neutral
outdoor	NN	71	False	0.00	polite
promptly	RB	71	False	0.00	polite
qualify	VB	71	False	0.00	impolite
scheduling	VBG	71	False	0.00	somewhat polite
certify	NN	71	False	0.00	neutral
loyal	NN	71	False	0.33	impolite
build	NN	70	False	0.00	polite
map	NN	70	False	0.00	polite
opt	NN	70	False	0.00	polite
region	NN	70	False	0.00	polite
missed	VBN	70	False	0.00	impolite
lego	NN	70	False	0.00	neutral
second	JJ	70	False	0.00	neutral
prepared	JJ	70	False	0.00	neutral
dedicated	VBN	70	False	0.00	polite
participation	NN	70	False	0.00	polite
evening	VBG	70	False	0.00	polite
ability	NN	70	False	0.00	polite
dining	VBG	70	False	0.00	polite
thanks	NNS	69	False	0.20	polite
fill	NN	69	False	0.00	impolite
mad	NN	69	False	-0.62	impolite
curator	NN	69	False	0.00	somewhat polite
several	JJ	69	False	0.00	neutral
modification	NN	69	False	0.00	polite
clean	NN	68	False	0.37	neutral
setup	NN	68	False	0.00	somewhat polite
consequence	NN	68	False	0.00	impolite
attendance	NN	68	False	0.00	neutral
input	NN	68	False	0.00	polite
partner	NN	68	False	0.00	polite
duration	NN	68	False	0.00	neutral
nonsense	NN	68	False	0.00	impolite
tailored	VBN	68	False	0.00	polite
practical	JJ	68	False	0.00	polite
unavailable	JJ	68	False	0.00	neutral
plenty	NN	68	False	0.00	impolite
lecture	NN	68	False	0.00	impolite
reconsider	NN	68	False	0.00	impolite
perform	NN	68	False	0.00	neutral
sail	NN	67	False	0.00	polite
browse	NN	67	False	0.00	polite
joke	NN	67	False	0.00	impolite
video	NN	67	False	0.00	impolite
rain	NN	67	False	0.00	impolite
exercise	NN	67	False	0.00	polite
flavorful	NN	67	False	0.00	polite
concert	NN	67	False	0.00	polite
near	IN	66	False	0.10	neutral
terminal	NN	66	False	0.00	neutral
postpone	NN	66	False	0.00	somewhat polite
rush	NN	66	False	0.00	impolite
major	JJ	66	False	0.06	impolite
calm	NN	66	False	0.30	impolite
rink	NN	66	False	0.00	neutral
floor	NN	66	False	0.00	neutral
cross	NN	66	False	0.00	neutral
indeed	RB	66	False	0.00	polite
timeline	NN	66	False	0.00	neutral
yours	NNS	65	True	0.00	impolite
investigate	NN	65	False	0.00	somewhat polite
seating	VBG	65	False	0.00	polite
actual	JJ	65	False	0.00	impolite
enroll	NN	65	False	0.00	polite
farmer	NN	65	False	0.00	polite
shortcake	NN	65	False	0.00	polite
huge	JJ	65	False	0.40	impolite
surge	NN	65	False	0.00	polite
drop	NN	64	False	0.00	impolite
sweet	NN	64	False	0.35	polite
simply	RB	64	False	0.00	polite
talk	NN	64	False	0.00	impolite
browser	NN	64	False	0.00	neutral
arrange	NN	64	False	0.00	polite
fighter	NN	64	False	0.00	impolite
cheesecake	NN	64	False	0.00	polite
basis	NN	64	False	0.00	neutral
trend	NN	64	False	0.00	polite
contribute	NN	64	False	0.00	somewhat polite
response	NN	64	False	0.00	impolite
combination	NN	63	False	0.00	polite
six	CD	63	False	0.00	neutral
grab	NN	63	False	0.00	impolite
snack	NN	63	False	0.00	polite
drive	NN	63	False	0.00	neutral
programming	VBG	63	False	0.00	neutral
center	NN	63	False	-0.10	neutral
form	NN	63	False	0.00	impolite
cook	NN	63	False	0.00	neutral
among	IN	63	False	0.00	polite
couldn	NN	63	True	0.00	impolite
front	NN	63	False	0.00	impolite
april	NN	62	False	0.00	neutral
contamination	NN	62	False	0.00	neutral
warm	NN	62	False	0.60	polite
compete	NN	62	False	0.00	neutral
innovative	JJ	62	False	0.50	polite
bartender	NN	62	False	0.00	polite
transparent	NN	62	False	0.00	polite
onboarding	VBG	62	False	0.00	polite
designate	NN	62	False	0.00	neutral
advisor	NN	62	False	0.00	polite
stale	NN	61	False	-0.50	impolite
compensate	NN	61	False	0.00	impolite
desk	NN	61	False	0.00	neutral
occasion	NN	61	False	0.00	polite
aspect	NN	61	False	0.00	polite
crust	NN	61	False	0.00	neutral
visualization	NN	61	False	0.00	neutral
wire	NN	61	False	0.00	neutral
mandatory	NN	61	False	0.00	neutral
approval	NN	61	False	0.00	neutral
inspire	NN	61	False	0.00	polite
related	JJ	61	False	0.00	neutral
shark	NN	60	False	0.00	polite
important	JJ	60	False	0.40	impolite
fly	NN	60	False	0.80	impolite
guideline	NN	60	False	0.00	neutral
countless	NN	60	False	0.00	impolite
unhelpful	JJ	60	False	0.00	impolite
dine	NN	60	False	0.00	polite
k	NN	60	False	0.00	neutral
mail	NN	60	False	0.00	neutral
curry	NN	60	False	0.00	neutral
overall	JJ	60	False	0.00	somewhat polite
obligate	NN	60	False	0.00	impolite
convenient	NN	60	False	0.00	polite
guess	NN	60	False	0.00	impolite
night	NN	59	False	0.00	impolite
supportive	NN	59	False	0.50	polite
meat	NN	59	False	0.00	neutral
increased	VBN	59	False	0.00	polite
playing	VBG	59	False	0.00	somewhat polite
device	NN	59	False	0.00	polite
buddy	NN	59	False	0.00	impolite
conference	NN	59	False	0.00	neutral
ruin	NN	59	False	0.00	impolite
dollar	NN	59	False	0.00	impolite
supply	NN	58	False	0.00	neutral
bud	NN	58	False	0.00	polite
lucky	JJ	58	False	0.33	impolite
calendar	NN	58	False	0.00	neutral
faulty	NN	58	False	0.00	impolite
itself	PRP	58	True	0.00	somewhat polite
study	NN	58	False	0.00	impolite
page	NN	58	False	0.00	neutral
theory	NN	58	False	0.00	neutral
curated	VBN	58	False	0.00	polite
setting	VBG	58	False	0.00	neutral
sit	NN	57	False	0.00	impolite
thoroughly	RB	57	False	0.00	polite
park	NN	57	False	0.00	impolite
notch	NN	57	False	0.00	polite
dispatch	NN	57	False	0.00	neutral
checked	NNS	57	False	0.00	impolite
audio	NN	57	False	0.00	somewhat polite
nickel	NN	56	False	0.00	impolite
informed	VBN	56	False	0.00	polite
machine	NN	56	False	0.00	neutral
mma	NN	56	False	0.00	impolite
unreasonable	JJ	56	False	0.00	impolite
quarterly	RB	56	False	0.00	polite
uncommon	JJ	56	False	0.80	neutral
capacity	NN	56	False	0.00	neutral
self	NN	56	False	0.00	impolite
permanent	NN	55	False	0.00	polite
impress	NN	55	False	0.00	polite
school	NN	55	False	0.00	impolite
approach	NN	55	False	0.00	polite
frame	NN	55	False	0.00	neutral
showtime	NN	55	False	0.00	neutral
fun	NN	55	False	0.30	polite
hot	JJ	55	False	0.25	impolite
constantly	RB	55	False	0.00	polite
extension	NN	55	False	0.00	somewhat polite
driver	NN	54	False	0.00	polite
wrap	NN	54	False	0.00	polite
remind	NN	54	False	0.00	polite
prerequisite	NN	54	False	0.00	somewhat polite
recommended	VBN	54	False	0.00	polite
version	NN	54	False	0.00	neutral
occur	NN	54	False	0.00	neutral
brochure	NN	53	False	0.00	impolite
pro	NNS	53	False	0.00	impolite
house	NN	53	False	0.00	polite
discontinue	NN	53	False	0.00	impolite
operational	JJ	53	False	0.00	neutral
challenge	NN	53	False	0.00	polite
bean	NN	53	False	0.00	neutral
throw	NN	53	False	0.00	impolite
reward	NN	53	False	0.00	polite
respond	NN	53	False	0.00	polite
vip	NN	53	False	0.00	polite
bowl	NN	53	False	0.00	polite
weekly	JJ	53	False	0.00	polite
culture	NN	53	False	0.00	polite
scene	NN	53	False	0.00	polite
upfront	NN	52	False	0.00	impolite
classic	JJ	52	False	0.17	impolite
opponent	NN	52	False	0.00	impolite
quick	NN	52	False	0.33	impolite
familiar	JJ	52	False	0.38	polite
impressed	JJ	52	False	1.00	polite
pride	NN	52	False	0.00	polite
bland	NN	51	False	-0.17	impolite
head	NN	51	False	0.00	neutral
lazy	NN	51	False	-0.25	impolite
easy	JJ	51	False	0.43	neutral
frustrating	VBG	51	False	-0.40	polite
buck	NN	51	False	0.00	impolite
category	NN	51	False	0.00	neutral
describe	NN	51	False	0.00	neutral
indoor	NN	51	False	0.00	neutral
main	JJ	51	False	0.17	neutral
fuel	NN	51	False	0.00	somewhat polite
boarding	NN	50	False	0.00	polite
boost	NN	50	False	0.00	polite
noodle	NN	50	False	0.00	neutral
birthday	NN	50	False	0.00	impolite
lead	NN	50	False	0.00	neutral
upgraded	JJ	50	False	0.00	polite
miracle	NN	50	False	0.00	impolite
constant	JJ	50	False	0.00	impolite
loaf	NN	50	False	0.00	polite
nuance	NN	50	False	0.00	impolite
dinner	NN	50	False	0.00	polite
institution	NN	50	False	0.00	impolite
placard	NN	50	False	0.00	impolite
whim	NN	50	False	0.00	impolite
concierge	NN	49	False	0.00	polite
speaker	NN	49	False	0.00	polite
basically	RB	49	False	0.00	impolite
story	NN	49	False	0.00	polite
character	NN	49	False	0.00	neutral
flexibility	NN	49	False	0.00	somewhat polite
initiate	NN	49	False	0.00	polite
manageable	JJ	49	False	0.00	somewhat polite
youtube	NN	49	False	0.00	impolite
host	NN	49	False	0.00	neutral
pointless	NN	49	False	-0.25	impolite
visual	JJ	48	False	0.00	neutral
discover	NN	48	False	0.00	polite
york	NN	48	False	0.00	neutral
clothing	NN	48	False	0.00	neutral
plane	NN	48	False	0.00	impolite
hop	NN	48	False	0.00	somewhat polite
natural	JJ	48	False	0.10	neutral
overnight	NN	48	False	0.00	impolite
assemble	JJ	48	False	0.00	neutral
dedication	NN	48	False	0.00	polite
artisanal	JJ	47	False	0.00	polite
heat	NN	47	False	0.00	impolite
turn	NN	47	False	0.00	impolite
credential	NN	47	False	0.00	neutral
smoothly	RB	46	False	0.40	polite
proficiency	NN	46	False	0.00	neutral
historical	JJ	46	False	0.00	impolite
irrelevant	NN	46	False	-0.50	impolite
creativity	NN	46	False	0.00	impolite
connection	NN	46	False	0.00	impolite
lunch	NN	46	False	0.00	polite
twice	RB	46	False	0.00	impolite
profile	NN	46	False	0.00	neutral
load	NN	46	False	0.00	neutral
success	NN	46	False	0.30	polite
opinion	NN	46	False	0.00	impolite
assessment	NN	46	False	0.00	polite
tank	NN	46	False	0.00	impolite
parking	NN	46	False	0.00	impolite
wakeboarding	VBG	46	False	0.00	impolite
regardless	RB	46	False	0.00	impolite
sourced	VBN	45	False	0.00	polite
fake	NN	45	False	-0.50	impolite
release	NN	45	False	0.00	somewhat polite
tier	NN	45	False	0.00	polite
grip	NN	45	False	0.00	impolite
certified	VBN	45	False	0.00	polite
surfing	VBG	45	False	0.00	impolite
swim	NN	45	False	0.00	impolite
slam	NN	45	False	0.00	impolite
sync	NN	45	False	0.00	neutral
accuracy	NN	45	False	0.00	impolite
purpose	NN	44	False	0.00	impolite
attendee	NN	44	False	0.00	polite
accompany	NN	44	False	0.00	polite
anytime	NN	44	False	0.00	impolite
italian	JJ	44	False	0.00	neutral
tend	NN	44	False	0.00	neutral
shawarma	NN	44	False	0.00	polite
timely	RB	44	False	0.00	neutral
highlight	NN	44	False	0.00	polite
earlier	RBR	44	False	0.00	impolite
stand	NN	44	False	0.00	impolite
boat	NN	44	False	0.00	impolite
blame	NN	44	False	0.00	impolite
mediocre	NN	44	False	-0.50	impolite
operate	NN	43	False	0.00	neutral
unexpectedly	RB	43	False	0.10	somewhat polite
received	VBN	43	False	0.00	impolite
particularly	RB	43	False	0.17	polite
fail	NN	43	False	-0.50	impolite
raincheck	NN	43	False	0.00	polite
sweater	NN	43	False	0.00	somewhat polite
straight	NN	43	False	0.20	impolite
appal	NN	43	False	0.00	impolite
incident	NN	43	False	0.00	neutral
cheese	NN	43	False	0.00	impolite
objective	NN	43	False	0.00	polite
allergy	NN	43	False	0.00	polite
persist	NN	43	False	0.00	neutral
wall	NN	43	False	0.00	impolite
december	NN	43	False	0.00	neutral
interesting	VBG	43	False	0.50	neutral
fi	NN	43	False	0.00	impolite
wand	NN	43	False	0.00	impolite
wi	NN	43	False	0.00	impolite
dramatic	JJ	42	False	-0.43	impolite
prompt	NN	42	False	0.00	polite
moisturizer	NN	42	False	0.00	polite
spending	NN	42	False	0.00	neutral
incomplete	NN	42	False	0.00	neutral
barely	RB	42	False	0.05	impolite
accessible	JJ	42	False	0.38	neutral
fluctuate	NN	42	False	0.00	polite
ours	NNS	42	True	0.00	impolite
advertise	NN	42	False	0.00	impolite
actor	NN	42	False	0.00	polite
punch	NN	42	False	0.00	impolite
party	NN	42	False	0.00	neutral
alone	RB	42	False	0.00	impolite
lower	JJR	42	False	0.00	neutral
los	NN	42	False	0.00	neutral
sculpture	NN	42	False	0.00	polite
outcome	NN	42	False	0.00	neutral
fair	NN	42	False	0.70	impolite
angeles	NNS	42	False	0.00	neutral
courtesy	NN	41	False	0.00	neutral
eventually	RB	41	False	0.00	impolite
search	NN	41	False	0.00	somewhat polite
mid	NN	41	False	0.00	polite
faq	NN	41	False	0.00	neutral
asian	JJ	41	False	0.00	neutral
approximately	RB	41	False	-0.40	neutral
feeding	VBG	41	False	0.00	neutral
discussion	NN	41	False	0.00	impolite
less	RBR	41	False	-0.17	impolite
mix	NN	41	False	0.00	polite
apparently	RB	41	False	0.05	impolite
misunderstanding	VBG	40	False	0.00	polite
paddleboard	NN	40	False	0.00	somewhat polite
tab	NN	40	False	0.00	neutral
hidden	NN	40	False	-0.17	polite
viewing	VBG	40	False	0.00	polite
adapt	NN	40	False	0.00	impolite
country	NN	40	False	0.00	neutral
click	NN	40	False	0.00	neutral
apology	NN	40	False	0.00	impolite
invoice	NN	40	False	0.00	polite
manufacturer	NN	40	False	0.00	impolite
contain	NN	40	False	0.00	neutral
port	NN	40	False	0.00	neutral
destroy	NN	40	False	-0.20	impolite
criticism	NN	40	False	0.00	impolite
baker	NN	40	False	0.00	polite
skewer	NN	40	False	0.00	neutral
january	NN	40	False	0.00	neutral
positive	JJ	40	False	0.23	polite
enclosure	NN	40	False	0.00	neutral
usage	NN	39	False	0.00	neutral
efficient	NN	39	False	0.00	neutral
october	NN	39	False	0.00	neutral
maximum	NN	39	False	0.00	neutral
scarf	NN	39	False	0.00	polite
sooner	NN	39	False	0.00	impolite
proper	NN	39	False	0.00	impolite
sense	NN	39	False	0.00	impolite
pumpkin	NN	39	False	0.00	polite
copy	NN	39	False	0.00	somewhat polite
force	NN	39	False	0.00	impolite
enter	NN	38	False	0.00	polite
coddle	NN	38	False	0.00	impolite
disappointment	NN	38	False	-0.60	impolite
tradition	NN	38	False	0.00	polite
racquet	NN	38	False	0.00	polite
bbq	NN	38	False	0.00	polite
capable	JJ	38	False	0.20	impolite
transferable	JJ	38	False	0.00	neutral
spill	NN	38	False	0.00	impolite
bloom	NN	38	False	0.00	polite
venue	NN	38	False	0.00	neutral
announce	NN	38	False	0.00	polite
complaining	VBG	38	False	0.00	impolite
employee	NN	38	False	0.00	impolite
restart	NN	38	False	0.00	neutral
budgeting	NN	38	False	0.00	somewhat polite
compatibility	NN	38	False	0.00	somewhat polite
calculation	NN	38	False	0.00	somewhat polite
redeem	NN	38	False	0.00	polite
satisfied	JJ	38	False	0.50	impolite
dude	NN	38	False	0.00	impolite
quit	NN	38	False	0.00	impolite
incredibly	RB	37	False	0.90	polite
essentially	RB	37	False	0.00	impolite
cart	NN	37	False	0.00	impolite
atmosphere	RB	37	False	0.00	polite
light	NN	37	False	0.40	polite
masterpiece	NN	37	False	0.00	impolite
commitment	NN	37	False	0.00	polite
berry	NN	37	False	0.00	polite
babysit	NN	37	False	0.00	impolite
backorder	NN	37	False	0.00	neutral
slice	NN	37	False	0.00	impolite
vibrant	NN	37	False	0.17	polite
poison	NN	37	False	0.00	impolite
death	NN	37	False	0.00	impolite
pie	NN	37	False	0.00	polite
productivity	NN	37	False	0.00	polite
regulation	NN	37	False	0.00	neutral
transportation	NN	37	False	0.00	polite
theme	NN	37	False	0.00	impolite
audience	NN	37	False	0.00	impolite
warehouse	NN	37	False	0.00	polite
roll	NN	37	False	0.00	neutral
warn	NN	36	False	0.00	impolite
steep	NN	36	False	0.00	somewhat polite
connect	NN	36	False	0.00	neutral
severe	JJ	36	False	0.00	somewhat polite
stuff	NN	36	False	0.00	impolite
brainstorm	NN	36	False	0.00	neutral
thousand	NN	36	False	0.00	impolite
pathetic	JJ	36	False	-1.00	impolite
kayaking	VBG	36	False	0.00	neutral
rat	NN	36	False	0.00	polite
picture	NN	36	False	0.00	impolite
nicely	RB	36	False	0.60	impolite
semester	NN	36	False	0.00	neutral
falafel	NN	36	False	0.00	polite
famous	JJ	36	False	0.50	polite
perishable	JJ	36	False	0.00	somewhat polite
reimburse	NN	36	False	0.00	impolite
composition	NN	36	False	0.00	neutral
refill	NN	36	False	0.00	impolite
storm	NN	35	False	0.00	somewhat polite
black	JJ	35	False	-0.17	impolite
eye	NN	35	False	0.00	polite
rare	NN	35	False	0.30	impolite
master	NN	35	False	0.00	polite
tirelessly	RB	35	False	0.00	polite
nerf	NN	35	False	0.00	neutral
cycle	NN	35	False	0.00	polite
requested	VBN	35	False	0.00	neutral
format	NN	35	False	0.00	neutral
electronic	JJ	35	False	0.00	polite
portion	NN	35	False	0.00	somewhat polite
planning	NN	35	False	0.00	impolite
storage	NN	35	False	0.00	somewhat polite
attitude	NN	35	False	0.00	impolite
mountain	NN	35	False	0.00	polite
mexican	JJ	35	False	0.00	neutral
dim	NN	35	False	0.10	impolite
beforehand	NN	35	False	0.00	impolite
client	NN	34	False	0.00	polite
generic	NN	34	False	0.00	impolite
uninterested	JJ	34	False	0.00	impolite
engaging	VBG	34	False	0.40	polite
lush	NN	34	False	0.10	polite
reply	NN	34	False	0.00	neutral
meaning	NN	34	False	0.00	impolite
spots	NNS	34	False	0.00	neutral
threshold	NN	34	False	0.00	somewhat polite
direct	JJ	34	False	0.10	neutral
chosen	NN	34	False	0.00	polite
station	NN	34	False	0.00	neutral
clothes	NNS	34	False	0.00	impolite
closed	VBD	34	False	-0.10	impolite
functioning	VBG	34	False	0.00	somewhat polite
million	CD	34	False	0.00	impolite
provider	NN	34	False	0.00	neutral
anymore	RB	34	False	0.00	impolite
vast	NN	34	False	0.00	polite
contemporary	JJ	34	False	0.17	polite
valued	VBN	34	False	0.00	polite
assignment	NN	34	False	0.00	somewhat polite
switch	NN	34	False	0.00	impolite
customized	VBN	34	False	0.00	polite
friend	NN	33	False	0.00	impolite
unnecessary	JJ	33	False	-0.40	impolite
staffed	NN	33	False	0.00	impolite
provided	VBN	33	False	0.00	neutral
modify	NN	33	False	0.00	neutral
overcharge	NN	33	False	0.00	impolite
marketing	NN	33	False	0.00	impolite
instance	NN	33	False	0.00	polite
town	NN	33	False	0.00	impolite
import	NN	33	False	0.00	impolite
prevent	NN	33	False	0.00	polite
entitled	VBN	33	False	0.00	impolite
reactivate	NN	33	False	0.00	neutral
assess	NN	33	False	0.00	polite
syllabus	NN	33	False	0.00	impolite
stress	NN	33	False	0.00	polite
stunning	VBG	33	False	0.50	polite
patient	NN	33	False	0.00	polite
february	JJ	33	False	0.00	neutral
manufacturing	NN	33	False	0.00	polite
chain	NN	33	False	0.00	somewhat polite
function	NN	33	False	0.00	neutral
refreshing	VBG	33	False	0.50	polite
pepperoni	NN	33	False	0.00	neutral
carry	NN	33	False	0.00	impolite
holder	NN	32	False	0.00	polite
hair	NN	32	False	0.00	impolite
remove	VB	32	False	0.00	polite
building	NN	32	False	0.00	polite
fragrance	NN	32	False	0.00	somewhat polite
layout	NN	32	False	0.00	impolite
sore	NN	32	False	0.00	impolite
comfort	NN	32	False	0.00	polite
shoe	NN	32	False	0.00	neutral
cup	NN	32	False	0.00	impolite
onboard	NN	32	False	0.00	polite
japanese	JJ	32	False	0.00	neutral
reject	NN	32	False	0.00	impolite
scuba	NN	32	False	0.00	somewhat polite
encourage	NN	32	False	0.00	polite
corporate	JJ	32	False	0.00	polite
flora	NNS	32	False	0.00	polite
rectify	VB	31	False	0.00	somewhat polite
ride	NN	31	False	0.00	impolite
artifact	NN	31	False	0.00	neutral
talented	VBN	31	False	0.70	polite
mushroom	NN	31	False	0.00	neutral
taxonomy	NN	31	False	0.00	impolite
luxurious	JJ	31	False	0.00	polite
smartwatch	NN	31	False	0.00	polite
surfboard	NN	31	False	0.00	impolite
attempt	NN	31	False	0.00	neutral
golf	NN	31	False	0.00	impolite
impressive	JJ	31	False	1.00	polite
annually	RB	31	False	0.00	polite
beat	NN	31	False	0.00	impolite
combine	NN	31	False	0.00	polite
breathe	NN	31	False	0.00	impolite
dry	NN	31	False	-0.07	impolite
stir	NN	31	False	0.00	neutral
serene	NN	30	False	0.00	polite
summary	NN	30	False	0.00	neutral
unclear	JJ	30	False	0.00	somewhat polite
advertised	JJ	30	False	0.00	neutral
injury	NN	30	False	0.00	impolite
establishment	NN	30	False	0.00	impolite
ideal	NN	30	False	0.90	impolite
following	VBG	30	False	0.00	neutral
rise	NN	30	False	0.00	polite
inactive	JJ	30	False	0.00	neutral
music	NN	30	False	0.00	polite
statistical	JJ	30	False	0.00	neutral
complex	JJ	30	False	-0.30	impolite
liking	VBG	30	False	0.00	somewhat polite
stain	NN	30	False	0.00	impolite
refinance	NN	30	False	0.00	neutral
sugarcoat	NN	30	False	0.00	impolite
difficult	JJ	30	False	-0.50	impolite
anyone	NN	30	False	0.00	impolite
skate	NN	30	False	0.00	neutral
playoff	NN	29	False	0.00	impolite
thai	NN	29	False	0.00	neutral
sophisticated	JJ	29	False	0.50	impolite
lake	NN	29	False	0.00	impolite
exam	NN	29	False	0.00	impolite
selling	VBG	29	False	0.00	polite
reputable	JJ	29	False	0.50	impolite
background	NN	29	False	0.00	impolite
careful	NN	29	False	-0.10	impolite
roast	NN	29	False	0.00	neutral
donation	NN	29	False	0.00	neutral
orchid	NN	29	False	0.00	polite
appeal	NN	29	False	0.00	neutral
ring	NN	29	False	0.00	impolite
hey	NN	29	False	0.00	somewhat polite
revise	NN	29	False	0.00	neutral
portobello	NN	29	False	0.00	neutral
revised	VBN	29	False	0.00	polite
sql	NN	29	False	0.00	impolite
accomplish	NN	29	False	0.00	somewhat polite
protect	NN	29	False	0.00	neutral
relationship	NN	29	False	0.00	polite
communicate	NN	29	False	0.00	impolite
network	NN	29	False	0.00	polite
ocean	NN	29	False	0.00	impolite
lost	VBN	29	False	0.00	impolite
upskill	NN	29	False	0.00	polite
measure	NN	29	False	0.00	neutral
borrow	NN	29	False	0.00	polite
finish	NN	28	False	0.00	impolite
biology	NN	28	False	0.00	impolite
cash	NN	28	False	0.00	impolite
array	NN	28	False	0.00	neutral
petty	NN	28	False	0.00	impolite
classification	NN	28	False	0.00	impolite
weren	NNS	28	True	0.00	impolite
saw	NN	28	False	0.00	impolite
fish	NN	28	False	0.00	impolite
occasionally	RB	28	False	0.00	somewhat polite
obvious	JJ	28	False	0.00	impolite
kill	NN	28	False	0.00	impolite
recur	NN	28	False	0.00	polite
decadent	NN	28	False	0.00	polite
concise	NN	28	False	0.10	neutral
newsletter	NN	28	False	0.00	neutral
reopening	VBG	28	False	0.00	neutral
expedited	VBN	28	False	0.00	impolite
direction	NN	28	False	0.00	polite
cache	NN	28	False	0.00	somewhat polite
criterion	NN	28	False	0.00	somewhat polite
google	NN	27	False	0.00	impolite
nature	NN	27	False	0.00	polite
disappointing	VBG	27	False	-0.60	impolite
half	NN	27	False	-0.17	impolite
invaluable	JJ	27	False	0.00	polite
regularly	RB	27	False	0.00	somewhat polite
whether	IN	27	False	0.00	polite
branch	NN	27	False	0.00	neutral
amateur	NN	27	False	-0.25	impolite
temperature	NN	27	False	0.00	neutral
enthusiast	NN	27	False	0.00	polite
constructive	NN	27	False	0.00	impolite
unopened	JJ	27	False	0.00	somewhat polite
typical	JJ	27	False	-0.17	neutral
easily	RB	27	False	0.43	polite
tea	NN	27	False	0.00	polite
site	NN	27	False	0.00	neutral
prioritization	NN	27	False	0.00	neutral
refresher	NN	27	False	0.00	impolite
customize	NN	27	False	0.00	polite
nice	JJ	27	False	0.60	impolite
swing	VBG	27	False	0.00	impolite
dive	NN	27	False	0.00	somewhat polite
shortage	NN	27	False	0.00	somewhat polite
others	NNS	27	False	0.00	impolite
primarily	RB	27	False	0.40	polite
christmas	NN	27	False	0.00	impolite
joint	NN	27	False	0.00	impolite
diet	NN	27	False	0.00	impolite
apart	RB	27	False	0.00	impolite
worker	NN	27	False	0.00	impolite
gain	NN	26	False	0.00	polite
chair	NN	26	False	0.00	impolite
worn	NN	26	False	0.00	impolite
sourdough	NN	26	False	0.00	neutral
lettuce	NN	26	False	0.00	impolite
seafood	NN	26	False	0.00	polite
hefty	NN	26	False	0.00	impolite
productive	JJ	26	False	0.00	polite
gourmet	NN	26	False	0.00	impolite
efficiently	RB	26	False	0.00	polite
landmark	NN	26	False	0.00	polite
raise	NN	26	False	0.00	impolite
additionally	RB	26	False	0.00	polite
consolidate	NN	26	False	0.00	somewhat polite
fancy	NN	26	False	0.00	impolite
myself	PRP	26	True	0.00	impolite
apparel	NN	26	False	0.00	somewhat polite
organization	NN	26	False	0.00	impolite
download	NN	26	False	0.00	neutral
relax	NN	26	False	0.00	polite
american	JJ	26	False	0.00	neutral
tolerate	NN	26	False	0.00	impolite
sample	NN	26	False	0.00	polite
rebooked	VBN	26	False	0.00	somewhat polite
ball	NN	26	False	0.00	impolite
yesterday	NN	26	False	0.00	impolite
invalid	JJ	26	False	0.00	impolite
truck	NN	26	False	0.00	impolite
potentially	RB	26	False	0.00	somewhat polite
gem	NN	26	False	0.00	polite
stupid	JJ	25	False	-0.80	impolite
laptop	NN	25	False	0.00	neutral
korean	NN	25	False	0.00	neutral
stagger	NN	25	False	0.00	impolite
earn	NN	25	False	0.00	polite
combo	NN	25	False	0.00	polite
complexity	NN	25	False	0.00	polite
perk	NN	25	False	0.00	polite
sufficient	NN	25	False	0.00	neutral
significant	JJ	25	False	0.38	polite
agile	NN	25	False	0.50	impolite
professionally	RB	25	False	0.10	polite
lovely	RB	25	False	0.50	polite
frequent	NN	25	False	0.10	polite
bore	NN	25	False	0.00	impolite
autumn	NN	25	False	0.00	neutral
pleasant	NN	25	False	0.73	polite
reasoning	VBG	25	False	0.00	somewhat polite
cleanliness	NN	25	False	0.00	impolite
championship	NN	25	False	0.00	impolite
par	NN	25	False	0.00	impolite
textbook	NN	25	False	0.00	impolite
invest	NN	25	False	0.00	impolite
commission	NN	25	False	0.00	somewhat polite
poorly	RB	25	False	-0.40	impolite
fruitcake	NN	25	False	0.00	polite
dime	NN	25	False	0.00	impolite
applies	NNS	25	False	0.00	neutral
example	NN	25	False	0.00	neutral
closely	RB	25	False	0.00	polite
breakfast	NN	25	False	0.00	polite
perfectly	RB	24	False	1.00	impolite
fell	VBD	24	False	0.00	impolite
underwriting	NN	24	False	0.00	neutral
indian	JJ	24	False	0.00	neutral
young	JJ	24	False	0.10	polite
paris	NN	24	False	0.00	polite
dock	NN	24	False	0.00	neutral
identification	NN	24	False	0.00	neutral
tiny	JJ	24	False	0.00	impolite
slide	NN	24	False	0.00	impolite
enrich	NN	24	False	0.00	polite
seamlessly	RB	24	False	0.10	polite
seven	CD	24	False	0.00	neutral
pack	NN	24	False	0.00	impolite
outdoors	NNS	24	False	0.00	polite
beef	NN	24	False	0.00	neutral
behavior	NN	24	False	0.00	impolite
cast	NN	24	False	0.00	polite
vanilla	NN	24	False	0.00	polite
snowstorm	NN	24	False	0.00	polite
grant	NN	24	False	0.00	neutral
adequate	NN	24	False	0.33	neutral
expression	NN	24	False	0.00	neutral
roster	NN	24	False	0.00	neutral
snowboarding	VBG	24	False	0.00	neutral
rob	NN	24	False	0.00	impolite
delightful	NN	24	False	1.00	polite
decade	NN	24	False	0.00	impolite
plastic	NN	24	False	0.00	impolite
blind	NN	24	False	-0.50	impolite
beverage	NN	24	False	0.00	polite
brew	NN	24	False	0.00	polite
possibility	NN	24	False	0.00	somewhat polite
straightforward	NN	24	False	0.38	neutral
needs	NNS	23	False	0.00	polite
misread	NN	23	False	0.00	impolite
optional	JJ	23	False	0.00	impolite
paint	NN	23	False	0.00	impolite
misplace	NN	23	False	0.00	somewhat polite
higher	JJR	23	False	0.25	neutral
burrito	NN	23	False	0.00	impolite
useful	JJ	23	False	0.30	neutral
bunny	NN	23	False	0.00	impolite
offset	NN	23	False	0.00	somewhat polite
highway	NN	23	False	0.00	impolite
colleague	NN	23	False	0.00	polite
aboard	NN	23	False	0.00	polite
incorrect	NN	23	False	0.00	somewhat polite
disgust	NN	23	False	0.00	impolite
weight	NN	23	False	0.00	neutral
incorrectly	RB	23	False	0.00	polite
sensitive	JJ	23	False	0.10	impolite
stage	NN	23	False	0.00	impolite
overcook	NN	23	False	0.00	impolite
kick	NN	23	False	0.00	impolite
photography	NN	23	False	0.00	polite
desired	VBN	23	False	0.00	somewhat polite
penalize	NN	23	False	0.00	impolite
automated	VBN	23	False	0.00	neutral
position	NN	23	False	0.00	impolite
zero	NN	23	False	0.00	somewhat polite
rough	NN	23	False	-0.10	impolite
reevaluate	NN	23	False	0.00	impolite
initiative	NN	23	False	0.00	polite
overview	NN	23	False	0.00	neutral
serious	JJ	23	False	-0.33	impolite
fabric	NN	23	False	0.00	neutral
exciting	VBG	23	False	0.30	polite
thinking	VBG	23	False	0.00	neutral
athlete	NN	22	False	0.00	polite
principle	NN	22	False	0.00	neutral
unused	JJ	22	False	0.00	somewhat polite
unprofessional	JJ	22	False	0.00	impolite
refrigerator	NN	22	False	0.00	polite
hide	NN	22	False	0.00	impolite
patty	NN	22	False	0.00	impolite
identity	NN	22	False	0.00	neutral
legitimate	NN	22	False	0.00	impolite
hockey	NN	22	False	0.00	polite
strong	JJ	22	False	0.43	polite
pricey	NN	22	False	0.00	somewhat polite
manner	NN	22	False	0.00	impolite
scratch	NN	22	False	0.00	impolite
competent	NN	22	False	0.50	impolite
heatwave	NN	22	False	0.00	somewhat polite
mileage	NN	22	False	0.00	polite
lineup	NN	22	False	0.00	polite
fuss	NN	22	False	0.00	impolite
hostel	NN	22	False	0.00	impolite
perfection	NN	22	False	0.00	neutral
significantly	RB	22	False	0.38	neutral
transport	NN	22	False	0.00	polite
mood	NN	22	False	0.00	somewhat polite
workaround	NN	22	False	0.00	neutral
paddle	NN	22	False	0.00	impolite
reset	NN	22	False	0.00	somewhat polite
unprepared	JJ	22	False	0.00	impolite
breath	NN	22	False	0.00	impolite
apr	NN	22	False	0.00	neutral
submission	NN	22	False	0.00	somewhat polite
freeze	NN	22	False	0.00	impolite
debit	NN	21	False	0.00	neutral
creditworthiness	NN	21	False	0.00	neutral
chart	NN	21	False	0.00	impolite
recreational	JJ	21	False	0.00	polite
healthy	JJ	21	False	0.50	impolite
perspective	NN	21	False	0.00	polite
malfunction	NN	21	False	0.00	impolite
unlimited	JJ	21	False	0.00	polite
sizing	VBG	21	False	0.00	polite
string	NN	21	False	0.00	polite
captivate	NN	21	False	0.00	polite
hire	NN	21	False	0.00	impolite
immersive	JJ	21	False	0.00	polite
exotic	JJ	21	False	0.50	impolite
japan	NN	21	False	0.00	polite
breathtaking	NN	21	False	1.00	polite
parent	NN	21	False	0.00	impolite
photo	NN	21	False	0.00	impolite
fortune	NN	21	False	0.00	impolite
modeling	VBG	21	False	0.00	neutral
patron	NN	21	False	0.00	polite
solve	NN	21	False	0.00	neutral
password	NN	21	False	0.00	neutral
fixed	VBN	21	False	0.10	neutral
marathon	NN	21	False	0.00	impolite
reinstate	NN	21	False	0.00	neutral
greenery	NN	21	False	0.00	polite
shape	NN	21	False	0.00	impolite
supervisor	NN	21	False	0.00	impolite
adobe	NN	21	False	0.00	polite
portfolio	NN	21	False	0.00	impolite
grilled	VBN	21	False	0.00	polite
conversation	NN	20	False	0.00	impolite
collaboration	NN	20	False	0.00	neutral
regatta	NN	20	False	0.00	impolite
sir	NN	20	False	0.00	neutral
identify	VB	20	False	0.00	neutral
reimbursement	NN	20	False	0.00	neutral
spread	NN	20	False	0.00	polite
traveler	NN	20	False	0.00	polite
seminar	NN	20	False	0.00	impolite
owe	NN	20	False	0.00	impolite
nobody	NN	20	False	0.00	impolite
above	IN	20	True	0.00	neutral
skier	NN	20	False	0.00	impolite
screen	NN	20	False	0.00	impolite
promo	NN	20	False	0.00	polite
wasted	VBN	20	False	-0.20	impolite
wipe	NN	20	False	0.00	impolite
eligibility	NN	20	False	0.00	somewhat polite
amaze	NN	20	False	0.00	polite
launch	NN	20	False	0.00	somewhat polite
across	IN	20	False	0.00	polite
database	NN	20	False	0.00	neutral
backlog	NN	20	False	0.00	neutral
against	IN	20	True	0.00	impolite
unresponsive	JJ	20	False	0.00	impolite
closing	NN	20	False	0.00	neutral
generally	RB	20	False	0.05	somewhat polite
profit	NN	20	False	0.00	impolite
vision	NN	20	False	0.00	impolite
lock	NN	20	False	0.00	neutral
unoriginal	JJ	20	False	-0.20	impolite
worst	JJS	20	False	-1.00	impolite
anywhere	RB	20	False	0.00	impolite
vague	NN	19	False	-0.50	impolite
prorated	VBN	19	False	0.00	somewhat polite
revert	NN	19	False	0.00	polite
awful	NN	19	False	-1.00	impolite
pairing	VBG	19	False	0.00	polite
bothering	VBG	19	False	0.00	impolite
afternoon	NN	19	False	0.00	neutral
specialized	JJ	19	False	0.00	somewhat polite
dog	NN	19	False	0.00	impolite
immediate	NN	19	False	0.00	neutral
smoothie	NN	19	False	0.00	polite
smoother	NN	19	False	0.00	polite
attached	VBN	19	False	0.00	neutral
ten	NNS	19	False	0.00	neutral
compatible	JJ	19	False	0.00	neutral
variation	NN	19	False	0.00	neutral
depth	NN	19	False	0.00	polite
muay	NN	19	False	0.00	neutral
supposedly	RB	19	False	0.00	impolite
rescheduling	VBG	19	False	0.00	somewhat polite
sustainable	JJ	19	False	0.00	polite
installation	NN	19	False	0.00	neutral
heart	NN	19	False	0.00	impolite
whenever	NN	19	False	0.00	polite
loser	NN	19	False	0.00	impolite
lifeguard	NN	19	False	0.00	neutral
greenhouse	NN	19	False	0.00	polite
creature	NN	19	False	0.00	polite
realize	VB	19	False	0.00	impolite
stadium	NN	19	False	0.00	neutral
excursion	NN	19	False	0.00	impolite
failure	NN	19	False	-0.32	impolite
foreign	JJ	19	False	-0.12	polite
solid	JJ	19	False	0.00	impolite
coursework	NN	19	False	0.00	impolite
repeat	NN	19	False	0.00	impolite
tear	NN	19	False	0.00	polite
tropical	JJ	19	False	0.00	polite
refreshment	NN	19	False	0.00	polite
apple	NN	19	False	0.00	neutral
appetizer	NN	19	False	0.00	polite
workplace	NN	18	False	0.00	polite
timing	NN	18	False	0.00	neutral
gun	NN	18	False	0.00	neutral
celebrate	NN	18	False	0.00	polite
embarrass	NN	18	False	0.00	impolite
rather	RB	18	False	0.00	impolite
resubmit	NN	18	False	0.00	neutral
yogurt	NN	18	False	0.00	impolite
fitting	NN	18	False	0.50	polite
craving	VBG	18	False	0.00	polite
transit	NN	18	False	0.00	neutral
ego	NN	18	False	0.00	impolite
manually	RB	18	False	0.00	neutral
brick	NN	18	False	0.00	neutral
wine	NN	18	False	0.00	polite
fascinate	NN	18	False	0.00	polite
latin	NN	18	False	0.00	neutral
reptile	NN	18	False	0.00	neutral
hearty	NN	18	False	0.00	polite
serial	JJ	18	False	0.00	somewhat polite
trigger	NN	18	False	0.00	somewhat polite
bundle	NN	18	False	0.00	somewhat polite
takeout	NN	18	False	0.00	neutral
botany	NN	18	False	0.00	impolite
dashboard	NN	18	False	0.00	neutral
ups	NNS	18	False	0.00	somewhat polite
paper	NN	18	False	0.00	impolite
formula	NN	18	False	0.00	impolite
sugar	NN	18	False	0.00	impolite
quiet	JJ	18	False	0.00	impolite
acquire	VB	18	False	0.00	neutral
express	NN	18	False	0.00	neutral
plate	NN	18	False	0.00	polite
random	NN	18	False	-0.50	impolite
withdrawal	NN	18	False	0.00	neutral
q	NN	18	False	0.00	neutral
expected	VBN	18	False	-0.10	neutral
bottle	NN	17	False	0.00	impolite
battery	NN	17	False	0.00	somewhat polite
inconvenient	NN	17	False	-0.60	impolite
convey	NN	17	False	0.00	polite
frivolous	JJ	17	False	0.00	impolite
designer	NN	17	False	0.00	impolite
unpaid	JJ	17	False	0.20	neutral
fan	NN	17	False	0.00	polite
comp	NN	17	False	0.00	impolite
assign	NN	17	False	0.00	neutral
comment	NN	17	False	0.00	polite
downgrade	NN	17	False	0.00	neutral
closer	NN	17	False	0.00	neutral
overdrawn	NN	17	False	0.00	impolite
reduced	VBN	17	False	0.00	neutral
dairy	NN	17	False	0.00	neutral
safely	RB	17	False	0.50	impolite
hill	NN	17	False	0.00	impolite
pilot	NN	17	False	0.00	impolite
remainder	NN	17	False	0.00	somewhat polite
arise	NN	17	False	0.00	neutral
habitat	NN	17	False	0.00	polite
habit	NN	17	False	0.00	impolite
representative	NN	17	False	0.00	neutral
loud	NN	17	False	0.10	impolite
importance	NN	17	False	0.00	polite
remember	VB	17	False	0.00	impolite
wind	NN	17	False	0.00	impolite
internet	NN	17	False	0.00	neutral
protocol	NN	17	False	0.00	neutral
apy	NN	17	False	0.00	neutral
irresponsible	JJ	17	False	0.00	impolite
discus	NN	17	False	0.00	somewhat polite
baristas	NNS	17	False	0.00	neutral
significance	NN	17	False	0.00	impolite
deep	NN	17	False	0.00	polite
dig	NN	17	False	0.00	impolite
skilled	VBN	17	False	0.50	polite
b	NN	17	False	0.00	neutral
reapplying	VBG	17	False	0.00	neutral
white	JJ	17	False	0.00	impolite
lentil	NN	17	False	0.00	polite
incorporate	NN	17	False	0.00	polite
skillset	NN	17	False	0.00	neutral
mixologist	NN	16	False	0.00	polite
flat	JJ	16	False	-0.03	neutral
muffin	NN	16	False	0.00	somewhat polite
backhand	NN	16	False	0.00	impolite
educate	NN	16	False	0.00	polite
mousse	NN	16	False	0.00	polite
aim	NN	16	False	0.00	polite
fragile	NN	16	False	0.00	impolite
wilt	NN	16	False	0.00	impolite
avocado	NN	16	False	0.00	impolite
heavy	JJ	16	False	-0.20	impolite
logistics	NNS	16	False	0.00	impolite
somewhat	RB	16	False	0.00	somewhat polite
narrative	JJ	16	False	0.00	neutral
portal	NN	16	False	0.00	neutral
visa	NN	16	False	0.00	polite
tap	NN	16	False	0.00	polite
privilege	NN	16	False	0.00	impolite
impressionist	NN	16	False	0.00	polite
tracking	VBG	16	False	0.00	neutral
allowance	NN	16	False	0.00	neutral
flyer	NN	16	False	0.00	polite
trail	NN	16	False	0.00	neutral
intolerance	NN	16	False	0.00	somewhat polite
conduct	NN	16	False	0.00	neutral
recognize	VB	16	False	0.00	impolite
judging	NN	16	False	0.00	somewhat polite
enhanced	VBN	16	False	0.00	neutral
waterproof	NN	16	False	0.00	polite
structured	VBN	16	False	0.00	neutral
voyage	NN	16	False	0.00	polite
transparency	NN	16	False	0.00	polite
legroom	NN	16	False	0.00	polite
depending	VBG	16	False	0.00	somewhat polite
blaster	NN	16	False	0.00	neutral
affected	JJ	16	False	0.00	somewhat polite
frozen	NNS	16	False	0.00	impolite
genius	NN	16	False	0.00	impolite
mixed	JJ	16	False	0.00	impolite
cozy	NN	16	False	-0.20	polite
competitor	NN	16	False	0.00	impolite
mask	NN	16	False	0.00	impolite
swimming	VBG	16	False	0.00	neutral
almost	RB	16	False	0.00	polite
unfair	NN	16	False	-0.50	impolite
acting	VBG	16	False	0.00	impolite
navigation	NN	16	False	0.00	somewhat polite
puzzle	NN	16	False	0.00	polite
separately	RB	16	False	0.00	neutral
helmet	NN	16	False	0.00	impolite
added	VBD	16	False	0.00	polite
edition	NN	16	False	0.00	neutral
texture	NN	15	False	0.00	polite
screening	VBG	15	False	0.00	neutral
path	NN	15	False	0.00	impolite
belonging	NN	15	False	0.00	impolite
standing	VBG	15	False	0.00	neutral
fleet	NN	15	False	0.00	neutral
director	NN	15	False	0.00	impolite
diversity	NN	15	False	0.00	impolite
beneficial	JJ	15	False	0.00	polite
arabica	NN	15	False	0.00	neutral
snowshoe	NN	15	False	0.00	neutral
soggy	NN	15	False	0.00	impolite
webinar	NN	15	False	0.00	neutral
trash	NN	15	False	0.00	impolite
cereal	NN	15	False	0.00	impolite
alteration	NN	15	False	0.00	impolite
awesome	NN	15	False	1.00	polite
surface	NN	15	False	0.00	impolite
alert	NN	15	False	0.00	polite
palate	NN	15	False	0.00	polite
accidentally	RB	15	False	0.00	somewhat polite
insult	NN	15	False	0.00	impolite
stressful	NN	15	False	0.00	polite
noticed	VBN	15	False	0.00	neutral
airfare	NN	15	False	0.00	neutral
mango	NN	15	False	0.00	polite
stuck	NN	15	False	0.00	impolite
nominal	JJ	15	False	0.00	polite
generation	NN	15	False	0.00	impolite
methodology	NN	15	False	0.00	impolite
recipient	NN	15	False	0.00	neutral
anticipate	NN	15	False	0.00	somewhat polite
overhyped	VBD	15	False	0.00	impolite
acceptable	JJ	15	False	0.00	impolite
official	NN	15	False	0.00	neutral
curious	JJ	15	False	-0.10	somewhat polite
pocket	NN	15	False	0.00	impolite
matching	VBG	15	False	0.00	polite
boring	NN	15	False	-1.00	impolite
greatly	RB	15	False	0.80	polite
missing	VBG	15	False	-0.20	somewhat polite
test	NN	15	False	0.00	impolite
body	NN	15	False	0.00	impolite
employment	NN	15	False	0.00	neutral
yes	NNS	15	False	0.00	impolite
rude	NN	15	False	-0.30	impolite
pattern	NN	15	False	0.00	neutral
november	NN	15	False	0.00	neutral
inclusive	JJ	15	False	0.00	polite
present	NN	15	False	0.00	impolite
intend	NN	15	False	0.00	somewhat polite
ashamed	VBN	15	False	0.00	impolite
giraffe	NN	15	False	0.00	neutral
bite	NN	15	False	0.00	polite
restrict	NN	15	False	0.00	neutral
retrain	NN	15	False	0.00	impolite
latte	NN	15	False	0.00	neutral
proficient	NN	15	False	0.00	impolite
inspect	NN	15	False	0.00	neutral
spell	NN	15	False	0.00	impolite
doorstep	NN	15	False	0.00	neutral
authenticity	NN	15	False	0.00	impolite
returnable	JJ	14	False	0.00	impolite
demo	NN	14	False	0.00	polite
die	NN	14	False	0.00	impolite
evacuation	NN	14	False	0.00	neutral
true	JJ	14	False	0.35	polite
reckless	NN	14	False	0.00	impolite
lapse	NN	14	False	0.00	somewhat polite
quantity	NN	14	False	0.00	polite
scoop	NN	14	False	0.00	polite
sorbet	NN	14	False	0.00	neutral
associated	VBN	14	False	0.00	polite
tire	NN	14	False	0.00	impolite
algorithm	NN	14	False	0.00	neutral
almond	NN	14	False	0.00	neutral
frustrated	VBN	14	False	-0.70	impolite
rematch	NN	14	False	0.00	impolite
heard	NN	14	False	0.00	impolite
equal	JJ	14	False	0.00	polite
wheat	NN	14	False	0.00	neutral
organizer	NN	14	False	0.00	somewhat polite
finally	RB	14	False	0.00	impolite
drama	NN	14	False	0.00	impolite
baked	VBN	14	False	0.00	polite
hurry	NN	14	False	0.00	impolite
orient	NN	14	False	0.00	neutral
virtual	JJ	14	False	0.00	somewhat polite
century	NN	14	False	0.00	neutral
badminton	NN	14	False	0.00	neutral
holdup	NN	14	False	0.00	somewhat polite
novel	NN	14	False	0.00	impolite
hobby	NN	14	False	0.00	impolite
bail	NN	14	False	0.00	impolite
jersey	NN	14	False	0.00	impolite
workshops	NNS	14	False	0.00	polite
narrow	NN	14	False	-0.20	somewhat polite
workout	NN	14	False	0.00	polite
grace	NN	14	False	0.00	somewhat polite
undergoing	VBG	14	False	0.00	neutral
silent	NN	14	False	0.00	impolite
celebration	NN	14	False	0.00	polite
preview	NN	14	False	0.00	somewhat polite
oven	RB	14	False	0.00	neutral
flaw	NN	14	False	0.00	impolite
proud	NN	14	False	0.80	polite
twist	NN	14	False	0.00	polite
object	NN	14	False	0.00	neutral
accessibility	NN	14	False	0.00	impolite
iced	JJ	14	False	0.00	polite
cocktails	NNS	14	False	0.00	polite
spirit	NN	14	False	0.00	polite
exorbitant	NN	14	False	0.00	impolite
kindly	RB	14	False	0.60	polite
biryani	NN	14	False	0.00	neutral
pretend	NN	14	False	0.00	impolite
robbery	NN	14	False	0.00	impolite
brush	NN	14	False	0.00	impolite
labor	NN	14	False	0.00	somewhat polite
inbox	NN	14	False	0.00	neutral
successful	JJ	13	False	0.75	neutral
talent	NN	13	False	0.00	polite
utilize	VB	13	False	0.00	neutral
historic	NN	13	False	0.00	polite
crap	NN	13	False	-0.80	impolite
tight	NN	13	False	-0.18	impolite
themselves	PRP	13	True	0.00	impolite
scratched	VBN	13	False	0.00	impolite
aside	RB	13	False	0.00	neutral
asap	NN	13	False	0.00	impolite
crowded	VBN	13	False	0.00	impolite
tantrum	NN	13	False	0.00	impolite
showcases	NNS	13	False	0.00	polite
license	NN	13	False	0.00	polite
medication	NN	13	False	0.00	polite
demonstration	NN	13	False	0.00	polite
resubmitting	VBG	13	False	0.00	neutral
intelligent	NN	13	False	0.80	impolite
tech	NN	13	False	0.00	impolite
spoil	NN	13	False	0.00	impolite
expand	NN	13	False	0.00	somewhat polite
steal	NN	13	False	0.00	impolite
kebab	NN	13	False	0.00	polite
occurrence	NN	13	False	0.00	polite
tryout	NN	13	False	0.00	neutral
lie	NN	13	False	0.00	impolite
whiny	NN	13	False	0.00	impolite
fiction	NN	13	False	0.00	impolite
mediterranean	NN	13	False	0.00	polite
desire	NN	13	False	0.00	neutral
ground	NN	13	False	0.00	impolite
consume	NN	13	False	0.00	neutral
midst	NN	13	False	0.00	polite
glass	NN	13	False	0.00	polite
secret	NN	13	False	-0.40	impolite
bench	NN	13	False	0.00	neutral
abroad	RB	13	False	0.00	neutral
penny	NN	13	False	0.00	impolite
overreact	NN	13	False	0.00	impolite
recall	NN	13	False	0.00	polite
output	NN	13	False	0.00	neutral
returned	VBN	13	False	0.00	somewhat polite
peaceful	NN	13	False	0.25	polite
appreciation	NN	13	False	0.00	polite
ridiculously	RB	13	False	-0.33	impolite
halfway	NN	13	False	0.00	impolite
ourselves	NNS	13	True	0.00	polite
renowned	VBN	13	False	0.00	impolite
used	VBN	13	False	0.00	impolite
getaway	NN	13	False	0.00	polite
enjoyment	NN	13	False	0.00	polite
sunscreen	NN	13	False	0.00	impolite
brunch	NN	13	False	0.00	polite
jean	NN	13	False	0.00	impolite
carrier	NN	13	False	0.00	polite
spa	NN	13	False	0.00	polite
stumble	JJ	13	False	-0.05	polite
pickle	NN	13	False	0.00	impolite
average	JJ	13	False	-0.15	neutral
watermelon	NN	13	False	0.00	polite
reporting	NN	13	False	0.00	polite
fifty	NN	13	False	0.00	impolite
activation	NN	13	False	0.00	polite
stable	JJ	13	False	0.00	impolite
naturally	RB	13	False	0.10	neutral
physical	JJ	13	False	0.00	neutral
inch	NN	13	False	0.00	neutral
excessive	JJ	13	False	-0.25	impolite
clarity	NN	13	False	0.00	impolite
asking	VBG	13	False	0.00	impolite
four	CD	13	False	0.00	neutral
reskill	NN	13	False	0.00	polite
allergen	NN	13	False	0.00	somewhat polite
consistently	RB	13	False	0.25	impolite
borrowing	NN	13	False	0.00	polite
dead	JJ	12	False	-0.20	impolite
manufacture	NN	12	False	0.00	impolite
element	NN	12	False	0.00	somewhat polite
folder	NN	12	False	0.00	neutral
clinic	NN	12	False	0.00	neutral
draw	NN	12	False	0.00	impolite
authorize	VB	12	False	0.00	neutral
assembly	RB	12	False	0.00	impolite
injure	NN	12	False	0.00	impolite
complement	NN	12	False	0.00	polite
spam	NN	12	False	0.00	neutral
mine	NN	12	False	0.00	impolite
yell	NN	12	False	0.00	impolite
footprint	NN	12	False	0.00	neutral
carbon	NN	12	False	0.00	neutral
plaque	NN	12	False	0.00	impolite
skip	NN	12	False	0.00	impolite
scenario	NN	12	False	0.00	polite
european	JJ	12	False	0.00	neutral
facilitator	NN	12	False	0.00	polite
appropriate	NN	12	False	0.50	somewhat polite
dinosaur	NN	12	False	0.00	impolite
cooking	NN	12	False	0.00	neutral
foot	NN	12	False	0.00	impolite
grill	NN	12	False	0.00	neutral
introductory	NN	12	False	0.00	neutral
ramen	NNS	12	False	0.00	neutral
facilitate	NN	12	False	0.00	polite
blender	NN	12	False	0.00	polite
purchased	VBN	12	False	0.00	neutral
desperate	NN	12	False	-0.60	impolite
careless	NN	12	False	-0.50	impolite
origination	NN	12	False	0.00	polite
trophy	NN	12	False	0.00	impolite
logistical	JJ	12	False	0.00	somewhat polite
robusta	NN	12	False	0.00	neutral
judge	NN	12	False	0.00	impolite
aisle	NN	12	False	0.00	neutral
reverse	NN	12	False	0.00	impolite
inflation	NN	12	False	0.00	neutral
reliable	JJ	12	False	0.00	impolite
boxer	NN	12	False	0.00	impolite
polo	NN	12	False	0.00	neutral
agent	NN	12	False	0.00	polite
crystal	NN	12	False	0.00	impolite
tough	JJ	12	False	-0.39	impolite
disturb	NN	12	False	0.00	impolite
ad	NN	12	False	0.00	neutral
dream	NN	12	False	0.00	polite
entirely	RB	12	False	0.00	impolite
administration	NN	12	False	0.00	neutral
barista	NN	12	False	0.00	neutral
silly	RB	12	False	-0.50	impolite
congestion	NN	12	False	0.00	impolite
aquatic	JJ	12	False	0.00	somewhat polite
slap	NN	12	False	0.00	impolite
overwhelm	NN	12	False	0.00	somewhat polite
periodically	RB	12	False	0.00	somewhat polite
creation	NN	12	False	0.00	polite
unpredictable	JJ	12	False	-0.17	impolite
flags	NNS	12	False	0.00	neutral
vase	NN	12	False	0.00	impolite
rotate	NN	12	False	0.00	neutral
qualification	NN	12	False	0.00	neutral
stats	NNS	12	False	0.00	somewhat polite
shakespeare	NN	12	False	0.00	impolite
ratio	NN	12	False	0.00	neutral
fulfill	NN	12	False	0.00	neutral
daycare	NN	12	False	0.00	impolite
evaluate	NN	12	False	0.00	neutral
annoy	NN	12	False	0.00	impolite
hang	NN	12	False	0.00	impolite
overbooked	VBN	12	False	0.00	impolite
challenging	VBG	12	False	0.50	polite
sick	NN	12	False	-0.71	impolite
changer	NN	12	False	0.00	polite
experiment	NN	12	False	0.00	polite
hiking	VBG	12	False	0.00	polite
chip	NN	12	False	0.00	impolite
limitation	NN	12	False	0.00	somewhat polite
c	NNS	11	False	0.00	neutral
restore	NN	11	False	0.00	neutral
plain	NN	11	False	-0.21	impolite
fifth	NN	11	False	0.00	impolite
accident	NN	11	False	0.00	impolite
clause	NN	11	False	0.00	neutral
tooth	NN	11	False	0.00	polite
musical	JJ	11	False	0.00	polite
reputation	NN	11	False	0.00	impolite
remote	NN	11	False	-0.10	polite
familiarize	VB	11	False	0.00	polite
lender	NN	11	False	0.00	somewhat polite
green	JJ	11	False	-0.20	impolite
minimal	NN	11	False	-0.10	polite
citrus	NN	11	False	0.00	polite
sportsmanship	NN	11	False	0.00	polite
signage	NN	11	False	0.00	impolite
eager	NN	11	False	0.00	polite
immersion	NN	11	False	0.00	neutral
shuttle	NN	11	False	0.00	neutral
son	NN	11	False	0.00	impolite
regret	NN	11	False	0.00	impolite
dump	NN	11	False	0.00	impolite
he	PRP	11	True	0.00	impolite
intentionally	RB	11	False	0.00	impolite
advancement	NN	11	False	0.00	polite
allowed	VBN	11	False	0.00	polite
passionate	NN	11	False	-0.05	polite
garlic	NN	11	False	0.00	polite
knot	NN	11	False	0.00	polite
boots	NNS	11	False	0.00	polite
push	NN	11	False	0.00	polite
preservation	NN	11	False	0.00	somewhat polite
specialize	VB	11	False	0.00	somewhat polite
eatery	NN	11	False	0.00	impolite
entertainment	NN	11	False	0.00	neutral
ketchup	NN	11	False	0.00	impolite
extreme	NN	11	False	-0.12	impolite
downtown	NN	11	False	0.00	neutral
groom	NN	11	False	0.00	neutral
consistent	NN	11	False	0.25	neutral
operator	NN	11	False	0.00	neutral
tree	NN	11	False	0.00	impolite
liability	NN	11	False	0.00	impolite
technology	NN	11	False	0.00	polite
misuse	NN	11	False	0.00	impolite
panda	NN	11	False	0.00	impolite
otherwise	RB	11	False	0.00	neutral
lawyer	NN	11	False	0.00	impolite
activate	NN	11	False	0.00	neutral
kickboxing	VBG	11	False	0.00	polite
wing	VBG	11	False	0.00	impolite
sent	NN	11	False	0.00	neutral
explicitly	RB	11	False	0.00	impolite
na	NNS	11	False	0.00	impolite
diligence	NN	11	False	0.00	polite
unfortunate	NN	11	False	-0.50	impolite
inability	NN	11	False	0.00	impolite
entertain	NN	11	False	0.00	polite
cosmetic	JJ	11	False	0.00	neutral
gon	NN	11	False	0.00	impolite
rundown	NN	11	False	0.00	polite
coming	VBG	11	False	0.00	neutral
aircraft	NN	11	False	0.00	somewhat polite
opened	VBN	11	False	0.00	neutral
initially	RB	11	False	0.00	polite
librarian	JJ	11	False	0.00	polite
ticketing	VBG	11	False	0.00	polite
east	NN	11	False	0.00	polite
validity	NN	11	False	0.00	impolite
emotional	JJ	11	False	0.00	impolite
default	NN	11	False	0.00	impolite
cool	NN	11	False	0.35	neutral
substitution	NN	11	False	0.00	neutral
constraint	NN	11	False	0.00	neutral
waiter	NN	11	False	0.00	impolite
lending	NN	11	False	0.00	neutral
external	JJ	10	False	0.00	neutral
bootcamps	NNS	10	False	0.00	neutral
webinars	NNS	10	False	0.00	polite
accordance	NN	10	False	0.00	neutral
correction	NN	10	False	0.00	polite
surprised	JJ	10	False	0.10	impolite
tuition	NN	10	False	0.00	impolite
matinee	NN	10	False	0.00	polite
precious	JJ	10	False	0.50	impolite
smartphone	NN	10	False	0.00	neutral
subscriber	NN	10	False	0.00	polite
wheelchair	NN	10	False	0.00	impolite
dip	NN	10	False	0.00	somewhat polite
surfer	NN	10	False	0.00	impolite
spectator	NN	10	False	0.00	neutral
denial	NN	10	False	0.00	impolite
subtitle	NN	10	False	0.00	impolite
retake	NN	10	False	0.00	impolite
refinancing	VBG	10	False	0.00	neutral
annum	NN	10	False	0.00	neutral
optimal	JJ	10	False	0.00	neutral
sectional	JJ	10	False	0.00	polite
ignore	NN	10	False	0.00	impolite
somehow	NN	10	False	0.00	impolite
rib	NN	10	False	0.00	polite
disrupt	NN	10	False	0.00	impolite
respect	NN	10	False	0.00	impolite
salary	NN	10	False	0.00	neutral
overspend	NN	10	False	0.00	impolite
refine	NN	10	False	0.00	polite
creamy	NN	10	False	0.00	polite
cleaning	NN	10	False	0.00	polite
canvas	NN	10	False	0.00	impolite
backyard	NN	10	False	0.00	impolite
cloud	NN	10	False	0.00	neutral
reunite	NN	10	False	0.00	neutral
government	NN	10	False	0.00	neutral
lava	NN	10	False	0.00	polite
regulatory	JJ	10	False	0.00	polite
imagination	NN	10	False	0.00	polite
agency	NN	10	False	0.00	impolite
sustainability	NN	10	False	0.00	polite
component	NN	10	False	0.00	polite
servicing	VBG	10	False	0.00	somewhat polite
planned	VBN	10	False	0.00	neutral
bun	NN	10	False	0.00	impolite
gap	NN	10	False	0.00	neutral
spike	NN	10	False	0.00	neutral
arbitrary	JJ	10	False	-0.10	impolite
locker	NN	10	False	0.00	impolite
suspicious	JJ	10	False	0.00	neutral
disclose	VB	10	False	0.00	neutral
x	NN	10	False	0.00	neutral
upload	NN	10	False	0.00	neutral
icy	NN	10	False	-0.10	neutral
corner	NN	10	False	0.00	neutral
caf	NN	10	False	0.00	polite
crush	NN	10	False	0.00	impolite
subsection	NN	10	False	0.00	neutral
smoothy	NN	10	False	0.00	neutral
prime	NN	10	False	0.00	polite
forever	RB	10	False	0.00	impolite
savory	NN	10	False	0.00	polite
shot	NN	10	False	0.00	polite
conservatory	NN	10	False	0.00	polite
concerned	JJ	10	False	0.00	impolite
stability	NN	10	False	0.00	polite
making	VBG	10	False	0.00	impolite
spark	NN	10	False	0.00	polite
reality	NN	10	False	0.00	impolite
lover	NN	10	False	0.00	neutral
unqualified	JJ	10	False	0.00	impolite
pal	NN	10	False	0.00	impolite
inspiring	VBG	10	False	0.50	polite
syntax	NN	10	False	0.00	impolite
articulate	NN	10	False	0.00	impolite
disco	NN	10	False	0.00	impolite
allocate	NN	10	False	0.00	neutral
left	NN	10	False	0.00	neutral
scent	NN	10	False	0.00	somewhat polite
thrive	NN	10	False	0.00	polite
fire	NN	10	False	0.00	impolite
succulent	NN	10	False	0.00	impolite
stun	NN	10	False	0.00	polite
worthless	NN	10	False	-0.80	impolite
hat	NN	10	False	0.00	polite
cactus	NN	10	False	0.00	impolite
understaffed	NN	10	False	0.00	impolite
shine	NN	10	False	0.00	polite
illustration	NN	10	False	0.00	neutral
working	VBG	10	False	0.00	impolite
paycheck	NN	10	False	0.00	impolite
beach	NN	10	False	0.00	impolite
hurt	NN	10	False	0.00	impolite
brownie	NN	10	False	0.00	neutral
allocation	NN	10	False	0.00	neutral
collateral	NN	10	False	0.00	impolite
mcdonald	NN	10	False	0.00	impolite
entree	NN	10	False	0.00	neutral
aspects	NNS	9	False	0.00	somewhat polite
intent	NN	9	False	0.00	impolite
seasick	NN	9	False	0.00	impolite
avid	NN	9	False	0.25	polite
calculator	NN	9	False	0.00	neutral
snowfall	NN	9	False	0.00	polite
italy	NN	9	False	0.00	neutral
property	NN	9	False	0.00	impolite
degree	NN	9	False	0.00	impolite
harvest	NN	9	False	0.00	polite
playground	NN	9	False	0.00	impolite
passion	NN	9	False	0.00	polite
swimmer	NN	9	False	0.00	impolite
vinaigrette	NN	9	False	0.00	polite
sweeter	NN	9	False	0.00	polite
shakespearean	NN	9	False	0.00	neutral
fulfil	NN	9	False	0.00	neutral
sleep	NN	9	False	0.00	impolite
overdrafting	VBG	9	False	0.00	impolite
caliber	NN	9	False	0.00	impolite
stroll	NN	9	False	0.00	polite
amateurish	JJ	9	False	-0.40	impolite
ease	NN	9	False	0.00	polite
surroundings	NNS	9	False	0.00	polite
financially	RB	9	False	0.00	impolite
inspection	NN	9	False	0.00	impolite
bias	NN	9	False	0.00	impolite
confused	VBN	9	False	-0.40	somewhat polite
reissue	NN	9	False	0.00	impolite
racquetball	NN	9	False	0.00	neutral
precaution	NN	9	False	0.00	neutral
abuse	NN	9	False	0.00	impolite
catering	NN	9	False	0.00	polite
popularity	NN	9	False	0.00	polite
nutritional	JJ	9	False	0.00	polite
relaxing	VBG	9	False	0.00	polite
shut	NN	9	False	0.00	impolite
functionality	NN	9	False	0.00	neutral
wash	NN	9	False	0.00	neutral
authority	NN	9	False	0.00	neutral
blue	NN	9	False	0.00	impolite
interface	NN	9	False	0.00	neutral
tomato	NN	9	False	0.00	neutral
specialist	NN	9	False	0.00	polite
analytics	NNS	9	False	0.00	somewhat polite
english	JJ	9	False	0.00	impolite
chilly	RB	9	False	-0.60	polite
babysitter	NN	9	False	0.00	impolite
education	NN	9	False	0.00	impolite
refereeing	VBG	9	False	0.00	somewhat polite
doll	NN	9	False	0.00	somewhat polite
paella	NN	9	False	0.00	neutral
pull	NN	9	False	0.00	impolite
tackle	NN	9	False	0.00	polite
jump	NN	9	False	0.00	impolite
debate	NN	9	False	0.00	impolite
net	NN	9	False	0.00	impolite
umpire	NN	9	False	0.00	impolite
empty	JJ	9	False	-0.10	impolite
honest	NN	9	False	0.60	impolite
cardholder	NN	9	False	0.00	polite
defend	NN	9	False	0.00	impolite
efficiency	NN	9	False	0.00	somewhat polite
insist	NN	9	False	0.00	impolite
theoretical	JJ	9	False	0.00	neutral
mile	NN	9	False	0.00	neutral
button	NN	9	False	0.00	neutral
west	NN	9	False	0.00	polite
overwhelmed	JJ	9	False	0.00	polite
evaluation	NN	9	False	0.00	neutral
competitively	RB	9	False	0.00	polite
satisfactory	NN	9	False	0.00	neutral
stew	NN	9	False	0.00	neutral
eater	NN	9	False	0.00	impolite
preserve	NN	9	False	0.00	somewhat polite
surgery	NN	9	False	0.00	impolite
kale	NN	9	False	0.00	neutral
nowhere	RB	9	False	0.00	impolite
barrier	NN	9	False	0.00	impolite
smile	NN	9	False	0.30	polite
profession	NN	9	False	0.00	neutral
patch	NN	9	False	0.00	somewhat polite
garbage	NN	9	False	0.00	impolite
runaround	NN	9	False	0.00	impolite
origin	NN	9	False	0.00	neutral
influence	NN	9	False	0.00	somewhat polite
bed	NN	9	False	0.00	impolite
balcony	NN	9	False	0.00	polite
sister	NN	9	False	0.00	neutral
starve	NN	9	False	0.00	impolite
weak	JJ	9	False	-0.38	impolite
internal	JJ	9	False	0.00	neutral
channel	NNS	9	False	0.00	neutral
interpersonal	JJ	9	False	0.00	polite
reduction	NN	9	False	0.00	neutral
although	IN	8	False	0.00	somewhat polite
idiot	NN	8	False	-0.80	impolite
sun	NN	8	False	0.00	impolite
summarize	VB	8	False	0.00	impolite
favor	NN	8	False	0.00	impolite
crucial	JJ	8	False	0.00	impolite
downhill	NN	8	False	0.00	impolite
involved	VBN	8	False	0.00	polite
recovery	NN	8	False	0.00	polite
api	NN	8	False	0.00	neutral
resurface	NN	8	False	0.00	impolite
regression	NN	8	False	0.00	neutral
monkey	NN	8	False	-0.05	impolite
insert	NN	8	False	0.00	neutral
handout	NN	8	False	0.00	impolite
buying	NN	8	False	0.00	impolite
leftover	NN	8	False	0.00	neutral
atrocious	JJ	8	False	-0.70	impolite
contribution	NN	8	False	0.00	polite
functional	JJ	8	False	0.00	impolite
learner	NN	8	False	0.00	neutral
modest	JJ	8	False	0.10	somewhat polite
aid	NN	8	False	0.00	neutral
award	NN	8	False	0.00	impolite
spiciness	NN	8	False	0.00	impolite
rotten	VB	8	False	0.00	impolite
sunglass	NN	8	False	0.00	polite
performer	NN	8	False	0.00	impolite
rely	RB	8	False	0.00	impolite
aerobics	NNS	8	False	0.00	neutral
stove	NN	8	False	0.00	polite
financing	NN	8	False	0.00	somewhat polite
pause	NN	8	False	0.00	neutral
oversized	VBN	8	False	0.00	impolite
unchanged	JJ	8	False	0.00	neutral
workmanship	NN	8	False	0.00	neutral
minus	NN	8	False	-0.10	somewhat polite
misinterpret	NN	8	False	0.00	impolite
intention	NN	8	False	0.00	impolite
swipe	NN	8	False	0.00	impolite
benching	NN	8	False	0.00	somewhat polite
human	NN	8	False	0.00	impolite
underwriter	NN	8	False	0.00	neutral
deserve	NN	8	False	0.00	impolite
casual	JJ	8	False	-0.50	impolite
intact	JJ	8	False	0.00	neutral
warrantied	VBN	8	False	0.00	impolite
scathing	VBG	8	False	-0.60	impolite
truth	NN	8	False	0.00	impolite
container	NN	8	False	0.00	somewhat polite
letter	NN	8	False	0.00	neutral
confusing	VBG	8	False	-0.30	somewhat polite
canned	VBN	8	False	0.00	neutral
prospect	NN	8	False	0.00	polite
overly	RB	8	False	0.00	impolite
blossom	NN	8	False	0.00	polite
unlikely	JJ	8	False	-0.50	neutral
cherry	NN	8	False	0.00	polite
tantalize	VB	8	False	0.00	polite
tone	NN	8	False	0.00	impolite
personally	RB	8	False	0.00	impolite
explanatory	NN	8	False	0.00	impolite
butterfly	NN	8	False	0.00	polite
undergo	NN	8	False	0.00	neutral
champagne	NN	8	False	0.00	impolite
originally	RB	8	False	0.38	neutral
pizzeria	NNS	8	False	0.00	polite
unrealistic	JJ	8	False	-0.50	impolite
construction	NN	8	False	0.00	impolite
crispy	NN	8	False	0.00	polite
prepaid	NN	8	False	0.00	neutral
unavoidable	JJ	8	False	0.00	impolite
cheapest	NN	8	False	0.00	neutral
moisturizing	VBG	8	False	0.00	impolite
hint	NN	8	False	0.00	polite
plus	CC	8	False	0.00	neutral
registrant	NN	8	False	0.00	polite
text	NN	8	False	0.00	neutral
normally	RB	8	False	0.15	somewhat polite
peer	NN	8	False	0.00	neutral
climate	NN	8	False	0.00	impolite
provoke	NN	8	False	0.00	polite
compare	NN	8	False	0.00	polite
workload	NN	8	False	0.00	impolite
brown	NN	8	False	0.00	somewhat polite
token	NN	8	False	0.00	polite
monitor	NN	8	False	0.00	neutral
quesadilla	NN	8	False	0.00	neutral
computer	NN	8	False	0.00	impolite
silence	NN	8	False	0.00	impolite
characteristic	JJ	8	False	-0.07	polite
disappear	NN	8	False	0.00	impolite
utmost	NN	8	False	0.00	polite
hungry	NN	8	False	0.00	impolite
statistic	JJ	8	False	0.00	neutral
kindergartener	NN	8	False	0.00	impolite
perfume	NN	8	False	0.00	somewhat polite
movie	NN	8	False	0.00	impolite
wilted	VBN	8	False	0.00	impolite
rehash	NN	8	False	-0.05	impolite
lifetime	NN	8	False	0.00	impolite
allergic	NN	8	False	0.00	impolite
espresso	NN	8	False	0.00	neutral
voice	NN	8	False	0.00	impolite
simpler	NN	8	False	0.00	impolite
spoiled	VBN	8	False	0.00	impolite
literature	NN	8	False	0.00	impolite
whipped	VBD	8	False	0.00	impolite
paced	VBN	8	False	0.00	polite
existent	NN	8	False	0.00	impolite
nevertheless	RB	7	False	0.00	polite
species	NNS	7	False	0.00	impolite
alike	RB	7	False	0.00	polite
welcoming	VBG	7	False	0.00	polite
markup	NN	7	False	0.00	impolite
rave	VB	7	False	0.00	polite
splash	NN	7	False	0.00	polite
taking	VBG	7	False	0.00	polite
absolute	NN	7	False	0.20	impolite
dust	NN	7	False	0.00	impolite
attendant	NN	7	False	0.20	polite
excess	NN	7	False	0.00	impolite
negligence	NN	7	False	0.00	impolite
shall	MD	7	False	0.00	polite
prove	NN	7	False	0.00	impolite
rejoin	NN	7	False	0.00	neutral
curate	NN	7	False	0.00	polite
advisory	NN	7	False	0.00	neutral
wish	NN	7	False	0.00	impolite
blueberry	NN	7	False	0.00	polite
considerate	NN	7	False	0.00	impolite
mainly	RB	7	False	0.17	polite
illness	NN	7	False	0.00	impolite
tokyo	NN	7	False	0.00	polite
ritz	NN	7	False	0.00	impolite
scan	JJ	7	False	0.00	neutral
strand	NN	7	False	0.00	impolite
foundation	NN	7	False	0.00	polite
lend	NN	7	False	0.00	impolite
flu	NN	7	False	0.00	neutral
complicated	VBN	7	False	-0.50	impolite
news	NN	7	False	0.00	neutral
enriching	VBG	7	False	0.00	polite
intelligence	NN	7	False	0.00	impolite
utilization	NN	7	False	0.00	neutral
accidental	NN	7	False	0.00	neutral
parka	NN	7	False	0.00	polite
crash	NN	7	False	0.00	impolite
innovation	NN	7	False	0.00	impolite
baking	NN	7	False	0.00	polite
theatrical	JJ	7	False	0.00	polite
wetsuit	NN	7	False	0.00	polite
roasted	VBN	7	False	0.00	polite
dissatisfaction	NN	7	False	0.00	impolite
faster	NN	7	False	0.00	impolite
soy	NN	7	False	0.00	impolite
hello	NN	7	False	0.00	polite
cooky	NN	7	False	0.00	somewhat polite
embarrassment	NN	7	False	0.00	impolite
heritage	NN	7	False	0.00	polite
enchant	NN	7	False	0.00	polite
uncomfortable	JJ	7	False	-0.50	somewhat polite
imported	VBN	7	False	0.00	neutral
employer	NN	7	False	0.00	neutral
foliage	NN	7	False	0.00	polite
homework	NN	7	False	0.00	impolite
motivate	NN	7	False	0.00	polite
roadside	NN	7	False	0.00	somewhat polite
snowmaking	VBG	7	False	0.00	impolite
workarounds	NNS	7	False	0.00	neutral
grade	NN	7	False	0.00	impolite
distraction	NN	7	False	0.00	neutral
accusation	NN	7	False	0.00	impolite
premise	NN	7	False	0.00	neutral
repeated	VBN	7	False	0.00	impolite
auto	NN	7	False	0.00	neutral
absence	NN	7	False	-0.01	somewhat polite
frankly	RB	7	False	0.00	impolite
printed	VBN	7	False	0.00	neutral
sunny	NN	7	False	0.00	somewhat polite
embarkation	NN	7	False	0.00	polite
parmesan	NN	7	False	0.00	neutral
conditioning	NN	7	False	0.00	impolite
reheat	NN	7	False	0.00	neutral
comprehension	NN	7	False	0.00	impolite
overcooked	VBN	7	False	0.00	impolite
mammal	NN	7	False	0.00	neutral
mature	NN	7	False	0.10	neutral
accumulate	NN	7	False	0.00	polite
fashion	NN	7	False	0.00	impolite
scholarship	NN	7	False	0.00	somewhat polite
typography	NN	7	False	0.00	neutral
suspension	NN	7	False	0.00	impolite
feeling	VBG	7	False	0.00	polite
swap	NN	7	False	0.00	polite
monitoring	NN	7	False	0.00	polite
edit	NN	7	False	0.00	neutral
evolution	NN	7	False	0.00	impolite
nursery	NN	7	False	0.00	impolite
featured	VBN	7	False	0.00	polite
seller	NN	7	False	0.00	neutral
satisfying	VBG	7	False	0.50	polite
moisturizers	NNS	7	False	0.00	polite
mortgage	NN	7	False	0.00	impolite
shade	NN	7	False	0.00	impolite
surround	NN	7	False	0.00	somewhat polite
influx	NN	7	False	0.00	polite
occasional	JJ	7	False	0.00	somewhat polite
separation	NN	7	False	0.00	somewhat polite
soda	NN	7	False	0.00	impolite
muslim	NN	7	False	0.00	impolite
waiting	VBG	7	False	0.00	impolite
absurd	NN	7	False	-0.50	impolite
adequately	RB	7	False	0.33	neutral
dye	NN	7	False	0.00	neutral
glove	NN	7	False	0.00	impolite
deduction	NN	7	False	0.00	neutral
exemption	NN	7	False	0.00	neutral
bold	NN	7	False	0.33	impolite
peace	NN	7	False	0.00	impolite
extensively	RB	7	False	0.00	impolite
nightmare	NN	7	False	0.00	impolite
staple	NN	7	False	0.00	impolite
lodge	NN	7	False	0.00	neutral
fraction	NN	7	False	0.00	impolite
authorization	NN	7	False	0.00	somewhat polite
equally	RB	7	False	0.00	neutral
pricy	NN	7	False	0.00	neutral
grandma	NN	7	False	0.00	impolite
chill	NN	7	False	0.00	impolite
e	NN	7	False	0.00	polite
pursue	NN	7	False	0.00	impolite
adhere	RB	7	False	0.00	neutral
existence	NN	7	False	0.00	impolite
nonetheless	RB	7	False	0.00	impolite
reapply	NN	7	False	0.00	neutral
carton	NN	6	False	0.00	somewhat polite
dressing	VBG	6	False	0.00	impolite
dull	NN	6	False	-0.29	impolite
uniform	NN	6	False	0.00	neutral
screw	NN	6	False	0.00	impolite
continued	JJ	6	False	0.00	polite
bulk	NN	6	False	0.00	neutral
plug	NN	6	False	0.00	somewhat polite
merchant	NN	6	False	0.00	neutral
recite	NN	6	False	0.00	impolite
unplug	NN	6	False	0.00	somewhat polite
negotiate	NN	6	False	0.00	impolite
negotiation	NN	6	False	0.00	neutral
clash	NN	6	False	0.00	impolite
nut	NN	6	False	0.00	impolite
listed	VBN	6	False	0.00	neutral
beginning	VBG	6	False	0.00	neutral
donate	NN	6	False	0.00	neutral
storyline	NN	6	False	0.00	impolite
taxi	NN	6	False	0.00	impolite
numerous	JJ	6	False	0.00	impolite
unsuspecting	VBG	6	False	0.00	impolite
compliance	NN	6	False	0.00	neutral
letdown	NN	6	False	0.00	neutral
audit	NN	6	False	0.00	neutral
effectiveness	NN	6	False	0.00	impolite
lifesaver	NN	6	False	0.00	polite
appreciated	VBN	6	False	0.20	polite
dynamic	JJ	6	False	0.00	polite
actively	RB	6	False	-0.13	neutral
fairness	NN	6	False	0.00	neutral
heading	VBG	6	False	0.00	neutral
schmancy	NN	6	False	0.00	impolite
athletic	JJ	6	False	0.00	impolite
crack	NN	6	False	0.00	impolite
stone	NN	6	False	0.00	impolite
ripped	NN	6	False	0.00	impolite
milkshake	NN	6	False	0.00	impolite
tarts	NNS	6	False	0.00	polite
approved	VBN	6	False	0.00	neutral
jam	NN	6	False	0.00	impolite
michelin	NN	6	False	0.00	impolite
spar	NN	6	False	0.00	neutral
described	NN	6	False	0.00	neutral
selfie	NN	6	False	0.00	impolite
tutor	NN	6	False	0.00	impolite
cycling	NN	6	False	0.00	polite
makeup	NN	6	False	0.00	neutral
examples	NNS	6	False	0.00	polite
accurately	RB	6	False	0.40	somewhat polite
junior	NN	6	False	0.00	neutral
gentle	NN	6	False	0.20	neutral
suspend	NN	6	False	0.00	neutral
egg	NN	6	False	0.00	neutral
yourselves	NNS	6	True	0.00	impolite
sympathy	NN	6	False	0.00	impolite
delegation	NN	6	False	0.00	neutral
endless	NN	6	False	-0.12	impolite
previously	RB	6	False	-0.17	neutral
prerequisites	NNS	6	False	0.00	neutral
oppose	NN	6	False	0.00	impolite
dormant	NN	6	False	0.00	impolite
observe	NN	6	False	0.00	somewhat polite
sad	NN	6	False	-0.50	impolite
streamline	NN	6	False	0.00	polite
mass	NN	6	False	0.00	impolite
smell	NN	6	False	0.00	impolite
interview	NN	6	False	0.00	neutral
altogether	RB	6	False	0.00	neutral
timed	VBN	6	False	0.00	polite
establish	VB	6	False	0.00	impolite
samosa	NN	6	False	0.00	neutral
varies	NNS	6	False	0.00	neutral
festive	JJ	6	False	0.00	polite
orientation	NN	6	False	0.00	polite
fridge	NN	6	False	0.00	impolite
respective	NN	6	False	0.00	polite
red	JJ	6	False	0.00	impolite
percentage	NN	6	False	0.00	somewhat polite
overdraw	NN	6	False	0.00	neutral
pressure	NN	6	False	0.00	impolite
alter	NN	6	False	0.00	neutral
precautionary	JJ	6	False	0.00	polite
tie	NN	6	False	0.00	impolite
uninformed	JJ	6	False	0.00	impolite
university	NN	6	False	0.00	impolite
shore	NN	6	False	0.00	neutral
admit	NN	6	False	0.00	impolite
intensive	JJ	6	False	0.00	polite
unworn	JJ	6	False	0.00	somewhat polite
dirt	NN	6	False	0.00	impolite
wallet	NN	6	False	0.00	impolite
conjure	NN	6	False	0.00	impolite
word	NN	6	False	0.00	impolite
maxed	NN	6	False	0.00	impolite
thin	NN	6	False	-0.40	impolite
sue	NN	6	False	0.00	impolite
warning	VBG	6	False	0.00	impolite
circle	NN	6	False	0.00	impolite
babysitting	NN	6	False	0.00	impolite
reaction	NN	6	False	0.00	impolite
retrieve	NN	6	False	0.00	neutral
addition	NN	6	False	0.00	polite
inside	IN	6	False	0.00	neutral
enthusiastic	JJ	6	False	0.60	polite
bound	NN	6	False	0.00	impolite
formatting	VBG	6	False	0.00	neutral
row	NN	6	False	0.00	impolite
initiation	NN	6	False	0.00	polite
paid	NN	6	False	0.00	impolite
connoisseur	NN	6	False	0.00	impolite
barren	NNS	6	False	0.00	impolite
impose	VB	6	False	0.00	neutral
rsvp	NN	6	False	0.00	neutral
styling	VBG	6	False	0.00	polite
rice	NN	6	False	0.00	impolite
showcasing	VBG	6	False	0.00	polite
communicator	NN	6	False	0.00	neutral
junk	NN	6	False	0.00	impolite
land	NN	6	False	0.00	impolite
starting	VBG	6	False	0.00	neutral
heater	NN	6	False	0.00	impolite
warmer	NN	6	False	0.00	neutral
bookshelf	NN	6	False	0.00	neutral
intellectual	JJ	6	False	0.30	impolite
installment	NN	6	False	0.00	polite
alternatively	RB	6	False	0.00	neutral
sailboat	NN	6	False	0.00	impolite
upgrading	VBG	6	False	0.00	neutral
rentals	NNS	6	False	0.00	polite
underseasoned	JJ	6	False	0.00	impolite
adjacent	NN	6	False	0.00	neutral
revamp	NN	6	False	0.00	neutral
bend	NN	6	False	0.00	impolite
purchasing	NN	6	False	0.00	impolite
withdraw	NN	6	False	0.00	neutral
sustain	NN	6	False	0.00	impolite
temple	NN	6	False	0.00	impolite
attract	NN	6	False	0.00	polite
savvy	NN	6	False	0.00	impolite
tacos	NN	6	False	0.00	neutral
nephew	NN	6	False	0.00	impolite
everywhere	RB	6	False	0.00	impolite
negative	JJ	6	False	-0.30	neutral
whip	NN	6	False	0.00	neutral
champion	NN	6	False	0.00	impolite
relaxation	NN	6	False	0.00	polite
seal	NN	6	False	0.00	neutral
flood	NN	6	False	0.00	impolite
condiment	NN	6	False	0.00	polite
plugin	NN	6	False	0.00	neutral
assortment	NN	6	False	0.00	polite
paddleboards	NNS	6	False	0.00	neutral
peach	NN	6	False	0.00	neutral
automate	NN	6	False	0.00	polite
unengaging	VBG	6	False	-0.20	impolite
distance	NN	6	False	0.00	neutral
evidence	NN	6	False	0.00	impolite
downtime	NN	6	False	0.00	impolite
warrant	NN	6	False	0.00	impolite
whatever	WDT	6	False	0.00	impolite
insider	NN	6	False	0.00	polite
conversion	NN	6	False	0.00	polite
instal	NN	6	False	0.00	neutral
rescheduled	VBN	5	False	0.00	impolite
honey	NN	5	False	0.00	neutral
allocated	VBN	5	False	0.00	polite
sideline	NN	5	False	0.00	impolite
paddleboarding	VBG	5	False	0.00	polite
la	NN	5	False	0.00	neutral
factory	NN	5	False	0.00	impolite
recover	NN	5	False	0.00	neutral
originality	NN	5	False	0.00	impolite
courier	NN	5	False	0.00	neutral
promised	VBN	5	False	0.00	impolite
rec	NN	5	False	0.00	impolite
accrue	NN	5	False	0.00	neutral
unbothered	JJ	5	False	0.00	impolite
integrity	NN	5	False	0.00	neutral
proposal	NN	5	False	0.00	impolite
rock	NN	5	False	0.00	neutral
copyright	NN	5	False	0.00	somewhat polite
realm	NN	5	False	0.00	polite
streak	NN	5	False	0.00	impolite
kimchi	NNS	5	False	0.00	neutral
waltz	NN	5	False	0.00	impolite
solving	VBG	5	False	0.00	neutral
hub	NN	5	False	0.00	neutral
pad	NN	5	False	0.00	polite
articulation	NN	5	False	0.00	neutral
sashimi	NN	5	False	0.00	neutral
bespoke	NN	5	False	0.00	impolite
cramped	NN	5	False	0.00	impolite
sudden	JJ	5	False	0.00	impolite
resident	NN	5	False	0.00	polite
reinstall	NN	5	False	0.00	neutral
surprising	NN	5	False	0.70	impolite
framework	NN	5	False	0.00	impolite
deliberately	RB	5	False	0.00	impolite
gold	NN	5	False	0.00	impolite
changeover	NN	5	False	0.00	somewhat polite
deck	NN	5	False	0.00	neutral
reorder	NN	5	False	0.00	impolite
lm	NN	5	False	0.00	impolite
decrease	NN	5	False	0.00	neutral
mattress	NN	5	False	0.00	neutral
romeo	NN	5	False	0.00	polite
harsh	NN	5	False	-0.20	neutral
juliet	NN	5	False	0.00	polite
irritation	NN	5	False	0.00	impolite
quiche	NN	5	False	0.00	polite
queue	NN	5	False	0.00	impolite
foul	NN	5	False	0.00	somewhat polite
stretch	NN	5	False	0.00	neutral
interact	NN	5	False	0.00	polite
deadbeat	NN	5	False	0.00	impolite
upcharge	NN	5	False	0.00	polite
fern	NN	5	False	0.00	impolite
hawaii	NN	5	False	0.00	somewhat polite
categorize	NN	5	False	0.00	neutral
baseless	NN	5	False	0.00	impolite
intended	VBN	5	False	0.00	impolite
dealt	NN	5	False	0.00	impolite
crave	NN	5	False	0.00	polite
ripple	NN	5	False	0.00	neutral
gather	NN	5	False	0.00	neutral
sprinkle	NN	5	False	0.00	impolite
matrix	NN	5	False	0.00	neutral
seam	NN	5	False	0.00	impolite
registered	VBN	5	False	0.00	neutral
weasel	NN	5	False	0.00	impolite
pole	NN	5	False	0.00	polite
literally	RB	5	False	0.00	impolite
law	NN	5	False	0.00	neutral
dictate	NN	5	False	0.00	impolite
disregard	NN	5	False	0.00	impolite
introduction	NN	5	False	0.00	neutral
impossible	JJ	5	False	-0.67	impolite
lengthy	NN	5	False	0.00	somewhat polite
remaining	VBG	5	False	0.00	neutral
cracker	NN	5	False	0.00	neutral
target	NN	5	False	0.00	impolite
digit	NN	5	False	0.00	neutral
firm	NN	5	False	-0.20	impolite
onto	IN	5	False	0.00	impolite
camera	NN	5	False	0.00	impolite
responsibly	RB	5	False	0.20	polite
memory	NN	5	False	0.00	polite
ref	NN	5	False	0.00	impolite
super	NN	5	False	0.33	polite
sink	NN	5	False	0.00	impolite
protector	NN	5	False	0.00	neutral
inane	NN	5	False	0.00	impolite
applicant	NN	5	False	0.00	somewhat polite
interaction	NN	5	False	0.00	polite
enable	JJ	5	False	0.00	polite
predictable	JJ	5	False	-0.20	impolite
lab	NN	5	False	0.00	impolite
mislabeled	VBN	5	False	0.00	neutral
hotline	NN	5	False	0.00	neutral
mostly	RB	5	False	0.50	neutral
implementation	NN	5	False	0.00	polite
swear	NN	5	False	0.00	impolite
backordered	VBN	5	False	0.00	impolite
eggplant	NN	5	False	0.00	neutral
footwork	NN	5	False	0.00	impolite
headphone	NN	5	False	0.00	impolite
known	VBN	5	False	0.00	impolite
pour	NN	5	False	0.00	neutral
stylish	NN	5	False	0.50	polite
justify	NN	5	False	0.00	impolite
jet	NN	5	False	0.00	impolite
forehand	NN	5	False	0.00	impolite
divine	NN	5	False	0.00	polite
bear	NN	5	False	0.00	neutral
borrower	NN	5	False	0.00	impolite
pain	NN	5	False	0.00	impolite
loop	NN	5	False	0.00	neutral
blast	NN	5	False	0.00	polite
moisturize	NN	5	False	0.00	impolite
gimmick	NN	5	False	0.00	impolite
trendy	NN	5	False	0.60	impolite
citizen	NN	5	False	0.00	somewhat polite
feasible	JJ	5	False	0.00	impolite
iftar	NN	5	False	0.00	polite
mirror	NN	5	False	0.00	neutral
bridge	NN	5	False	0.00	neutral
ignorance	NN	5	False	0.00	impolite
motel	NN	5	False	0.00	impolite
exquisite	NN	5	False	1.00	polite
scream	NN	5	False	0.00	impolite
unimpressive	JJ	5	False	0.00	impolite
scenic	NN	5	False	0.00	polite
island	NN	5	False	0.00	impolite
islamic	JJ	5	False	0.00	polite
handful	NN	5	False	0.00	impolite
suitcase	NN	5	False	0.00	impolite
pork	NN	5	False	0.00	impolite
permit	NN	5	False	0.00	neutral
leisure	NN	5	False	0.00	polite
corresponding	VBG	5	False	0.00	neutral
largely	RB	5	False	0.21	neutral
snowflake	NN	5	False	0.00	impolite
ample	NN	5	False	0.00	neutral
wildlife	NN	5	False	0.00	polite
paranoid	NN	5	False	0.00	impolite
syrup	NN	5	False	0.00	somewhat polite
hall	NN	5	False	0.00	neutral
relearn	NN	5	False	0.00	impolite
flimsy	NN	5	False	0.00	impolite
mouth	NN	5	False	0.00	polite
dirty	NN	5	False	-0.60	impolite
exclusion	NN	5	False	0.00	polite
king	NN	5	False	0.00	polite
poisoning	VBG	5	False	0.00	impolite
pet	NN	5	False	0.00	impolite
rout	NN	5	False	0.00	neutral
relaxed	NN	5	False	0.00	neutral
duty	NN	5	False	0.00	neutral
curiosity	NN	5	False	0.00	polite
decency	NN	5	False	0.00	impolite
sourcing	VBG	5	False	0.00	neutral
inconsistent	NN	5	False	0.00	neutral
powerpoint	NN	5	False	0.00	impolite
reflection	NN	5	False	0.00	impolite
critique	NN	5	False	0.00	impolite
division	NN	5	False	0.00	neutral
washing	VBG	5	False	0.00	neutral
dark	NN	5	False	-0.15	impolite
volley	NN	5	False	0.00	polite
suck	NN	5	False	0.00	impolite
she	PRP	5	True	0.00	neutral
recalculate	NN	5	False	0.00	neutral
ons	NNS	5	False	0.00	neutral
fighting	VBG	5	False	0.00	neutral
denim	NN	5	False	0.00	neutral
monet	NN	5	False	0.00	impolite
indulge	NN	5	False	0.00	polite
indication	NN	5	False	0.00	impolite
groundbreaking	VBG	5	False	0.00	impolite
respectful	NN	5	False	0.50	polite
awkward	NN	5	False	-0.60	impolite
chop	NN	5	False	0.00	impolite
assistant	NN	5	False	0.00	impolite
agreed	VBD	5	False	0.00	neutral
grass	NN	5	False	0.00	impolite
concession	NN	5	False	0.00	neutral
zipper	NN	5	False	0.00	impolite
donut	NN	5	False	0.00	neutral
economic	JJ	5	False	0.20	impolite
seasickness	NN	5	False	0.00	impolite
burnt	NN	5	False	0.00	impolite
obtain	VB	5	False	0.00	polite
pleased	JJ	5	False	0.50	polite
merchandise	NN	5	False	0.00	neutral
carelessness	NN	5	False	0.00	impolite
tablet	NN	5	False	0.00	neutral
hygiene	NN	5	False	0.00	polite
mexico	NN	5	False	0.00	neutral
fed	NN	5	False	0.00	impolite
gantt	NN	5	False	0.00	polite
oily	RB	5	False	0.00	impolite
golden	JJ	5	False	0.30	neutral
prorate	NN	5	False	0.00	neutral
superstar	NN	5	False	0.00	neutral
cushion	NN	5	False	0.00	impolite
bestseller	NN	5	False	0.00	neutral
shoddy	NN	5	False	-0.30	impolite
abstract	NN	5	False	0.00	impolite
global	JJ	5	False	0.00	polite
substance	NN	4	False	0.00	impolite
freebie	NN	4	False	0.00	impolite
currency	NN	4	False	0.00	neutral
understandably	RB	4	False	0.00	neutral
disqualify	NN	4	False	0.00	impolite
lightly	RB	4	False	0.40	neutral
pesticide	NN	4	False	0.00	impolite
elevated	VBN	4	False	0.00	neutral
purity	NN	4	False	0.00	neutral
guys	NNS	4	False	0.00	impolite
suddenly	RB	4	False	0.00	neutral
seasonality	NN	4	False	0.00	somewhat polite
debug	NN	4	False	0.00	neutral
facial	JJ	4	False	0.00	polite
ordinary	JJ	4	False	-0.25	neutral
comply	NN	4	False	0.00	neutral
hurricane	NN	4	False	0.00	impolite
beta	NN	4	False	0.00	neutral
deceive	NN	4	False	0.00	impolite
memberships	NNS	4	False	0.00	polite
riddle	NN	4	False	0.00	impolite
understandable	JJ	4	False	0.00	neutral
bookings	NNS	4	False	0.00	polite
consolation	NN	4	False	0.00	somewhat polite
meaningful	NN	4	False	0.50	impolite
europe	NN	4	False	0.00	polite
interrupt	NN	4	False	0.00	somewhat polite
restrictive	NN	4	False	0.00	neutral
hr	NN	4	False	0.00	neutral
expressionism	NN	4	False	0.00	impolite
shortfall	NN	4	False	0.00	neutral
southern	JJ	4	False	0.00	neutral
regrettably	RB	4	False	0.00	impolite
square	NN	4	False	0.00	impolite
periodic	NN	4	False	0.00	polite
fraud	NN	4	False	0.00	neutral
blower	NN	4	False	0.00	neutral
height	NN	4	False	0.00	neutral
policyholder	NN	4	False	0.00	polite
punctual	JJ	4	False	0.00	impolite
eisenhower	NN	4	False	0.00	neutral
heirloom	NN	4	False	0.00	neutral
visiting	VBG	4	False	0.00	somewhat polite
worthwhile	NN	4	False	0.50	impolite
redo	NN	4	False	0.00	impolite
connectivity	NN	4	False	0.00	somewhat polite
runner	NN	4	False	0.00	polite
phase	NN	4	False	0.00	polite
hoop	NN	4	False	0.00	impolite
watering	VBG	4	False	0.00	polite
configure	NN	4	False	0.00	neutral
disbursement	NN	4	False	0.00	somewhat polite
spite	NN	4	False	0.00	impolite
actionable	JJ	4	False	0.00	polite
farming	VBG	4	False	0.00	polite
illustrator	NN	4	False	0.00	polite
kit	NN	4	False	0.00	neutral
stub	NN	4	False	0.00	neutral
craftsmanship	NN	4	False	0.00	somewhat polite
acknowledge	NN	4	False	0.00	neutral
crisp	NN	4	False	0.25	somewhat polite
pin	NN	4	False	0.00	impolite
differently	RB	4	False	0.00	polite
eid	NN	4	False	0.00	somewhat polite
unattended	JJ	4	False	0.00	neutral
entail	NN	4	False	0.00	neutral
enhancement	NN	4	False	0.00	neutral
budge	NN	4	False	0.00	impolite
laziness	NN	4	False	0.00	impolite
tableau	NN	4	False	0.00	polite
hiring	VBG	4	False	0.00	neutral
doubles	NNS	4	False	0.00	polite
evident	NN	4	False	0.25	impolite
faint	NN	4	False	-0.50	impolite
bathroom	NN	4	False	0.00	impolite
allotted	VBN	4	False	0.00	neutral
tikka	NN	4	False	0.00	neutral
interior	NN	4	False	0.00	polite
overweight	NN	4	False	0.00	neutral
skyline	NN	4	False	0.00	polite
info	NN	4	False	0.00	impolite
frequently	RB	4	False	0.10	neutral
weird	NN	4	False	-0.50	impolite
vessel	NN	4	False	0.00	somewhat polite
frost	NN	4	False	0.00	impolite
war	NN	4	False	0.00	neutral
conductor	NN	4	False	0.00	polite
hole	NN	4	False	0.00	impolite
formal	JJ	4	False	0.00	neutral
abysmal	NN	4	False	0.00	impolite
dense	NN	4	False	0.00	neutral
upright	JJ	4	False	0.00	impolite
pivot	NN	4	False	0.00	neutral
reproduction	NN	4	False	0.00	impolite
impatient	NN	4	False	-0.20	impolite
belt	NN	4	False	0.00	impolite
distress	NN	4	False	0.00	neutral
graham	NN	4	False	0.00	neutral
bios	NNS	4	False	0.00	neutral
treadmill	NN	4	False	0.00	impolite
motion	NN	4	False	0.00	impolite
filling	VBG	4	False	0.00	neutral
pretentious	JJ	4	False	-0.30	impolite
asset	NN	4	False	0.00	polite
accredit	NN	4	False	0.00	impolite
surely	RB	4	False	0.50	polite
producer	NN	4	False	0.00	polite
mode	NN	4	False	0.00	polite
strategic	JJ	4	False	0.00	neutral
serf	NN	4	False	0.00	impolite
oversight	NN	4	False	0.00	polite
substantial	JJ	4	False	0.00	impolite
trained	VBN	4	False	0.00	neutral
wheel	NN	4	False	0.00	impolite
unsatisfactory	NN	4	False	0.00	somewhat polite
shoulder	NN	4	False	0.00	neutral
conditioner	NN	4	False	0.00	impolite
checking	VBG	4	False	0.00	neutral
priceless	NN	4	False	1.00	impolite
tired	VBN	4	False	-0.40	impolite
elite	NN	4	False	0.00	impolite
widely	RB	4	False	-0.10	neutral
sneak	NN	4	False	0.00	impolite
sight	NN	4	False	0.00	impolite
sonnet	NN	4	False	0.00	neutral
thru	NN	4	False	0.00	impolite
yeah	NN	4	False	0.00	neutral
circulation	NN	4	False	0.00	polite
glance	NN	4	False	0.00	impolite
cashier	NN	4	False	0.00	impolite
raw	NN	4	False	-0.23	impolite
extraordinary	JJ	4	False	0.33	polite
knit	NN	4	False	0.00	polite
grain	NN	4	False	0.00	neutral
mascara	NN	4	False	0.00	neutral
attentive	JJ	4	False	0.40	polite
greet	NN	4	False	0.00	polite
french	JJ	4	False	0.00	neutral
incapable	JJ	4	False	0.00	impolite
focused	VBN	4	False	0.00	neutral
healthcare	NN	4	False	0.00	neutral
unauthorized	JJ	4	False	0.00	neutral
sparring	VBG	4	False	0.00	impolite
volunteer	NN	4	False	0.00	neutral
thrift	NN	4	False	0.00	impolite
continuous	JJ	4	False	0.00	polite
ordering	VBG	4	False	0.00	neutral
extent	NN	4	False	0.00	impolite
visually	RB	4	False	0.00	polite
hummus	NN	4	False	0.00	neutral
discipline	NN	4	False	0.00	polite
daylight	NN	4	False	0.00	impolite
trap	NN	4	False	0.00	impolite
owner	NN	4	False	0.00	neutral
bump	NN	4	False	0.00	impolite
turtle	NN	4	False	0.00	polite
advise	NN	4	False	0.00	neutral
ray	NN	4	False	0.00	neutral
congeal	NN	4	False	0.00	impolite
fender	NN	4	False	0.00	neutral
shopper	NN	4	False	0.00	impolite
bender	NN	4	False	0.00	neutral
repay	NN	4	False	0.00	impolite
elevator	NN	4	False	0.00	neutral
weigh	NN	4	False	0.00	neutral
television	NN	4	False	0.00	polite
cupcake	NN	4	False	0.00	polite
toast	NN	4	False	0.00	neutral
honeymoon	NN	4	False	0.00	impolite
robot	NN	4	False	0.00	impolite
ordered	VBN	4	False	0.00	neutral
societal	NN	4	False	0.00	impolite
msg	NN	4	False	0.00	impolite
damn	NN	4	False	0.00	impolite
physic	NN	4	False	0.00	impolite
ai	NN	4	False	0.00	polite
visited	VBN	4	False	0.00	neutral
totally	RB	4	False	0.00	polite
maki	NN	4	False	0.00	neutral
loved	VBN	4	False	0.70	polite
reship	NN	4	False	0.00	polite
auditorium	NN	4	False	0.00	neutral
revisit	NN	4	False	0.00	impolite
upper	JJ	4	False	0.00	impolite
motivating	VBG	4	False	0.00	polite
called	VBN	4	False	0.00	impolite
assertive	JJ	4	False	0.00	neutral
sahara	NN	4	False	0.00	impolite
adaptable	JJ	4	False	0.00	polite
melt	NN	4	False	0.00	neutral
technicality	NN	4	False	0.00	impolite
dozen	NN	4	False	0.00	impolite
carte	NN	4	False	0.00	neutral
clumsy	NN	4	False	-0.30	impolite
holy	NN	4	False	0.00	impolite
shift	NN	4	False	0.00	impolite
desserts	NNS	4	False	0.00	somewhat polite
interruption	NN	4	False	0.00	neutral
herb	NN	4	False	0.00	polite
obscure	NN	4	False	0.00	impolite
pleaser	NN	4	False	0.00	polite
started	VBN	4	False	0.00	polite
milestone	NN	4	False	0.00	polite
dryer	NN	4	False	0.00	neutral
supermarket	NN	4	False	0.00	impolite
smartwatches	NNS	4	False	0.00	neutral
wasteland	NN	4	False	0.00	impolite
pile	NN	4	False	0.00	impolite
refurbished	VBN	4	False	0.00	neutral
disable	JJ	4	False	0.00	somewhat polite
arena	NN	4	False	0.00	neutral
eight	CD	4	False	0.00	neutral
declined	VBD	4	False	0.00	neutral
mosque	NN	4	False	0.00	impolite
lamp	NN	4	False	0.00	impolite
naturalistic	JJ	4	False	0.40	neutral
met	NN	4	False	0.00	somewhat polite
grand	JJ	4	False	0.50	impolite
length	NN	4	False	0.00	somewhat polite
sock	NN	4	False	0.00	impolite
chatter	NN	4	False	0.00	impolite
prevention	NN	4	False	0.00	neutral
scheme	NN	4	False	0.00	impolite
subjective	NN	4	False	0.00	impolite
plunge	NN	4	False	0.00	polite
handbag	NN	4	False	0.00	impolite
imperfection	NN	4	False	0.00	impolite
treasure	NN	4	False	0.00	polite
connecting	VBG	4	False	0.00	neutral
punctuality	NN	4	False	0.00	impolite
hundred	VBN	4	False	0.00	impolite
developer	NN	4	False	0.00	impolite
departs	NNS	4	False	0.00	neutral
assurance	NN	4	False	0.00	neutral
intersection	NN	4	False	0.00	polite
renovate	NN	4	False	0.00	impolite
power	NN	4	False	0.00	neutral
olive	JJ	4	False	0.00	neutral
measurement	NN	4	False	0.00	somewhat polite
analyze	NN	4	False	0.00	neutral
mishandle	NN	4	False	0.00	impolite
handy	NN	4	False	0.60	somewhat polite
arrives	NNS	4	False	0.00	neutral
intranet	NN	4	False	0.00	neutral
diving	VBG	4	False	0.00	somewhat polite
pillow	NN	4	False	0.00	neutral
radius	NN	4	False	0.00	neutral
sleeping	VBG	4	False	0.00	polite
generous	JJ	4	False	0.00	polite
delectable	JJ	4	False	0.00	polite
literacy	NN	4	False	0.00	neutral
trick	NN	4	False	0.00	neutral
cakewalk	NN	4	False	0.00	impolite
border	NN	4	False	0.00	polite
presence	NN	4	False	0.00	impolite
picasso	NN	4	False	0.00	impolite
interpretation	NN	4	False	0.00	impolite
dialogue	NN	4	False	0.00	impolite
lighter	NN	4	False	0.00	polite
hardship	NN	4	False	0.00	neutral
energy	NN	4	False	0.00	polite
asleep	NN	4	False	0.00	impolite
contender	NN	4	False	0.00	impolite
edible	JJ	4	False	0.00	impolite
investigation	NN	4	False	0.00	impolite
gameplay	NN	4	False	0.00	neutral
sloppy	JJ	4	False	-0.42	impolite
royalty	NN	4	False	0.00	neutral
lane	NN	4	False	0.00	neutral
csv	NN	4	False	0.00	neutral
congest	NN	4	False	0.00	impolite
dissatisfy	NN	4	False	0.00	impolite
block	NN	4	False	0.00	neutral
ignorant	NN	4	False	0.00	impolite
tiered	VBN	4	False	0.00	polite
disposal	NN	3	False	0.00	polite
mismatch	NN	3	False	0.00	neutral
intricate	NN	3	False	0.00	polite
patio	NN	3	False	0.00	polite
endeavor	NN	3	False	0.00	polite
realistic	JJ	3	False	0.17	neutral
canceled	VBN	3	False	0.00	impolite
restoration	NN	3	False	0.00	neutral
sailor	NN	3	False	0.00	impolite
briefing	NN	3	False	0.00	neutral
writer	NN	3	False	0.00	polite
bulgogi	NN	3	False	0.00	polite
him	PRP	3	True	0.00	somewhat polite
clich	NN	3	False	0.00	impolite
butter	NN	3	False	0.00	neutral
bout	NN	3	False	0.00	somewhat polite
router	NN	3	False	0.00	neutral
partially	RB	3	False	-0.10	impolite
javascript	NN	3	False	0.00	neutral
skating	VBG	3	False	0.00	somewhat polite
prepay	NN	3	False	0.00	impolite
spare	NN	3	False	0.00	impolite
cauliflower	NN	3	False	0.00	neutral
rig	NN	3	False	0.00	impolite
portable	JJ	3	False	0.00	polite
underway	RB	3	False	0.00	polite
newly	RB	3	False	0.14	polite
diamond	NN	3	False	0.00	impolite
sparkle	NN	3	False	0.00	neutral
restocks	NNS	3	False	0.00	neutral
qualified	VBN	3	False	0.00	neutral
inexcusable	JJ	3	False	0.00	impolite
wet	NN	3	False	-0.10	impolite
genuinely	RB	3	False	0.40	polite
projector	NN	3	False	0.00	impolite
scavenger	NN	3	False	0.00	polite
hunt	NN	3	False	0.00	polite
decoration	NN	3	False	0.00	polite
cutoff	NN	3	False	0.00	neutral
lasagna	NN	3	False	0.00	neutral
artifacts	NNS	3	False	0.00	polite
egyptian	JJ	3	False	0.00	polite
floral	JJ	3	False	0.00	polite
apparent	NN	3	False	0.05	somewhat polite
cone	NN	3	False	0.00	impolite
tub	NN	3	False	0.00	impolite
teammate	NN	3	False	0.00	somewhat polite
bracket	NN	3	False	0.00	neutral
atm	NN	3	False	0.00	neutral
confirmed	VBN	3	False	0.40	neutral
men	NNS	3	False	0.00	impolite
platter	NN	3	False	0.00	impolite
yoga	NN	3	False	0.00	impolite
draft	NN	3	False	0.00	neutral
hiccup	NN	3	False	0.00	somewhat polite
unfriendly	RB	3	False	0.00	impolite
autumnal	JJ	3	False	0.00	polite
punching	VBG	3	False	0.00	impolite
assertiveness	NN	3	False	0.00	neutral
execute	NN	3	False	0.00	neutral
y	NN	3	True	0.00	neutral
council	NN	3	False	0.00	impolite
oak	NN	3	False	0.00	neutral
protein	NN	3	False	0.00	polite
us	PRP	3	False	0.00	impolite
spent	NN	3	False	-0.10	impolite
uneventful	JJ	3	False	0.00	neutral
smoke	NN	3	False	0.00	impolite
engagement	NN	3	False	0.00	impolite
defeat	NN	3	False	0.00	impolite
quantum	NN	3	False	0.00	impolite
overpay	NN	3	False	0.00	impolite
horticulturist	NN	3	False	0.00	somewhat polite
worried	JJ	3	False	0.00	impolite
gyro	NN	3	False	0.00	neutral
won	NN	3	True	0.00	neutral
backpack	NN	3	False	0.00	polite
biologist	NN	3	False	0.00	somewhat polite
ideation	NN	3	False	0.00	neutral
necessarily	RB	3	False	0.00	neutral
encountered	VBN	3	False	0.00	polite
instant	NN	3	False	0.00	impolite
renaissance	NN	3	False	0.00	polite
relevance	NN	3	False	0.00	impolite
bi	NN	3	False	0.00	polite
tangy	NN	3	False	0.00	polite
inspired	VBN	3	False	0.00	polite
potato	NN	3	False	0.00	polite
playback	NN	3	False	0.00	neutral
calculated	VBN	3	False	0.00	polite
turbulence	NN	3	False	0.00	impolite
displayed	NN	3	False	0.00	neutral
emotion	NN	3	False	0.00	polite
commencement	NN	3	False	0.00	neutral
amusement	NN	3	False	0.00	impolite
exclude	NN	3	False	0.00	impolite
infraction	NN	3	False	0.00	neutral
margherita	NN	3	False	0.00	neutral
bet	NN	3	False	0.00	impolite
varied	NNS	3	False	0.00	neutral
yearly	RB	3	False	0.00	somewhat polite
publish	NN	3	False	0.00	impolite
burden	NN	3	False	0.00	impolite
disorganize	VB	3	False	0.00	impolite
predict	NN	3	False	0.00	impolite
cider	NN	3	False	0.00	neutral
administrator	NN	3	False	0.00	impolite
caramel	NN	3	False	0.00	polite
fairly	RB	3	False	0.70	neutral
conspiracy	NN	3	False	0.00	impolite
denied	VBD	3	False	0.00	impolite
yelling	VBG	3	False	0.00	impolite
semblance	NN	3	False	0.00	impolite
migration	NN	3	False	0.00	neutral
dependent	NN	3	False	0.00	neutral
badly	RB	3	False	-0.70	impolite
supplemental	NN	3	False	0.00	neutral
cinnamon	NN	3	False	0.00	polite
gratitude	NN	3	False	0.00	polite
urgent	NN	3	False	0.00	neutral
organically	RB	3	False	0.00	neutral
alleviate	NN	3	False	0.00	somewhat polite
rider	NN	3	False	0.00	neutral
fence	NN	3	False	0.00	impolite
skyrocket	NN	3	False	0.00	impolite
severely	RB	3	False	0.00	impolite
pitch	NN	3	False	0.00	impolite
conscious	JJ	3	False	0.10	neutral
bonus	NN	3	False	0.00	neutral
rug	NN	3	False	0.00	neutral
proactive	NN	3	False	0.00	polite
tricky	NN	3	False	0.00	somewhat polite
brighten	NN	3	False	0.00	polite
press	NN	3	False	0.00	impolite
ultimately	RB	3	False	0.00	polite
lifespan	NN	3	False	0.00	impolite
quiz	NN	3	False	0.00	neutral
dimension	NN	3	False	0.00	impolite
reception	NN	3	False	0.00	neutral
divert	NN	3	False	0.00	neutral
compliment	NN	3	False	0.00	neutral
soul	NN	3	False	0.00	impolite
intermediate	NN	3	False	0.00	neutral
failed	VBD	3	False	-0.50	neutral
curating	VBG	3	False	0.00	polite
accompanying	VBG	3	False	0.00	impolite
mayonnaise	NN	3	False	0.00	impolite
customization	NN	3	False	0.00	somewhat polite
configuration	NN	3	False	0.00	neutral
uncooperative	JJ	3	False	0.00	impolite
cat	NN	3	False	0.00	impolite
defense	NN	3	False	0.00	neutral
resistance	NN	3	False	0.00	impolite
scone	NN	3	False	0.00	polite
outlined	VBN	3	False	0.00	neutral
baguette	NN	3	False	0.00	neutral
anniversary	NN	3	False	0.00	impolite
salads	NNS	3	False	0.00	neutral
criticize	VB	3	False	0.00	impolite
lighting	VBG	3	False	0.00	neutral
lamb	NN	3	False	0.00	neutral
aligns	NNS	3	False	0.00	polite
amenities	NNS	3	False	0.00	somewhat polite
sophistication	NN	3	False	0.00	impolite
strictly	RB	3	False	0.00	neutral
seepage	NN	3	False	0.00	impolite
booked	VBN	3	False	0.00	impolite
supposed	VBN	3	False	0.00	impolite
restringing	VBG	3	False	0.00	neutral
genre	NN	3	False	0.00	neutral
thoughtfully	RB	3	False	0.40	impolite
inflexible	JJ	3	False	-0.40	impolite
campaign	NN	3	False	0.00	neutral
revolve	NN	3	False	0.00	impolite
creatures	NNS	3	False	0.00	polite
chairlift	NN	3	False	0.00	impolite
ban	NN	3	False	0.00	impolite
his	PRP$	3	True	0.00	somewhat polite
customizations	NNS	3	False	0.00	neutral
turnaround	NN	3	False	0.00	neutral
globe	NN	3	False	0.00	polite
roadwork	NN	3	False	0.00	neutral
packet	NN	3	False	0.00	impolite
refuse	NN	3	False	0.00	impolite
impressionism	NN	3	False	0.00	neutral
damaged	VBN	3	False	0.00	neutral
marina	NN	3	False	0.00	polite
pharmacy	NN	3	False	0.00	neutral
removal	NN	3	False	0.00	neutral
rejection	NN	3	False	0.00	impolite
downloadable	JJ	3	False	0.00	neutral
niece	NN	3	False	0.00	neutral
thorough	NN	3	False	0.00	neutral
literary	JJ	3	False	0.10	impolite
suggested	VBN	3	False	0.00	neutral
discomfort	NN	3	False	0.00	somewhat polite
toward	IN	3	False	0.00	somewhat polite
fountain	NN	3	False	0.00	polite
neither	DT	3	False	0.00	impolite
web	NN	3	False	0.00	polite
lemon	NN	3	False	0.00	polite
synchronization	NN	3	False	0.00	neutral
oversleep	NN	3	False	0.00	impolite
unsuccessful	JJ	3	False	0.00	somewhat polite
colder	NN	3	False	0.00	neutral
bowls	NN	3	False	0.00	neutral
misapply	NN	3	False	0.00	somewhat polite
rainy	NN	3	False	0.00	neutral
uploads	NNS	3	False	0.00	neutral
blatant	NN	3	False	-0.50	impolite
inadequate	NN	3	False	0.00	impolite
script	NN	3	False	0.00	impolite
provoking	VBG	3	False	0.00	polite
driving	VBG	3	False	0.00	neutral
wealth	NN	3	False	0.00	polite
reassess	NN	3	False	0.00	neutral
forum	NN	3	False	0.00	neutral
gratuity	NN	3	False	0.00	somewhat polite
salsa	NN	3	False	0.00	somewhat polite
basil	NN	3	False	0.00	polite
glitchy	NN	3	False	0.00	impolite
got	VBD	3	False	0.00	impolite
resold	NN	3	False	0.00	impolite
mealy	NN	3	False	0.00	impolite
ticketed	VBN	3	False	0.00	somewhat polite
symbolism	NN	3	False	0.00	impolite
shell	NN	3	False	0.00	impolite
daughter	NN	3	False	0.00	polite
pamphlet	NN	3	False	0.00	impolite
outbreak	NN	3	False	0.00	somewhat polite
stagnant	NN	3	False	0.00	impolite
shin	NN	3	False	0.00	impolite
homepage	NN	3	False	0.00	neutral
tedious	JJ	3	False	-0.50	impolite
overhead	NN	3	False	0.00	neutral
bug	NN	3	False	0.00	impolite
magical	JJ	3	False	0.50	polite
sundays	NNS	3	False	0.00	neutral
escort	NN	3	False	0.00	neutral
hometown	NN	3	False	0.00	polite
dr	NN	3	False	0.00	neutral
edge	NN	3	False	0.00	neutral
upsell	NN	3	False	0.00	impolite
till	NN	3	False	0.00	impolite
reasonably	RB	3	False	0.20	somewhat polite
contains	NNS	3	False	0.00	somewhat polite
hardly	RB	3	False	-0.29	impolite
subscribe	NN	3	False	0.00	polite
otter	NN	3	False	0.00	neutral
promote	NN	3	False	0.00	impolite
algorithms	NN	3	False	0.00	neutral
rewarding	VBG	3	False	0.50	polite
wild	NN	3	False	0.10	polite
rainfall	NN	3	False	0.00	somewhat polite
fad	NN	3	False	0.00	impolite
lifeguarding	VBG	3	False	0.00	impolite
zesty	NN	3	False	0.00	polite
attribute	NN	3	False	0.00	polite
ale	NN	3	False	0.00	neutral
zone	NN	3	False	0.00	impolite
moderate	NN	3	False	0.00	polite
crossing	VBG	3	False	0.00	neutral
coder	NN	3	False	0.00	impolite
grease	NN	3	False	0.00	impolite
breadstick	NN	3	False	0.00	polite
trade	NN	3	False	0.00	neutral
necessity	NN	3	False	0.00	impolite
font	NN	3	False	0.00	impolite
wikipedia	NN	3	False	0.00	impolite
announcement	NN	3	False	0.00	neutral
native	JJ	3	False	0.00	impolite
thompson	NN	3	False	0.00	somewhat polite
generate	NN	3	False	0.00	neutral
slammed	VBN	3	False	0.00	impolite
evolve	NN	3	False	0.00	polite
overwhelming	VBG	3	False	0.50	somewhat polite
splurge	NN	3	False	0.00	impolite
snail	NN	3	False	0.00	impolite
norm	NN	3	False	0.00	impolite
deem	NN	3	False	0.00	neutral
critic	NN	3	False	0.00	impolite
stringing	VBG	3	False	0.00	polite
merit	NN	3	False	0.00	impolite
winner	NN	3	False	0.00	impolite
premier	NN	3	False	0.00	impolite
practicing	VBG	3	False	0.00	impolite
reload	NN	3	False	0.00	neutral
charger	NN	3	False	0.00	neutral
anchovy	NN	3	False	0.00	impolite
panel	NN	3	False	0.00	neutral
elevate	NN	3	False	0.00	polite
audiobooks	NNS	3	False	0.00	polite
onwards	NNS	3	False	0.00	neutral
smith	NN	3	False	0.00	neutral
hazard	NN	3	False	0.00	impolite
lifelong	NN	3	False	-0.10	polite
techniques	NNS	3	False	0.00	neutral
maximize	VB	3	False	0.00	neutral
insure	NN	3	False	0.00	impolite
unwind	NN	3	False	0.00	polite
charm	NN	3	False	0.00	polite
mentorship	NN	3	False	0.00	polite
frosting	VBG	3	False	0.00	somewhat polite
sundae	NN	3	False	0.00	impolite
duplicate	NN	3	False	0.00	somewhat polite
herbal	NN	3	False	0.00	neutral
prescription	NN	3	False	0.00	polite
peanut	NN	3	False	0.00	impolite
oversold	NN	3	False	0.00	neutral
capability	NN	3	False	0.00	neutral
afterwards	NNS	3	False	0.00	polite
lessons	NNS	3	False	0.00	polite
tension	NN	3	False	0.00	somewhat polite
digitally	RB	3	False	0.00	neutral
environmental	JJ	3	False	0.00	polite
exempt	NN	3	False	0.00	impolite
procrastination	NN	3	False	0.00	impolite
showroom	NN	3	False	0.00	polite
professor	NN	3	False	0.00	impolite
architecture	NN	3	False	0.00	polite
boutique	NN	3	False	0.00	impolite
genuine	NN	3	False	0.40	impolite
speaks	NNS	3	False	0.00	impolite
feta	NN	3	False	0.00	polite
souvenir	NN	3	False	0.00	impolite
delusional	NN	3	False	0.00	impolite
recline	NN	3	False	0.00	impolite
sickness	NN	3	False	0.00	impolite
examine	NN	3	False	0.00	neutral
packed	NNS	3	False	0.00	neutral
interpret	NN	3	False	0.00	impolite
eastern	JJ	3	False	0.00	neutral
stream	NN	3	False	0.00	neutral
urgency	NN	3	False	0.00	neutral
consumption	NN	3	False	0.00	neutral
prize	NN	3	False	0.00	impolite
movement	NN	3	False	0.00	impolite
count	NN	3	False	0.00	neutral
critical	JJ	3	False	0.00	impolite
concrete	NN	3	False	0.15	impolite
consult	NN	3	False	0.00	somewhat polite
resistant	NN	3	False	0.00	neutral
cardboard	NN	3	False	0.00	impolite
juice	NN	3	False	0.00	polite
authentication	NN	3	False	0.00	neutral
sag	NN	3	False	0.00	impolite
staffing	VBG	3	False	0.00	neutral
scammed	VBN	3	False	0.00	impolite
dough	NN	3	False	0.00	impolite
chalkboard	NN	3	False	0.00	neutral
tasty	NN	3	False	0.00	polite
pub	NN	3	False	0.00	polite
vacuum	NN	3	False	-0.01	neutral
college	NN	3	False	0.00	impolite
attack	NN	3	False	0.00	impolite
comparison	NN	3	False	0.00	polite
utterly	RB	3	False	0.00	impolite
monastery	NN	3	False	0.00	impolite
randomly	RB	3	False	-0.50	impolite
candidate	NN	3	False	0.00	impolite
beautifully	RB	3	False	0.85	polite
intensity	NN	3	False	0.00	impolite
rating	NN	3	False	0.00	neutral
chase	NN	3	False	0.00	impolite
placement	NN	2	False	0.00	neutral
unusually	RB	2	False	0.20	neutral
cobbler	NN	2	False	0.00	neutral
chicago	NN	2	False	0.00	neutral
hydrate	NN	2	False	0.00	impolite
bust	NN	2	False	0.00	impolite
liable	JJ	2	False	-0.10	impolite
logging	VBG	2	False	0.00	neutral
linkedin	NN	2	False	0.00	neutral
scale	NN	2	False	0.00	polite
biodiversity	NN	2	False	0.00	neutral
incentive	NN	2	False	0.00	neutral
sofas	NN	2	False	0.00	neutral
infest	NN	2	False	0.00	impolite
accounting	NN	2	False	0.00	neutral
witness	NN	2	False	0.00	impolite
chemical	NN	2	False	0.00	neutral
waitlists	NNS	2	False	0.00	somewhat polite
sanitize	VB	2	False	0.00	neutral
pot	NN	2	False	0.00	impolite
co	NN	2	False	0.00	neutral
ma	NN	2	True	0.00	neutral
signer	NN	2	False	0.00	neutral
intentional	JJ	2	False	0.00	neutral
motivated	VBN	2	False	0.00	neutral
doorway	NN	2	False	0.00	neutral
computing	VBG	2	False	0.00	neutral
principal	NN	2	False	0.00	impolite
sneeze	NN	2	False	0.00	impolite
inconsiderate	NN	2	False	0.00	impolite
climbing	VBG	2	False	0.00	neutral
mislead	NN	2	False	0.00	impolite
bureau	NN	2	False	0.00	polite
miami	NN	2	False	0.00	neutral
coast	NN	2	False	0.00	impolite
medieval	NN	2	False	0.00	neutral
violate	NN	2	False	0.00	neutral
versus	NN	2	False	0.00	neutral
split	NN	2	False	0.00	neutral
leniency	NN	2	False	0.00	impolite
drought	NN	2	False	0.00	neutral
sum	NN	2	False	0.00	neutral
runway	NN	2	False	0.00	impolite
persists	NNS	2	False	0.00	neutral
coordinate	NN	2	False	0.00	neutral
reshipment	NN	2	False	0.00	neutral
nutrition	NN	2	False	0.00	neutral
blindside	NN	2	False	0.00	impolite
woefully	RB	2	False	0.00	impolite
intern	NN	2	False	0.00	neutral
promoter	NN	2	False	0.00	impolite
garage	NN	2	False	0.00	neutral
institute	NN	2	False	0.00	polite
rep	NN	2	False	0.00	impolite
shortages	NNS	2	False	0.00	somewhat polite
unpreparedness	NN	2	False	0.00	impolite
fluff	NN	2	False	-0.10	impolite
collectible	JJ	2	False	-0.50	neutral
hinder	NN	2	False	0.00	neutral
officially	RB	2	False	0.00	neutral
salesperson	NN	2	False	0.00	impolite
supplement	NN	2	False	0.00	neutral
false	JJ	2	False	-0.40	neutral
relief	NN	2	False	0.00	impolite
engineering	NN	2	False	0.00	neutral
disastrous	JJ	2	False	-0.70	impolite
spilled	VBN	2	False	0.00	impolite
rusty	NN	2	False	0.00	neutral
sturdy	NN	2	False	0.00	neutral
sandal	NN	2	False	0.00	neutral
eternity	NN	2	False	0.00	impolite
lipstick	NN	2	False	0.00	polite
allows	NNS	2	False	0.00	polite
ineffective	JJ	2	False	0.00	impolite
eiffel	NN	2	False	0.00	polite
recurring	VBG	2	False	0.00	neutral
mint	NN	2	False	0.00	polite
lime	NN	2	False	0.00	polite
suspended	VBN	2	False	0.00	impolite
uptick	JJ	2	False	0.00	neutral
police	NNS	2	False	0.00	neutral
contest	NN	2	False	0.00	impolite
stressed	VBN	2	False	0.00	impolite
attended	VBD	2	False	0.00	neutral
climb	NN	2	False	0.00	neutral
ploy	NN	2	False	0.00	impolite
risotto	NN	2	False	0.00	polite
goer	NN	2	False	0.00	neutral
tack	NN	2	False	0.00	impolite
collector	NN	2	False	0.00	polite
labeling	VBG	2	False	0.00	impolite
bare	NN	2	False	0.05	impolite
regain	NN	2	False	0.00	neutral
artificial	JJ	2	False	-0.60	neutral
unplayable	JJ	2	False	-0.40	neutral
unengaged	JJ	2	False	0.00	impolite
identical	JJ	2	False	0.00	polite
romantic	JJ	2	False	0.00	impolite
scenery	NN	2	False	0.00	neutral
madam	NN	2	False	0.00	polite
lobster	NN	2	False	0.00	neutral
hearted	VBN	2	False	0.00	impolite
paltry	NN	2	False	0.00	impolite
inflated	VBN	2	False	0.00	neutral
issuer	NN	2	False	0.00	neutral
redemption	NN	2	False	0.00	neutral
cap	NN	2	False	0.00	neutral
scamming	VBG	2	False	0.00	impolite
variable	JJ	2	False	0.00	neutral
referral	JJ	2	False	0.00	neutral
counseling	VBG	2	False	0.00	neutral
haul	NN	2	False	0.00	polite
eaten	VB	2	False	0.00	impolite
wider	NN	2	False	0.00	neutral
sneaker	NN	2	False	0.00	neutral
inconsistency	NN	2	False	0.00	neutral
hunger	NN	2	False	0.00	impolite
dues	NNS	2	False	0.00	impolite
greedy	NN	2	False	0.00	impolite
crumb	NN	2	False	0.00	impolite
meanwhile	RB	2	False	0.00	impolite
botched	VBN	2	False	0.00	impolite
simplest	NN	2	False	0.00	impolite
rainout	NN	2	False	0.00	impolite
ceremony	NN	2	False	0.00	neutral
enrolling	VBG	2	False	0.00	neutral
glorified	VBN	2	False	0.00	impolite
strap	NN	2	False	0.00	impolite
stormy	NN	2	False	0.00	somewhat polite
bone	NN	2	False	0.00	impolite
bio	NN	2	False	0.00	neutral
badge	NN	2	False	0.00	neutral
brewing	NN	2	False	0.00	neutral
neighbor	NN	2	False	0.00	neutral
milder	NN	2	False	0.00	neutral
protocols	NNS	2	False	0.00	neutral
arbitrarily	RB	2	False	-0.10	neutral
proceeds	NNS	2	False	0.00	neutral
richness	NN	2	False	0.00	neutral
usd	NN	2	False	0.00	neutral
soundbars	NNS	2	False	0.00	neutral
rigid	JJ	2	False	0.00	neutral
refrigeration	NN	2	False	0.00	neutral
squeeze	NN	2	False	0.00	impolite
found	NN	2	False	0.00	impolite
fruity	NN	2	False	0.00	polite
corn	NN	2	False	0.00	neutral
welfare	NN	2	False	0.00	neutral
diagram	NN	2	False	0.00	impolite
unit	NN	2	False	0.00	neutral
calorie	NN	2	False	0.00	neutral
retirement	NN	2	False	0.00	polite
wardrobe	NN	2	False	0.00	neutral
desperation	NN	2	False	0.00	impolite
tasteless	NN	2	False	-0.60	impolite
adherence	NN	2	False	0.00	impolite
overtime	NN	2	False	0.00	neutral
chefs	NNS	2	False	0.00	polite
armchair	NN	2	False	0.00	neutral
terminate	NN	2	False	0.00	neutral
recipes	NNS	2	False	0.00	polite
tracker	NN	2	False	0.00	polite
vocal	JJ	2	False	0.00	neutral
projection	NN	2	False	0.00	neutral
processor	NN	2	False	0.00	neutral
rotation	NN	2	False	0.00	neutral
rapidly	RB	2	False	0.00	neutral
tower	NN	2	False	0.00	polite
peddle	NN	2	False	0.00	impolite
awry	NN	2	False	0.00	neutral
sized	VBN	2	False	0.00	impolite
glimpse	NN	2	False	0.00	impolite
override	NN	2	False	0.00	impolite
adjuster	NN	2	False	0.00	impolite
drain	NN	2	False	0.00	neutral
foundational	JJ	2	False	0.00	somewhat polite
correspondence	NN	2	False	0.00	somewhat polite
overcrowd	NN	2	False	0.00	neutral
tulip	NN	2	False	0.00	polite
deluxe	NN	2	False	0.60	neutral
advisable	JJ	2	False	0.00	polite
villa	NN	2	False	0.00	polite
compromise	NN	2	False	0.00	neutral
except	IN	2	False	0.00	neutral
kanban	NN	2	False	0.00	polite
drag	NN	2	False	-0.10	impolite
individually	RB	2	False	0.00	neutral
hmm	NN	2	False	0.00	somewhat polite
l	NN	2	False	0.00	neutral
walkthrough	NN	2	False	0.00	polite
retailer	NN	2	False	0.00	neutral
whale	NN	2	False	0.00	impolite
retroactively	RB	2	False	0.00	polite
neglect	NN	2	False	0.00	impolite
seasoning	VBG	2	False	0.00	neutral
undo	NN	2	False	0.00	impolite
replenish	NN	2	False	0.00	neutral
signal	NN	2	False	0.00	neutral
faith	NN	2	False	0.00	neutral
cataloging	VBG	2	False	0.00	neutral
gathering	NN	2	False	0.00	somewhat polite
crm	NN	2	False	0.00	neutral
ill	NN	2	False	-0.50	impolite
isolated	JJ	2	False	0.00	polite
shrug	NN	2	False	0.00	impolite
affordability	NN	2	False	0.00	neutral
extortionate	NN	2	False	0.00	impolite
crop	NN	2	False	0.00	neutral
contingency	NN	2	False	0.00	impolite
overbooking	VBG	2	False	0.00	neutral
huh	NN	2	False	0.00	impolite
guardian	NN	2	False	0.00	neutral
jog	NN	2	False	0.00	impolite
favorable	JJ	2	False	0.00	neutral
guard	NN	2	False	0.00	polite
blog	NN	2	False	0.00	polite
microwave	NN	2	False	0.00	impolite
cooler	NN	2	False	0.00	neutral
interlibrary	JJ	2	False	0.00	neutral
sacrifice	NN	2	False	0.00	impolite
delegate	NN	2	False	0.00	neutral
unmatched	JJ	2	False	0.00	polite
utilized	JJ	2	False	0.00	neutral
wakeboard	NN	2	False	0.00	neutral
cybersecurity	NN	2	False	0.00	neutral
ufc	NN	2	False	0.00	impolite
wonderland	NN	2	False	0.00	impolite
dropped	VBD	2	False	0.00	neutral
scope	NN	2	False	0.00	neutral
watercraft	NN	2	False	0.00	neutral
revoke	NN	2	False	0.00	neutral
furnish	JJ	2	False	0.00	somewhat polite
licensing	NN	2	False	0.00	neutral
adjusts	NNS	2	False	0.00	neutral
helping	VBG	2	False	0.00	somewhat polite
roi	NN	2	False	0.00	neutral
torn	NN	2	False	0.00	impolite
gazpacho	NN	2	False	0.00	polite
gingerbread	NN	2	False	0.00	neutral
pok	NN	2	False	0.00	somewhat polite
mon	NN	2	False	0.00	somewhat polite
regrettable	JJ	2	False	0.00	impolite
unfavorable	JJ	2	False	0.00	neutral
complication	NN	2	False	0.00	neutral
proven	NN	2	False	0.00	impolite
cleanser	NN	2	False	0.00	polite
compenstate	NN	2	False	0.00	impolite
injured	JJ	2	False	0.00	impolite
underwhelming	VBG	2	False	0.00	impolite
unfamiliar	JJ	2	False	0.00	neutral
furnishing	VBG	2	False	0.00	polite
indoors	NNS	2	False	0.00	neutral
photoshop	NN	2	False	0.00	polite
magazine	NN	2	False	0.00	polite
resent	NN	2	False	0.00	neutral
volleyball	NN	2	False	0.00	neutral
classroom	NN	2	False	0.00	neutral
noon	NN	2	False	0.00	neutral
hdmi	NN	2	False	0.00	somewhat polite
engineer	NN	2	False	0.00	impolite
trusted	VBN	2	False	0.00	neutral
filter	NN	2	False	0.00	neutral
negativity	NN	2	False	0.00	impolite
artisan	NN	2	False	0.00	neutral
landmarks	NNS	2	False	0.00	polite
toilet	NN	2	False	-0.03	impolite
camel	NN	2	False	0.00	impolite
execution	NN	2	False	0.00	neutral
coordination	NN	2	False	0.00	impolite
choppy	JJ	2	False	-0.20	impolite
butt	NN	2	False	0.00	impolite
umpteenth	JJ	2	False	0.00	impolite
discontinued	VBN	2	False	0.00	impolite
verbal	NN	2	False	0.00	neutral
wasteful	NN	2	False	0.00	impolite
avenue	NN	2	False	0.00	neutral
intermission	NN	2	False	0.00	neutral
procedures	NNS	2	False	0.00	neutral
intellectually	RB	2	False	0.30	impolite
latecomer	NN	2	False	0.00	neutral
harmony	NN	2	False	0.00	polite
improved	VBN	2	False	0.00	neutral
presenting	VBG	2	False	0.00	neutral
documentary	NN	2	False	0.00	neutral
clutter	NN	2	False	0.00	impolite
netflix	NN	2	False	0.00	impolite
awe	NN	2	False	0.00	polite
poster	NN	2	False	0.00	impolite
roar	NN	2	False	0.00	polite
confidently	RB	2	False	0.50	polite
bomb	NN	2	False	0.00	impolite
sky	NN	2	False	0.00	impolite
prone	NN	2	False	0.00	neutral
chat	NN	2	False	0.00	neutral
literate	NN	2	False	0.00	impolite
orca	NN	2	False	0.00	impolite
losing	VBG	2	False	0.00	neutral
futility	NN	2	False	0.00	impolite
generosity	NN	2	False	0.00	impolite
london	NN	2	False	0.00	neutral
cage	NN	2	False	0.00	impolite
paradise	NN	2	False	0.00	impolite
drone	NN	2	False	0.00	impolite
diagnosis	NN	2	False	0.00	neutral
partnership	NN	2	False	0.00	neutral
meatball	NN	2	False	0.00	neutral
sub	NN	2	False	0.00	neutral
empathy	NN	2	False	0.00	neutral
misleading	VBG	2	False	0.00	impolite
rack	NN	2	False	0.00	impolite
tiger	NN	2	False	0.00	neutral
dumb	NN	2	False	-0.38	impolite
defensive	NN	2	False	0.00	impolite
fried	VBN	2	False	0.00	neutral
earth	NN	2	False	0.00	impolite
xx	NN	2	False	0.00	neutral
journal	NN	2	False	0.00	impolite
breeze	NN	2	False	0.00	polite
zip	NN	2	False	0.00	impolite
bakerylove	NN	2	False	0.00	polite
handbook	NN	2	False	0.00	impolite
superior	JJ	2	False	0.70	impolite
gumbo	NN	2	False	0.00	neutral
clumsiness	NN	2	False	0.00	impolite
arithmetic	JJ	2	False	0.00	impolite
lindsey	NN	2	False	0.00	impolite
vonn	NN	2	False	0.00	impolite
mismanagement	NN	2	False	0.00	impolite
dresser	NN	2	False	0.00	impolite
fauna	NN	2	False	0.00	polite
hone	NN	2	False	0.00	polite
template	NN	2	False	0.00	neutral
compel	NN	2	False	0.00	neutral
salon	NN	2	False	0.00	neutral
belly	RB	2	False	0.00	neutral
mimic	NN	2	False	0.00	polite
boundary	NN	2	False	0.00	neutral
teaching	VBG	2	False	0.00	neutral
dash	NN	2	False	0.00	polite
fellow	NN	2	False	0.00	polite
excessively	RB	2	False	-0.25	impolite
spacious	JJ	2	False	0.00	neutral
velvet	NN	2	False	0.00	neutral
repetitive	NN	2	False	-0.25	impolite
foster	NN	2	False	0.00	polite
mayo	NN	2	False	0.00	impolite
posted	VBN	2	False	0.00	neutral
relying	VBG	2	False	0.00	impolite
prescribed	NNS	2	False	0.00	neutral
awareness	NN	2	False	0.00	impolite
splatter	NN	2	False	0.00	impolite
condescend	NN	2	False	0.00	impolite
flow	NN	2	False	0.00	impolite
moon	NN	2	False	0.00	impolite
uninterrupted	JJ	2	False	0.00	neutral
melted	VBN	2	False	0.00	impolite
budgetlover	NN	2	False	0.00	polite
whiner	NN	2	False	0.00	impolite
visionary	JJ	2	False	0.00	impolite
cappuccino	NN	2	False	0.00	neutral
argument	NN	2	False	0.00	impolite
ungrateful	JJ	2	False	0.00	impolite
pier	NN	2	False	0.00	neutral
stimulation	NN	2	False	0.00	impolite
unparalleled	JJ	2	False	0.00	polite
crab	NN	2	False	0.00	polite
tolerable	JJ	2	False	0.00	somewhat polite
promptness	NN	2	False	0.00	neutral
signing	NN	2	False	0.00	polite
curtain	NN	2	False	0.00	polite
bruise	NN	2	False	0.00	impolite
engine	NN	2	False	0.00	neutral
complementary	NN	2	False	0.00	polite
india	NN	2	False	0.00	neutral
cringeworthy	NN	2	False	0.00	impolite
thoughtful	JJ	2	False	0.40	polite
thrown	NN	2	False	0.00	impolite
united	JJ	2	False	0.00	neutral
painter	NN	2	False	0.00	impolite
brainstorming	NN	2	False	0.00	neutral
belong	NN	2	False	0.00	impolite
era	NN	2	False	0.00	impolite
drill	NN	2	False	0.00	polite
accountability	NN	2	False	0.00	impolite
drown	NN	2	False	0.00	impolite
hack	NN	2	False	0.00	impolite
expertly	RB	2	False	0.00	polite
beneath	NN	2	False	0.00	impolite
mapping	NN	2	False	0.00	neutral
masala	NN	2	False	0.00	neutral
worthy	NN	2	False	0.33	impolite
overwatering	VBG	2	False	0.00	neutral
sloth	NN	2	False	0.00	impolite
sleeve	NN	2	False	0.00	impolite
wimp	NN	2	False	0.00	impolite
companion	NN	2	False	0.00	neutral
speech	NN	2	False	0.00	neutral
organizers	NNS	2	False	0.00	somewhat polite
restroom	NN	2	False	0.00	neutral
mediocrity	NN	2	False	-0.20	impolite
abandon	NN	2	False	0.00	impolite
her	PRP$	2	True	0.00	neutral
nerve	NN	2	False	0.00	impolite
roaring	VBG	2	False	0.00	polite
tapa	NN	2	False	0.00	neutral
commentary	NN	2	False	0.00	impolite
seasoned	VBN	2	False	0.25	polite
cure	NN	2	False	0.00	impolite
kingdom	NN	2	False	0.00	polite
turnout	NN	2	False	0.00	polite
birth	NN	2	False	0.00	neutral
cheer	NN	2	False	0.00	neutral
nd	NN	2	False	0.00	neutral
languages	NNS	2	False	0.00	neutral
oled	VBN	2	False	0.00	neutral
headache	NN	2	False	0.00	impolite
joy	NN	2	False	0.80	polite
strength	NN	2	False	0.00	polite
soap	NN	2	False	0.00	impolite
spin	NN	2	False	0.00	neutral
comparable	JJ	2	False	0.00	neutral
observation	NN	2	False	0.00	polite
palm	NN	2	False	0.00	impolite
sustainably	RB	2	False	0.00	neutral
tremendous	JJ	2	False	0.33	polite
durable	JJ	2	False	0.00	impolite
wherever	NN	2	False	0.00	impolite
invite	NN	2	False	0.00	neutral
intro	NN	2	False	0.00	impolite
avoidance	NN	2	False	0.00	neutral
china	NN	2	False	0.00	impolite
takeaway	NN	2	False	0.00	polite
cheat	NN	2	False	0.00	impolite
leader	NN	2	False	0.00	impolite
brazilian	JJ	2	False	0.00	neutral
jiu	NN	2	False	0.00	neutral
jitsu	NN	2	False	0.00	neutral
hangover	NN	2	False	0.00	impolite
coddling	VBG	2	False	0.00	impolite
captain	NN	2	False	0.00	impolite
backstage	NN	2	False	0.00	neutral
elf	NN	2	False	0.00	impolite
symptom	NN	2	False	0.00	neutral
technician	JJ	2	False	0.00	neutral
helicopter	NN	2	False	0.00	impolite
fossil	NN	2	False	0.00	neutral
suffer	NN	2	False	0.00	impolite
baby	NN	2	False	0.00	impolite
bottom	NN	2	False	0.00	neutral
harder	NN	2	False	-0.10	impolite
sparse	NN	2	False	0.00	neutral
commend	NN	2	False	0.00	polite
spanish	JJ	2	False	0.00	neutral
mandarin	NN	2	False	0.00	neutral
creme	NN	2	False	0.00	neutral
brulee	NN	2	False	0.00	neutral
petting	VBG	2	False	0.00	impolite
resend	NN	2	False	0.00	neutral
adorable	JJ	2	False	0.50	polite
horrible	JJ	2	False	-1.00	impolite
freak	NN	2	False	0.00	impolite
tempura	NN	2	False	0.00	neutral
ambassador	NN	2	False	0.00	neutral
officer	NN	2	False	0.00	neutral
dingy	NN	2	False	0.00	impolite
reassign	NN	2	False	0.00	neutral
pressing	VBG	2	False	0.00	impolite
reserved	VBN	2	False	0.00	neutral
spreadsheet	NN	2	False	0.00	impolite
sightsee	NN	2	False	0.00	impolite
refrigerated	VBN	2	False	0.00	neutral
tuna	NN	2	False	0.00	neutral
cell	NN	2	False	0.00	impolite
frill	NN	2	False	0.00	impolite
delicate	NN	2	False	-0.30	neutral
sardine	NN	2	False	0.00	impolite
courteous	JJ	2	False	0.60	polite
desert	NN	2	False	0.00	impolite
entertaining	VBG	2	False	0.50	neutral
article	NN	2	False	0.00	neutral
gelato	NN	2	False	0.00	polite
math	NN	2	False	0.00	impolite
optimization	NN	2	False	0.00	neutral
mouthwatering	VBG	2	False	0.00	polite
homemade	NN	2	False	0.00	polite
containing	VBG	2	False	0.00	somewhat polite
departing	VBG	2	False	0.00	neutral
sauna	NN	2	False	0.00	impolite
experimental	NN	2	False	0.10	impolite
maintained	VBN	2	False	0.00	neutral
clock	NN	2	False	0.00	impolite
pummel	NN	2	False	0.00	impolite
archive	JJ	2	False	0.00	somewhat polite
tardiness	NN	2	False	0.00	impolite
readily	RB	2	False	0.20	neutral
survey	NN	2	False	0.00	neutral
inclusion	NN	2	False	0.00	polite
waterproofing	VBG	2	False	0.00	neutral
misfortune	NN	2	False	0.00	impolite
bot	NN	2	False	0.00	impolite
colony	NN	2	False	0.00	impolite
export	NN	2	False	0.00	neutral
reopens	NNS	2	False	0.00	neutral
standby	NN	2	False	0.00	neutral
usable	JJ	2	False	0.00	neutral
greed	NN	2	False	0.00	impolite
felt	NN	2	False	0.00	impolite
warrantify	NN	2	False	0.00	impolite
messaging	VBG	2	False	0.00	polite
flavorless	NN	2	False	0.00	impolite
inefficiency	NN	2	False	0.00	impolite
buffalo	NN	2	False	0.00	neutral
celiac	NN	2	False	0.00	impolite
disease	NN	2	False	0.00	impolite
anti	NN	2	False	0.00	neutral
caribbean	NN	2	False	0.00	neutral
pronounce	NN	2	False	0.00	impolite
supporting	VBG	2	False	0.25	neutral
sparkling	VBG	2	False	0.00	neutral
reconfiguring	VBG	2	False	0.00	neutral
peek	NN	2	False	0.00	neutral
adventurous	JJ	2	False	0.50	polite
district	NN	2	False	0.00	neutral
appropriately	RB	2	False	0.50	somewhat polite
impatience	NN	2	False	0.00	impolite
pant	NN	2	False	0.00	neutral
offline	NN	2	False	0.00	neutral
mishap	NN	2	False	0.00	impolite
screenshot	NN	2	False	0.00	neutral
overlook	NN	2	False	0.00	impolite
fat	NN	2	False	0.00	neutral
lassi	NN	2	False	0.00	polite
academic	JJ	2	False	0.00	impolite
riptide	NN	2	False	0.00	impolite
sunset	NN	2	False	0.00	neutral
integrated	VBN	2	False	0.00	neutral
occupancy	NN	2	False	0.00	neutral
prison	NN	2	False	0.00	impolite
grown	NN	2	False	0.00	neutral
ear	NN	2	False	0.00	impolite
translate	NN	2	False	0.00	impolite
carpet	NN	2	False	0.00	impolite
headgear	NN	2	False	0.00	neutral
changing	VBG	2	False	0.00	polite
platypus	NN	2	False	0.00	impolite
beaver	NN	2	False	0.00	impolite
balanced	VBN	2	False	0.00	polite
teleport	NN	2	False	0.00	impolite
obligation	NN	2	False	0.00	neutral
imagine	NN	2	False	0.00	neutral
mailbox	NN	2	False	0.00	neutral
glow	NN	2	False	0.00	neutral
ownership	NN	2	False	0.00	neutral
caters	NNS	2	False	0.00	neutral
shadow	NN	2	False	0.00	polite
artistry	NN	2	False	0.00	neutral
ethic	JJ	2	False	0.00	impolite
hobbyist	NN	2	False	0.00	impolite
instagram	NN	2	False	0.00	impolite
geez	NN	2	False	0.00	impolite
dictionary	JJ	2	False	0.00	neutral
dud	NN	2	False	0.00	impolite
backpacker	NN	2	False	0.00	neutral
amphibians	NNS	2	False	0.00	neutral
exploration	NN	2	False	0.00	polite
soundproof	NN	2	False	0.00	impolite
assume	VB	2	False	0.00	neutral
spectacular	NN	2	False	0.60	polite
sol	NN	2	False	0.00	impolite
disagree	NN	2	False	0.00	impolite
ugly	RB	2	False	-0.70	impolite
elephant	NN	2	False	0.00	neutral
satellite	NN	2	False	0.00	neutral
lively	RB	2	False	0.14	polite
gf	NN	2	False	0.00	impolite
symbol	NN	2	False	0.00	impolite
arrangements	NNS	2	False	0.00	somewhat polite
caviar	NN	2	False	0.00	impolite
crowds	NN	2	False	0.00	neutral
hardworking	VBG	2	False	0.00	neutral
snorkel	NN	2	False	0.00	neutral
liner	NN	2	False	0.00	impolite
arboretum	NN	2	False	0.00	impolite
finger	NN	2	False	0.00	impolite
sedan	NN	2	False	0.00	neutral
trunk	NN	2	False	0.00	neutral
butler	NN	2	False	0.00	neutral
achievement	NN	2	False	0.00	polite
conclude	NN	2	False	0.00	neutral
corporation	NN	2	False	0.00	impolite
finding	VBG	2	False	0.00	neutral
continuously	RB	2	False	0.00	polite
provocative	NN	2	False	0.00	impolite
crutch	NN	2	False	0.00	impolite
pacific	NN	2	False	0.00	neutral
olympic	NN	2	False	0.00	impolite
showing	VBG	2	False	0.00	neutral
massive	JJ	2	False	0.00	neutral
logic	NN	2	False	0.00	impolite
expedition	NN	2	False	0.00	impolite
elm	NN	2	False	0.00	neutral
arriving	VBG	2	False	0.00	neutral
domestic	JJ	2	False	0.00	neutral
palette	NN	2	False	0.00	neutral
harass	NN	2	False	0.00	impolite
manifest	JJS	2	False	0.00	neutral
predominantly	RB	2	False	0.00	neutral
portrait	NN	2	False	0.00	neutral
suv	NN	2	False	0.00	neutral
quaint	NN	2	False	0.00	polite
bleed	NN	2	False	0.00	impolite
etiquette	NN	2	False	0.00	polite
survive	NN	2	False	0.00	neutral
giant	NN	2	False	0.00	neutral
iconic	NN	2	False	0.50	polite
earplug	NN	2	False	0.00	impolite
mini	NN	2	False	0.00	impolite
kiosk	NN	2	False	0.00	neutral
minded	VBN	2	False	0.00	neutral
uneven	RB	2	False	-0.20	impolite
unwarranted	JJ	2	False	0.00	impolite
avant	NN	2	False	0.00	impolite
garde	NN	2	False	0.00	impolite
alarm	NN	2	False	0.00	neutral
golfer	NN	2	False	0.00	neutral
diner	NN	2	False	0.00	impolite
dermatologist	NN	2	False	0.00	neutral
aesthetic	JJ	2	False	0.00	neutral
shared	VBN	2	False	0.00	neutral
banana	NN	2	False	0.00	impolite
