"text","true_label","predicted_label"
"Fresh produce is always of high quality here.","polite","neutral"
"I'm checking on the status of your flight. Can you please confirm your flight number and departure date?","somewhat polite","neutral"
"I understand your concern about your child's playing time, but let's focus on the facts - they're still learning the game and need more practice.","somewhat polite","impolite"
"I apologize for the inconvenience, but it seems we're fully booked for the dates you requested. Would you like me to suggest alternative accommodations or check for any last-minute cancellations?","somewhat polite","polite"
"I appreciate your feedback about the camping gear, and I'll make sure to pass it along to our product team.","polite","somewhat polite"
"Prices seem reasonable, but I didn't buy anything.","neutral","impolite"
"I appreciate your interest in our creative skills course, and I'm happy to answer any questions you may have about it.","polite","somewhat polite"
"We can't accommodate your request for a refund because our airline's policy clearly states no refunds are given after the flight has taken off.","impolite","neutral"
"I'm happy to help you with your query about our home decor collection. Can you please provide more details so I can assist you better?","somewhat polite","polite"
"It was an average performance, nothing special.","somewhat polite","neutral"
"I'm not sure what's wrong with you, but the coffee here is fine.","impolite","somewhat polite"
"We're happy to help you with your concerns about our water sports program. Can you please provide more details so we can better assist you?","polite","somewhat polite"
"I'm sorry to hear that your order hasn't arrived yet. Can you please provide me with your order number so I can look into this further?","somewhat polite","neutral"
"I'm sorry to hear that the couch didn't meet your expectations. Can you please provide more details about the issue so I can assist you further?","somewhat polite","neutral"
"We can't provide a refund for your online course, but I can offer you a discount on our next course if you can manage to pass the current one, which is clearly not your thing.","impolite","somewhat polite"
"We can't accommodate your request for a free meal, as our policy clearly states that we don't offer complimentary food to anyone.","impolite","neutral"
"I'm sorry, but it seems you've missed the last check-in for your flight. I guess you'll have to learn to be more punctual next time.","impolite","somewhat polite"
"Your return policy clearly states that items must be returned within 30 days, so unfortunately, you're outside of that window.","neutral","impolite"
"Unfortunately, our courts are still closed for renovations until the end of the summer, so you won't be able to use the tennis facilities as planned. We'll send you a notification once they reopen.","somewhat polite","neutral"
"We offer a variety of courses to help you develop your creative skills, including graphic design, photography, and writing. If you're interested in learning more about our courses, I'd be happy to provide you with more information on pricing and schedules.","polite","neutral"
"Unfortunately, our halal menu options are only available during Ramadan. However, we can still accommodate your dietary preferences with our standard menu items. Would you like me to recommend some options?","neutral","somewhat polite"
"I'm sorry to hear our store is out of your favorite seasonal produce. We're expecting a new shipment next week, but in the meantime, you can try substituting with a similar product from our current stock.","somewhat polite","neutral"
"I'm sorry to hear that you're having trouble finding a suitable play for the upcoming cultural festival. We have a variety of shows lined up, but I'd be happy to help you narrow down some options based on your interests. Can you please let me know what type of performance you're in the mood for?","somewhat polite","polite"
"Certainly, I can assist you with that. Our professional development courses include creative skills programming. The cost for these courses varies, but we do offer discounts for early registration. Let me know if you would like more information.","somewhat polite","neutral"
"Unfortunately, our airline has experienced some technical difficulties, and your flight has been delayed. However, our team is working hard to resolve the issue as soon as possible, and we'll keep you updated on the latest developments.","somewhat polite","neutral"
"I appreciate your concern about the additional fee on your bill. Unfortunately, it's a standard charge for our luxury travel packages, especially during peak season when demand is high. However, I can offer you a complimentary upgrade to a higher-tier package for your next booking, which would waive the fee.","somewhat polite","polite"
"I'm happy to help with your pizza order. Unfortunately, our summer promotion has ended, so you won't be able to get the discounted price you're looking for. However, I can offer you a 10% discount on your next order if you sign up for our rewards program.","polite","somewhat polite"
"I've checked our system, and it seems there was a temporary delay with the bus rental service. Your reservation is still confirmed, and the driver will meet you at the scheduled time.","polite","neutral"
"I'm sorry you're experiencing difficulties with our online course platform. It seems your progress has been interrupted. Let me see what I can do to help you get back on track.","neutral","somewhat polite"
"Unfortunately, it seems that our integration training is taking longer than expected. I can provide you with an estimated completion time and offer assistance in the meantime if needed.","polite","neutral"
"Unfortunately, it seems our recent system update resulted in an unexpected fee being applied to your account. I can look into this further and see what I can do to rectify the situation.","neutral","somewhat polite"
"Unfortunately, our summer reading program is fully booked at the moment, but I can add you to the waitlist and let you know if any spots become available.","neutral","somewhat polite"
"Unfortunately, our design course is already fully booked for the summer, but we can offer you a spot in our fall session. Would you like me to reserve a spot for you?","neutral","somewhat polite"
"I'm sorry to hear that your train ticket has been delayed. Unfortunately, these types of issues are common during peak season and can be caused by a variety of factors. I can offer you a refund or compensation, but you'll need to provide your ticket number and a detailed description of the delay.","neutral","somewhat polite"
"Certainly, I can understand how you might feel confused about the price of that toy. The cost includes not only the toy itself, but also the high-quality materials and careful craftsmanship that go into making it. I hope this helps clarify things for you.","polite","somewhat polite"
"I appreciate you bringing this to our attention, and I'd be happy to help you understand the fees associated with your loan. It seems there may have been an error in our previous communication, and I'm here to clarify things for you. Can you please provide me with more information about your loan, such as the date and amount, so I can look into this further and provide a more detailed explanation?","polite","somewhat polite"
"I appreciate your patience as we check on the status of your order. Unfortunately, it appears there was an issue with our delivery partner, and your items are running a bit behind schedule. We're working to get them to you as soon as possible.","polite","somewhat polite"
"I'm not sure why our court reservation system is showing you as booked for the entire month, but I can try to help you find an available time slot. Can you please check your email for a confirmation message and see if there's any additional information there?","neutral","somewhat polite"
"I'm not sure why our store's website says we have the new Lego set in stock, but when I checked our inventory, it's actually sold out. I can offer you a rain check or let you know when it's back in stock.","neutral","somewhat polite"
"I'd be happy to help you with that. Our store policy is that all sales are final, but I can offer you a store credit for the full amount if you'd like to exchange it for something else.","somewhat polite","polite"
"I'm sorry to hear our store's website isn't showing the correct prices for the toys and games you're looking for. Can you please tell me the exact items you're interested in and I'll check our inventory for you?","neutral","somewhat polite"
"I'm sorry to hear that our store's website isn't showing the correct price for the new smart TV you're interested in. I can check on the availability and prices for you over the phone.","somewhat polite","polite"
"I'm sorry to hear that your kayak rental was cancelled due to bad weather. Our policy states that we offer full refunds for cancelled rentals, so you should be able to get a full refund back to your original payment method.","polite","somewhat polite"
"I understand you're having some trouble with your membership renewal, and I'd be happy to help you work through the process. Can you please confirm your membership details, and I'll do my best to assist you in getting it sorted out for the upcoming semester.","somewhat polite","polite"
"I'd be happy to help you with that. Our winter collection is currently on sale, and I think you might find something you like. Would you like me to show you some options?","somewhat polite","polite"
"I appreciate your patience while we review your account. The fees you're seeing are likely due to our quarterly statement processing, which can sometimes result in additional charges. If you have any questions or concerns, please let me know and I'll do my best to clarify things for you.","somewhat polite","polite"
"I'd be happy to help you with your bootcamp enrollment. We've had some recent updates to our payment processing, which might be causing the discrepancy. Can you please try logging in to your account to see if the issue has resolved itself?","polite","somewhat polite"
"I'd be happy to help you with that sweater. Since it's winter, I can offer you a 20% discount on our clearance section, but you'll need to provide a valid student ID to qualify.","polite","somewhat polite"
"I'd be happy to help you with that! Our halal menu options are designed to cater to customers with dietary restrictions. Can you please let me know which dish you're interested in, and I'll be happy to provide more information on the ingredients used?","polite","somewhat polite"
"I'm not sure why our membership fees are so high for water sports, but I can look into it for you. We have a summer promotion going on, so you might be able to get a discount if you sign up now.","neutral","somewhat polite"
"I'd be happy to help you with that. Our halal menu options are clearly labeled, so you can make an informed choice. If you're unsure about any of the dishes, feel free to ask your server for guidance.","neutral","somewhat polite"
"I appreciate you reaching out about the issue with your sofa. Unfortunately, it's past the return window, but I can offer a 10% discount on your next purchase if you'd like to keep the item.","somewhat polite","polite"
"I'm sorry to hear our store is out of stock on the smartwatch you were looking for. We can offer you a raincheck or check availability at a different location.","somewhat polite","neutral"
"I'm sorry to hear that your flight was delayed due to weather conditions. Unfortunately, we can't control the weather, but we can offer you a voucher for a future flight.","somewhat polite","neutral"
"Certainly, I can understand why you might be confused about the additional charge. It's quite common for there to be fees associated with booking cruises and ferries in advance. I'm here to help, so just let me know if you'd like me to explain in more detail.","somewhat polite","polite"
"Certainly, I can understand if you're looking to improve your soft skills in the realm of professional development. Our courses cover a wide range of topics, including communication, leadership, and teamwork. I would be happy to provide more information if you're interested.","neutral","somewhat polite"
"I'd be happy to help you improve your creative skills, but first, let's check if you've completed the prerequisite courses. If not, I can provide you with a list of recommended resources to get started.","polite","somewhat polite"
"I'm happy to help you with your buffet reservation, but please note that our peak season rates apply from now until the end of summer. If you'd like to book a table, I can provide you with more information on our pricing and availability.","somewhat polite","polite"
"I'd be happy to help you with your vegetarian options! Our menu changes seasonally, but we always have a few delicious choices available. Would you like me to recommend something?","polite","somewhat polite"
"Unfortunately, our summer menu is no longer available, but we're excited to introduce our new fall flavors. Would you like me to recommend something?","polite","somewhat polite"
"It sounds like you're looking to explore some new creative avenues.  We offer a variety of workshops that could be a good fit. Would you like to hear about some options?","somewhat polite","polite"
"I understand you're looking for a budget-friendly option for your summer vacation, but our prices may vary depending on the season. I can offer you a discount if you book within the next 24 hours.","polite","somewhat polite"
"I'd be happy to help you optimize your creative skills, but I do need to clarify that our online course fees are non-refundable once you've started the program. However, we do offer a 30-day money-back guarantee for new students, so if you're not satisfied, we can discuss a potential refund.","polite","somewhat polite"
"As we're currently in the midst of summer, I'd recommend our refreshing summer salads, which are all vegan-friendly. However, if you're looking for something a bit more substantial, our quinoa bowls are also a popular choice among our vegetarian customers.","polite","somewhat polite"
"I'm not sure why our online course materials aren't accessible to you. Can you try clearing your browser cache and see if that resolves the issue?","somewhat polite","neutral"
"Sorry to hear that you're having trouble with your dessert order. Can you please confirm the order number and the issue you're experiencing? I'll do my best to assist you and get it resolved as soon as possible.","polite","somewhat polite"
"I apologize for the inconvenience with your recent flight. Unfortunately, due to the high volume of passengers during the peak summer season, there seems to have been a delay in processing your luggage. We're doing our best to reunite you with your belongings as soon as possible.","somewhat polite","polite"
"I'm sorry to hear you're having trouble finding a tennis court reservation. We're currently in the midst of the summer season, and our courts are quite popular. However, I can offer you some alternatives - have you considered visiting our courts during the early morning or evening hours when they're less crowded?","polite","somewhat polite"
"I'm afraid our summer specials menu has already ended, but we're offering a new seasonal selection that's just as delicious. Would you like me to recommend some options from our current menu?","somewhat polite","neutral"
"I understand you're experiencing some issues with your recent statement. Our records show that the discrepancy is due to a one-time fee for a security update. Would you like me to explain it in more detail?","polite","somewhat polite"
"I'm sorry to hear that you're experiencing issues with your policy's premium increase. Our rates are subject to change based on various market factors, and I can explain the details to you if you'd like.","somewhat polite","neutral"
"Certainly, I can assist you with that. Our policy states that any changes or cancellations must be made at least 24 hours before the scheduled departure time. I trust this clarifies your query.","polite","neutral"
"I'm happy to help you plan your visit to our botanical garden, but I do want to note that our summer hours are in effect until the end of September, and some of our outdoor exhibits may be closed due to maintenance.","neutral","somewhat polite"
"I'm sorry to hear that the dress you ordered is not in stock. Unfortunately, our summer collection has been selling out quickly, but I can offer you a similar style in a different size or color if you'd like.","somewhat polite","neutral"
"I'm sorry to hear that your membership renewal was declined due to unpaid fees. Can you please check your account balance and update your payment information so we can reinstate your membership?","polite","somewhat polite"
"Unfortunately, our courts are closed for renovations until the spring season. I can suggest some alternative indoor facilities in the meantime.","somewhat polite","neutral"
"I'd be happy to help you with your vegetarian options. Our menu changes seasonally, but we always have a few veggie-friendly dishes available. Can you please tell me more about what you're looking for?","somewhat polite","neutral"
"I understand you're looking for a budget-friendly option for your trip, and our economy flights do offer a cost-effective solution. However, please note that prices may vary depending on the time of year and availability, so I recommend checking our website for the latest deals.","polite","somewhat polite"
"The store policy is clear about returns, but I can make an exception this one time since it's a holiday season and you're a loyal customer. Please bring the toy and receipt back, and I'll help you with the exchange.","somewhat polite","neutral"
"I'm sorry to hear that your ferry reservation was cancelled due to bad weather. Unfortunately, our policy states that cancellations are non-refundable, but I can offer you a voucher for a future trip.","somewhat polite","neutral"
"Certainly, for theater events, we have a policy of not providing refunds once the ticket has been purchased. However, if the event is cancelled, we will ensure to notify you and provide a suitable resolution.","somewhat polite","neutral"
"Sorry to hear that you're having trouble with your membership renewal for the upcoming boxing season. Can you please check your account status and I'll be happy to assist you with any issues you're experiencing.","somewhat polite","polite"
"We've noticed an increased demand for our professional development workshops during the summer months, and I'd like to remind you that our early bird discounts are only available until the end of August. If you sign up now, you'll receive a 10% discount on the total course fee.","somewhat polite","polite"
"Certainly, I can help you with that. The library does have certain guidelines regarding book lending and fines. If you have any specific questions, feel free to ask.","somewhat polite","neutral"
"Unfortunately, it seems that our summer specials menu is no longer available, but I can offer you some alternative recommendations based on your previous orders.","polite","somewhat polite"
"I'd be happy to help you with your query about our seasonal bread promotion. Since you're planning to visit us during the holiday season, I want to make sure you're aware that our popular gingerbread loaf is only available for a limited time. Would you like me to reserve one for you or provide more information on our other festive offerings?","somewhat polite","polite"
"I'm not sure what's causing the discrepancy with your order, but our records show that you did receive a discount on your last purchase. Can I look into this further for you?","somewhat polite","neutral"
"I apologize for the inconvenience, but our store policy states that all sales are final. However, I can offer you a store credit for the full amount if you'd like to exchange it for something else.","somewhat polite","polite"
"We're currently out of your favorite seasonal smoothie flavors due to high demand. I can offer you some alternatives or suggest a time when we'll have them back in stock.","somewhat polite","neutral"
"I understand you're concerned about the extra charge on your statement. Our currency conversion fee is a standard practice when dealing with international transactions, and it's clearly outlined in our terms and conditions. If you have any further questions, I'd be happy to help clarify things for you.","somewhat polite","polite"
"Of course, I understand that you would like more information about the membership fees for individual sports. These fees cover the maintenance and operation of our sports facilities, and vary depending on the sport and frequency of use. I can provide you with a detailed breakdown if you'd like.","somewhat polite","neutral"
"I'm afraid our wakeboarding rentals are currently closed due to the off-season maintenance, but we'll be opening again in late spring. You can check our website for the exact dates.","somewhat polite","neutral"
"I'm sorry to hear that your flight was delayed due to bad weather. Unfortunately, these situations are often outside of our control, but I can provide you with information on how to claim compensation for the delay.","polite","somewhat polite"
"Sure, I can help you with that. Our sports club does have a policy for team sports participation fees, which vary depending on the season. I can provide you with a breakdown of the costs if you'd like.","somewhat polite","neutral"
"Unfortunately, our seasonal summer menu has ended, but our fall specials are now available. Would you like me to recommend something from our new menu?","polite","neutral"
"I'm not sure why our gluten-free menu options aren't showing up on the app, but it might be a technical issue on our end. Let me see what I can do to help resolve this for you.","neutral","somewhat polite"
"I've checked on your flight status, and it seems there was a slight delay due to weather conditions. Unfortunately, this might affect your connecting flight, but our team is working to get you to your destination as soon as possible.","somewhat polite","neutral"
"I'm happy to help you with your toy return. Since it's past the holiday season, I can offer you a store credit instead of a full refund. Would you like me to process the return and provide you with a credit voucher?","somewhat polite","polite"
"I appreciate your patience regarding the overdraft issue. Our system typically sends notifications 3-5 business days prior to the withdrawal, but sometimes these may be delayed. Would you like me to check on the status of the notification for you?","somewhat polite","polite"
"I'm not sure why you're being charged the extra fee for the kayak rental, but it's probably just a one-time processing fee. If you'd like more information, I can try to look into it further.","somewhat polite","neutral"
"I'm happy to help you with your question about our seasonal dessert menu. Unfortunately, our pumpkin spice cake is no longer available, but we do have a limited batch of winterberry trifle that's been a customer favorite this time of year. Would you like me to reserve a slice for you?","somewhat polite","polite"
"I'm happy to help you with your return, but we do need to see the original receipt and the item must be in its original condition, unworn and unwashed. If everything checks out, we'll be happy to process the return for you.","neutral","polite"
"I'm not sure why our online course isn't syncing properly with your account, but I can help you troubleshoot the issue if you'd like.","neutral","somewhat polite"
"Certainly, I can understand that you're looking for a high-end travel experience. Our luxury packages do include additional fees to cover the premium amenities and services. I would be happy to provide more details if you're interested.","polite","somewhat polite"
"I appreciate your interest in improving your writing skills through our online course. However, the fee you're seeing is likely due to the annual subscription renewal. If you'd like, I can provide more information on how to proceed with your subscription.","polite","somewhat polite"
"I understand you're concerned about the recent fees on your account. Our system typically updates on the 15th of each month, so it's possible the charges are from last month's maintenance. If you'd like, I can walk you through the details of your statement.","somewhat polite","polite"
"I understand you're concerned about the interest rate on your credit card. Please note that our annual percentage rate is clearly stated in your agreement, and any changes would be communicated to you in advance.","polite","somewhat polite"
"Unfortunately, our squash court reservations are currently fully booked for the next two weeks. However, you can try checking back with us next month when the summer season ends and things tend to slow down a bit.","neutral","somewhat polite"
"I'd be happy to help you with that! It seems you're having some issues with your water sports membership. Our current promotion is running until the end of the summer season, and I can offer you a 10% discount on your next purchase if you sign up for our newsletter.","neutral","polite"
"I'm sorry to hear that our recent menu changes didn't sit well with you. If you'd like to speak with a manager, I can arrange that for you.","polite","somewhat polite"
"Your TV's warranty has expired, but we can offer you a maintenance plan for a small fee. It's a great way to keep your device running smoothly and ensure you're covered in case anything goes wrong.","neutral","polite"
"We're currently offering a promotion for tennis racket maintenance services, which includes a free string replacement with the purchase of a new racket. However, this deal is only available until the end of the season, so it's best to act quickly if you're interested.","neutral","polite"
"Certainly, I can understand why you might have concerns about the cost. Here's a bit more information: our professional development courses come with a fee to cover the cost of top-notch instructors and materials. I hope this clarifies things for you.","polite","somewhat polite"
"I understand you're having some issues with your train ticket. Unfortunately, it seems there's a fee associated with the change. If you'd like, I can provide more information on the fees and what you can do to avoid them in the future.","somewhat polite","polite"
"I'm happy to help you understand the extra charge on your recent order. It appears to be a small processing fee for our online payment system, but I can provide more information if you'd like.","somewhat polite","polite"
"I'd be happy to help you with your luxury travel booking. However, I do want to inform you that there's an additional fee associated with the upgrade, which is standard across all our packages. If you'd like to proceed, I can provide you with more information on the details.","somewhat polite","polite"
"I understand your concern about the loan interest rate. Our rates are competitive, and I'd be happy to explain the calculation in more detail. Can you please provide me with your loan details so I can look into this further for you?","somewhat polite","polite"
"The performance of our latest production was sold out months in advance, but I can offer you a refund or a voucher for our next show if you'd like to reschedule.","neutral","somewhat polite"
"Unfortunately, our winter league registration is now closed, but you can still sign up for our spring season, which starts in a few months.","somewhat polite","neutral"
"I appreciate your feedback on our museum's winter hours. However, I'd like to clarify that our extended hours only apply during peak season, which typically runs from June to August. If you're planning a visit during this time, I recommend checking our website for the most up-to-date information.","somewhat polite","polite"
"We offer various training programs to help you develop your creative skills, including our popular graphic design course. Our courses are usually priced between $200-$500, but we do offer a 10% discount for students and seniors. However, it seems that you've been charged an additional $50 fee. I can look into this further and see what might have caused it.","somewhat polite","neutral"
"I'm not sure why our membership fees are so high this time of year, but I can check on some promotions for you. We usually have discounts for students and seniors during the summer months.","neutral","somewhat polite"
"Certainly, I understand that you may have some questions about the workshop fee. It covers the cost of materials and instructor time. I'm here to help if you'd like more information.","polite","somewhat polite"
"I'm afraid we're currently out of stock on that particular sofa model, but we do have a similar one available in a different fabric. Would you like me to hold one for you?","somewhat polite","neutral"
"I'm sorry to hear that our guided tour was cancelled due to inclement weather. We're offering a complimentary reschedule for the next available date, and I can provide more details on the new schedule if you'd like.","somewhat polite","polite"
"We're experiencing high demand during peak summer months, so it's taking a bit longer to process your request. I'll check on the status of your booking and get back to you within the next 24 hours.","somewhat polite","neutral"
"I apologize for the inconvenience, but the fee you're seeing is due to a one-time processing charge. If you'd like to know more about it, I can provide additional information.","somewhat polite","polite"
"I understand your concern about the unexpected fee. Our system occasionally flags certain transactions for review, which may result in a small additional charge. If you'd like, I can help you review the transaction and see if there's anything we can do to waive the fee.","polite","somewhat polite"
"Sorry to hear that your team's membership renewal was denied. Could you please check if your payment was processed successfully? If not, I can assist you in resolving the issue.","somewhat polite","polite"
"Certainly, I can assist you with that. For our integration training in professional development, there may be a small fee to cover resources and materials. I can provide more information if you'd like.","somewhat polite","polite"
"Unfortunately, our current loan options may not be the best fit for your financial situation. However, I can offer some alternative solutions that might be more suitable for you, and I'd be happy to walk you through the application process.","polite","somewhat polite"
"I'd be happy to help you with that. It looks like the issue might be with the shipping carrier. Let me see what I can do to resolve it for you.","polite","somewhat polite"
"I'm sorry to hear you're experiencing issues with our economy flight prices. We do offer some budget-friendly options during off-peak seasons, but they tend to fill up quickly. Would you like me to check availability for you?","neutral","somewhat polite"
"Unfortunately, the fee you're seeing is due to our annual account maintenance charges, which are standard across all accounts. I can provide you with more information on this if you'd like.","polite","somewhat polite"
"Unfortunately, our combat sports classes have a 24-hour cancellation policy. If you're unable to attend, please let us know as soon as possible to avoid any additional fees.","somewhat polite","neutral"
"I'd be happy to help you with your query about the sports equipment. Since it's nearing the end of the season, we're having a clearance sale, and I think you might find some great deals on the items you're looking for. Would you like me to check availability and pricing for you?","somewhat polite","polite"
"I appreciate your concern about the toy not being in stock. Unfortunately, it's a seasonal item and we've sold out for the summer. However, we do have some similar options available that might interest you. Would you like me to recommend some alternatives?","polite","somewhat polite"
"I'm happy to help you improve your time management skills. It seems like you're struggling to prioritize tasks effectively. I'd be happy to provide you with some tips and resources to help you stay on track.","somewhat polite","polite"
"I apologize for the delay in processing your order, but our team is working diligently to ensure it's prepared and ready for pickup by the end of the day.","polite","somewhat polite"
"I'm happy to help you with your concern about the upcoming boxing match. However, please note that all ticket sales are final and non-refundable, unless the event is cancelled or rescheduled.","somewhat polite","polite"
"I'm sorry to hear that our restaurant's menu doesn't have any gluten-free options that suit your taste. Can I suggest some nearby restaurants that might have better options for you?","somewhat polite","neutral"
"I'm sorry to hear that our menu options aren't meeting your expectations. We do have some seasonal specials that are available until the end of summer, and I can let you know what vegetarian options we have. Would you like me to list them out for you?","neutral","somewhat polite"
"I'm happy to help you with your query about the new Lego set. Unfortunately, it's currently out of stock, but I can suggest some similar products that are available. Would you like me to recommend a few options?","somewhat polite","polite"
"I'm afraid the dolphin show is cancelled due to unforeseen circumstances. However, we're offering a complimentary ticket to our sea lion exhibit instead. Would you like to take advantage of this offer?","somewhat polite","neutral"
"During the winter season, it's not uncommon for there to be some delays in travel due to inclement weather. I assure you we're doing our best to get you to your destination as quickly and comfortably as possible.","somewhat polite","polite"
"I'd be happy to help you with that. It seems like our fries were cooked for a bit longer than usual, which might have caused them to be a bit burnt. I can offer you a discount on your next purchase if you'd like to give us another chance.","polite","somewhat polite"
"I appreciate your concern about the unexpected fee on your account. It's likely due to our monthly subscription charge, which is clearly outlined in our terms and conditions. If you have any questions or need further clarification, I'd be happy to help.","somewhat polite","polite"
"I'm afraid our courts are closed for renovations until next month, but we're offering a special promotion for membership sign-ups before the reopening. Would you like to take advantage of this opportunity?","somewhat polite","neutral"
"Certainly! I understand you have a question about a charge related to electronics or appliances from our stores. The fee is most likely one of our standard service or maintenance charges. I can give you more information if you'd like.","neutral","polite"
"Certainly, I understand you have questions about the additional charge for the dessert item. This fee covers the cost of premium ingredients and extra preparation time required to create these delectable treats. I hope this clarifies the situation for you.","polite","somewhat polite"
"I appreciate your enthusiasm for our seasonal specials, but our summer menu is already live, so you won't be able to order the winter pizza you're looking for. Would you like me to recommend some of our popular summer options instead?","somewhat polite","polite"
"I'd be happy to help you with your buffet experience! It seems that you're having some trouble with the pricing. Our standard buffet rate is $25 per person, but we do have promotions and discounts available depending on the day and time of your visit. Can you please tell me more about your reservation and what you're looking for?","somewhat polite","polite"
"I understand you're disappointed with the recent cancellation of our boxing match, but our policy clearly states that refunds are only issued for events that are cancelled due to circumstances beyond our control. Let me see what I can do to help you with a possible reschedule or refund.","polite","somewhat polite"
"I'm glad you're interested in our upcoming workshop on time management. However, I do want to mention that the price you're seeing is due to an additional fee for the workshop materials. If you're still interested, I can provide more information on the package details.","polite","somewhat polite"
"Unfortunately, your team's membership renewal was declined due to an unpaid balance. Please check your account status and settle the outstanding amount to reinstate your membership.","polite","neutral"
"I understand you're concerned about the loan processing time, and I want to assure you that we're working diligently to finalize your application as soon as possible. Please allow a few more days for our team to review the documents, and we'll be in touch with an update.","polite","somewhat polite"
"I'm happy to help you with the new toy purchase. Unfortunately, it seems like the item you're looking for is currently out of stock. However, I can offer to put you on a waiting list or suggest a similar product that's available for purchase.","somewhat polite","polite"
"Unfortunately, it seems that our integration training sessions are fully booked for the next two weeks. However, I can offer you an alternative date or provide more information on our upcoming webinars if you're interested.","somewhat polite","neutral"
"I apologize for the inconvenience with your ferry booking, but it seems that the price you're seeing is due to a seasonal surge in demand. If you're willing to travel during off-peak hours, I can try to find a more affordable option for you.","somewhat polite","polite"
"I understand that your luggage didn't arrive on time for your Caribbean cruise, and I'm happy to help resolve the issue. Can you please provide your booking reference number so I can look into this further and get it resolved for you as soon as possible?","somewhat polite","polite"
"I'm afraid our summer reading program has already reached its capacity, but I can suggest some alternative events happening in the coming months.","somewhat polite","neutral"
"I'm sorry to hear that our skincare product didn't meet your expectations. However, as per our return policy, all items must be in their original packaging with a valid receipt to be eligible for a refund or exchange.","somewhat polite","neutral"
"I'm sorry to hear that you're having trouble with our online course materials. Unfortunately, our team is currently experiencing some technical difficulties, and we're working to resolve the issue as soon as possible.","neutral","somewhat polite"
"I appreciate your enthusiasm for our new training program, but I want to clarify that the additional cost is actually for the integration with our existing software. If you're interested in learning more about how this integration can benefit your team, I'd be happy to schedule a follow-up call to discuss the details.","polite","somewhat polite"
"Unfortunately, our insurance policy doesn't cover pre-existing conditions, but I can help you explore other options that might be a better fit for your needs.","neutral","somewhat polite"
"I understand your concern about the loan application process. Please note that our underwriting team reviews each application carefully, and we may request additional information to verify your income and credit history. If approved, you'll receive a detailed breakdown of the terms and conditions, including the interest rate and repayment schedule.","somewhat polite","polite"
"Certainly, I can understand why you're concerned about the additional fees. These charges are typically associated with our credit card's annual fees. However, I would be happy to discuss this further if you have any questions or concerns.","neutral","somewhat polite"
"Unfortunately, our sea lion exhibit is closed for renovations until next month, but our penguin enclosure is still open for visitors. If you're planning to visit, I recommend checking our website for the most up-to-date information on exhibit hours and availability.","somewhat polite","neutral"
"I'm sorry to hear that our couch didn't match the online description. We can offer a store credit or exchange it for a different piece, but you'll need to bring in the receipt and the item itself within the next 14 days.","somewhat polite","neutral"
"Unfortunately, our current promotion has ended, but we're offering a special discount for new members who sign up within the next two weeks. Would you like me to provide more information on the details?","neutral","somewhat polite"
"I'm afraid our gluten-free options are limited this time of year due to seasonal ingredient availability. However, we can offer you a vegan alternative that should suit your dietary needs.","somewhat polite","neutral"
"I'm sorry to hear that our winter gear wasn't what you were expecting. We do offer a 30-day return policy, but please note that items must be in their original condition with tags attached. If you'd like to initiate a return, I can guide you through the process.","polite","somewhat polite"
"I'm sorry to hear that our flight prices are higher than expected for your travel dates. We do offer budget-friendly options, but they tend to sell out quickly during peak season.","neutral","somewhat polite"
"I'm happy to help you with your question about our winter sports packages. If you're experiencing any issues with your booking, please let me know and I'll do my best to assist you. Additionally, I can provide information on our cancellation policies and fees if needed.","neutral","polite"
"Unfortunately, our summer menu doesn't include any gluten-free options for our signature dish, but we can recommend some other seasonal choices that might suit your needs.","somewhat polite","neutral"
"I'm not sure why our membership fees are so high this season, but I suppose it's to be expected when you're paying for top-notch facilities and expert coaching. Can I interest you in a payment plan to make it more manageable?","neutral","somewhat polite"
"We're experiencing high demand for our seasonal summer menu, and it might be taking a little longer to fulfill your order. I can provide you with an estimated delivery time if you'd like.","polite","neutral"
"I'm sorry to hear that you're experiencing issues with your team's membership renewal. Unfortunately, our prices do adjust seasonally, and it seems like you're being charged the higher rate for the summer season. If you'd like, I can look into possible discounts or promotions that might be available to you.","somewhat polite","polite"
"I'm sorry to hear you're having trouble with your ski membership renewal. However, our records indicate that the payment was successfully processed last month. If you're experiencing any issues with access, I recommend checking our website for updates on winter season passes.","somewhat polite","polite"
"Of course, I understand that you may have some concerns about the cost of the theater tickets. Our pricing is determined by the current demand and the seating selection. We do offer discounts for students and seniors during certain times of the year. I hope this helps explain the fee you see.","somewhat polite","polite"
"I'm happy to help you with your query regarding soft skills training. It seems that the course you're interested in is already full, but I can offer you a similar alternative that might suit your needs. Would you like me to send you more information about it?","somewhat polite","polite"
"Certainly, I can help you with that. Our regional menu often features seasonal dishes, could you please specify which particular dish or information you require assistance with?","polite","neutral"
"I'm happy to help you with your bootcamp concerns. Our policy states that all attendees must provide their own laptops, but we do offer a limited number of rentals for an additional fee. If you're interested, I can provide more information on the rental process.","polite","somewhat polite"
"I appreciate your enthusiasm to develop your public speaking skills, but it seems like our course registration deadline has passed. If you're interested in future sessions, I can add you to our waitlist and notify you when new dates become available.","somewhat polite","polite"
"Sorry to hear your tennis racket didn't meet your expectations. I can offer a replacement or refund, whichever you prefer, as long as it's within 30 days of purchase and you have the receipt.","polite","somewhat polite"
"I'm happy to help you with your query about the ferry schedule. It seems that the delay was due to unforeseen circumstances, but we're working to get you back on track as soon as possible. Please note that our customer service team is available 24/7 to assist you with any further questions or concerns.","somewhat polite","polite"
"We're experiencing a high volume of bookings during the summer season, which might be causing delays in processing your request. I can expedite the process for you if you'd like, but it will incur a small additional fee.","polite","neutral"
"I'm not sure why our halal menu options aren't showing up on your order summary, but let me check on that for you.","somewhat polite","neutral"
"I'm afraid our seasonal summer menu hasn't been updated yet, but we're working on it. Would you like me to check on the status for you?","somewhat polite","neutral"
"I'm sorry to hear that our winter sports equipment didn't meet your expectations. We have a 30-day return policy, and if you'd like to exchange it for a different size or style, please bring in your receipt and we'll be happy to assist you.","polite","somewhat polite"
"I'm sorry you're experiencing some issues with our menu, but our chef can accommodate a gluten-free option if you let us know in advance, please allow 24 hours for preparation.","neutral","somewhat polite"
"I'm sorry to hear you're experiencing issues with your travel insurance claim due to a pre-existing medical condition. Our policy does cover pre-existing conditions, but there are certain requirements that must be met for coverage to apply. Can you please provide more details about your condition and the policy you purchased?","polite","neutral"
"I'm happy to help you with your query about the price of the new winter coat. According to our current promotion, the coat is discounted by 20% for a limited time. Would you like me to provide more information on the sale?","neutral","polite"
"I'm happy to help you optimize your resume, but our online courses don't seem to be covering the specific skills you're looking for. Can I suggest some additional resources or recommend a different course that might better fit your needs?","polite","somewhat polite"
"I'm happy to help you with your return. However, our return policy requires a valid receipt and the item must be in its original condition. If you can provide the receipt and it meets our criteria, we can proceed with the return.","neutral","polite"
"I'd be happy to help you understand the fee you're seeing. It's likely related to our standard account maintenance charges, but I can provide more details if needed.","somewhat polite","polite"
"Certainly, I can understand why you might be confused about the additional charge on your bar tab. It's a standard service fee that we add to all bills. I hope this clears up any confusion.","somewhat polite","polite"
"I apologize for the inconvenience, but our winter sports packages do have a non-refundable deposit. If you're not satisfied, we can discuss a possible exchange for a different package or a credit towards a future booking.","somewhat polite","polite"
"Unfortunately, our current interest rates are not negotiable, but I can offer some information on our available loan options and help you determine which one might be the best fit for your situation.","neutral","somewhat polite"
"We do have some water sports activities available, but please note that there may be a fee for using the equipment during the winter months. This helps us maintain the equipment and keep it in good condition for everyone. Let me know if you have any other questions!","somewhat polite","neutral"
"Certainly, I understand that the fees can seem a bit confusing. The charge you're seeing is most likely a routine account service fee. If you'd like, I can provide more specific information regarding this charge.","somewhat polite","polite"
"I understand you're looking for a budget-friendly option for your trip to Europe, but our economy package doesn't include meals. Would you like me to suggest some affordable dining options in the cities you'll be visiting?","polite","somewhat polite"
"Of course, I can assist you with that. The library does have certain policies in place regarding book lending and returns. I'll be happy to clarify any details you're unsure of.","somewhat polite","polite"
"We're experiencing a high volume of requests for our integration training, which might be causing some delays. I can check on the status for you if you'd like.","somewhat polite","neutral"
"I appreciate your patience, but unfortunately, our bus rental services are fully booked for the upcoming weekend due to the summer vacation season. However, I can offer you a car rental option with a similar price range, would you like me to provide more information?","somewhat polite","polite"
"I apologize for the inconvenience, but our store policy states that all furniture sales are final. However, I can offer you a 10% discount on your next purchase as a one-time courtesy.","somewhat polite","polite"
"Unfortunately, our sea lion exhibit is closed until further notice due to unforeseen circumstances. We appreciate your understanding and hope you'll still have a great time exploring the rest of the aquarium.","somewhat polite","neutral"
"I'm sorry to hear you're disappointed with the cake's flavor. Our bakery team uses high-quality ingredients, but sometimes flavors can vary. If you'd like, I can offer a complimentary topping or a discount on your next purchase.","somewhat polite","neutral"
"Unfortunately, it seems your flight was delayed due to unforeseen weather conditions. I can offer you a voucher for a complimentary meal or hotel stay, whichever you prefer.","somewhat polite","neutral"
"I'd be happy to help you with that! Our creative skills course is a great way to improve your writing and design abilities. It's a popular course, so I recommend signing up soon to secure your spot.","polite","somewhat polite"
"I'm sorry to hear that your favorite burger is out of stock. It's a seasonal item, but we're expecting a new shipment in a few weeks. Would you like me to reserve one for you when it arrives?","polite","somewhat polite"
"I'm sorry to hear that our store's fragrance selection didn't meet your expectations during the summer season. However, we do have a wide range of scented candles available for purchase, and our sales associates would be happy to help you find the perfect one.","polite","somewhat polite"
"I'm not sure why our water aerobics class was cancelled on short notice, but I was really looking forward to it. Can you check the schedule for this week and see if there's another session available?","neutral","somewhat polite"
"I'd be happy to help you with that. It seems like there might have been a misunderstanding about the additional fee on your business travel booking. Let me check on that for you and see what we can do to resolve the issue.","somewhat polite","polite"
"Just a reminder that our summer tennis lessons start next week.  We're looking forward to seeing you there!","neutral","polite"
"I understand you're concerned about the overdraft fee on your account. Our policy is clearly stated in the terms and conditions, but I can explain it to you if you'd like.","somewhat polite","neutral"
"I appreciate your concern about the extra fee on your recent booking. Our system does show that it's related to a mandatory airport tax that was recently implemented. If you'd like more information, I can provide you with the details and any possible refund options.","somewhat polite","polite"
"I'm happy to help you with your toy purchase, but I do need to let you know that our summer sale prices are only available until the end of the month. If you'd like to take advantage of the discount, I recommend making your purchase before then.","somewhat polite","polite"
"As per our terms, the fee you're seeing is a one-time annual charge for account maintenance. If you'd like to know more about this or have any questions, feel free to ask and I'll be happy to help.","somewhat polite","neutral"
"Unfortunately, our summer exhibit has been postponed due to unforeseen circumstances, but we're offering a special discount for the rescheduled date. Would you like me to provide more information?","polite","somewhat polite"
"Unfortunately, our policy doesn't allow for price adjustments on previous purchases. However, we do offer a loyalty program that can help you earn rewards and discounts on future purchases.","somewhat polite","neutral"
"Unfortunately, our water sports equipment rentals are currently closed due to the ongoing maintenance season, which typically runs from October to April. However, we offer a 10% discount for early bookings made before the start of the season. Would you like to reserve a spot for next year?","neutral","polite"
"I'm sorry to hear that our winter gear wasn't up to par for your ski trip. If you're not satisfied with the performance, you can return it within 30 days with a valid receipt, but please note that it must be in its original condition.","somewhat polite","neutral"
"I'm afraid our summer menu is seasonal, and we can't accommodate special requests for dishes that are no longer available. However, we do have some great alternatives that might interest you.","somewhat polite","neutral"
"Unfortunately, your account balance is below the minimum required for our low-interest loan program. However, we can discuss alternative options that might be more suitable for your current financial situation.","neutral","somewhat polite"
"We're experiencing a high volume of visitors during the summer season, which might be causing some delays at the aquarium.","somewhat polite","neutral"
"I appreciate your concern about the fee. It's worth noting that our bank charges a small monthly maintenance fee for accounts that don't meet the minimum balance requirements. If you'd like to discuss ways to waive this fee, I'd be happy to help.","somewhat polite","polite"
"I'd be happy to help you with your concern about the missing item from your recent grocery order. Can you please provide me with your order number so I can look into this further and see what happened to it?","somewhat polite","polite"
"I'd be happy to help you with that! For creative skills development, our courses are designed to help you build on your existing skills and gain new ones. If you're looking to improve your skills in a specific area, I recommend checking out our latest offerings and seeing what resonates with you.","somewhat polite","neutral"
"I'm not sure why our online course materials aren't loading properly. Can you try clearing your browser cache and see if that resolves the issue?","somewhat polite","neutral"
"I'd be happy to help you with that. Can you please provide more information about your flight itinerary so I can look into the delay for you?","somewhat polite","polite"
"Unfortunately, our squash court is closed for renovations until the end of March, but we have a special promotion for our members to use our tennis courts for free during this time. Would you like to take advantage of it?","neutral","polite"
"I understand you're concerned about the cancellation fee for your MMA training sessions. Our policy states that all sessions must be cancelled at least 24 hours in advance to avoid any charges. If you're unable to attend a session, please let us know as soon as possible so we can try to find a suitable replacement or refund your payment.","neutral","somewhat polite"
"Can I get a large order of those spicy chicken skewers, please?","neutral","polite"
"I'm sorry to hear that our car rental prices are higher than expected for this time of year. However, I can offer you a discount on our seasonal rates if you book within the next 24 hours.","somewhat polite","polite"
"Unfortunately, our system indicates that your flight was booked through a third-party vendor, so we can't assist with any changes or cancellations directly. However, we can provide you with their contact information and help you escalate the issue if needed.","somewhat polite","neutral"
"We've received reports of the dolphin exhibit being closed due to unforeseen circumstances. Our team is working diligently to resolve the issue as soon as possible. I can provide you with more information on our exhibit schedule once it's been updated.","somewhat polite","neutral"
"I'm happy to help you with your luxury travel concerns. Our policy states that any changes to your booking must be made at least 24 hours in advance, and there may be a fee associated with modifications. If you'd like to proceed with the changes, I can guide you through the process and answer any questions you may have.","polite","neutral"
"I'd be happy to help you with that, but our winter sales are ending soon, so I'd like to let you know that the 20% off discount on your purchase is only valid until the end of the month. Would you like to proceed with the purchase or would you like me to hold it for you?","polite","somewhat polite"
"I'd be happy to help you with that. Our system shows that you have a remaining balance on your credit card, which is why you're being charged the late fee.","polite","somewhat polite"
"I appreciate your patience as we review your credit application. It seems there was a minor delay in processing, but everything should be resolved within the next 24 to 48 hours. You can check the status online or give us a call back if you have any further questions.","somewhat polite","polite"
"The tickets you're looking for are unfortunately sold out for the upcoming season, but we're expecting a new batch to be released next month. Would you like me to put you on the waitlist?","polite","somewhat polite"
"I'd be happy to help you with your train ticket inquiry. Unfortunately, our website is currently experiencing some technical difficulties, and you're seeing an error message. Please try checking again later, and I'll make sure to assist you with any issues you're facing.","polite","somewhat polite"
"I'm happy to help you with your question about our store's return policy. If you'd like to return the product, please bring in the receipt and we'll check if it's within our return window.","neutral","polite"
"We're aware of the cultural differences between our destination and your home country, and we've taken steps to accommodate them. However, we do have some specific rules regarding dress code and behavior in our cultural tours, which are designed to ensure a respectful and enjoyable experience for all participants.","neutral","somewhat polite"
"The play you're interested in is already sold out, but we do have a waiting list. Would you like to be added to it?","somewhat polite","neutral"
"I'd be happy to help you with that! Our soft skills course focuses on essential skills like communication and teamwork. If you're looking to improve your public speaking skills, I recommend checking out our upcoming workshop on effective presentations.","somewhat polite","neutral"
"I appreciate your interest in our upcoming workshop on leadership development. However, I want to clarify that the fee you're seeing is likely due to the additional resources and materials we're providing, which are not included in the standard workshop package. If you'd like to proceed, I can provide more details on the total cost.","somewhat polite","polite"
"I'd be happy to help you understand the interest rate on your loan. Can you please provide more information about your current loan terms, and I'll do my best to explain the fees in more detail?","somewhat polite","polite"
"I understand you're having trouble with your ski pass, and I'm happy to help. It looks like the issue might be with the incorrect payment method. Can you please try using a different payment option, and I'll make sure to assist you through the process?","polite","somewhat polite"
"I'm sorry you're having trouble finding the perfect sofa. Unfortunately, we're currently out of stock on that particular model, but I can offer you a similar alternative that's available for immediate purchase.","neutral","somewhat polite"
"We're still in preseason, and our team's roster is subject to change. Unfortunately, that means we can't guarantee the player you're interested in will be available for the upcoming season.","somewhat polite","neutral"
"Sorry to hear that your flight was delayed due to the recent stomach flu outbreak in our region. We're doing our best to sanitize all areas and prevent further cases, but in the meantime, I can offer you a complimentary meal voucher for your next trip with us.","polite","somewhat polite"
"I'm sorry to hear about your difficulty with our menu. Our local, organic options are sourced from nearby farmers and may vary based on seasonal availability. I'm here to help with any questions you might have.","polite","somewhat polite"
"I'm sorry to hear that our economy flights are a bit more expensive than you'd like. However, our prices are competitive, and we offer a range of discounts for students, seniors, and off-peak travel, which might help make your trip more affordable.","polite","somewhat polite"
"I understand that the additional fee is causing inconvenience, but it's necessary for our cultural immersion program to ensure a safe and enriching experience for all participants. If you're willing, I'd be happy to provide more information on the program's benefits and answer any questions you may have.","polite","somewhat polite"
"I've reviewed your account statement, and it seems there's been an error in the interest rate calculation. I can help you correct it and provide a revised breakdown, but I'll need you to confirm your account details.","somewhat polite","neutral"
"Unfortunately, our salad bar is currently closed for seasonal maintenance. However, we're offering a complimentary dessert with the purchase of any entree at our à la carte restaurant. Would you like me to provide more information on our current promotions?","polite","neutral"
"Of course, I understand that you're seeking the best luxury travel experience. Our premium suite of services may incur additional fees to ensure top-notch quality and personalized attention. Would you like more information about these services?","polite","somewhat polite"
"I'd be happy to help you with the issue, but I do need to clarify that our store policy states that all sales are final after 30 days. If you're looking for a refund or exchange, I recommend speaking with our customer service team who can assist you further.","polite","somewhat polite"
"I appreciate you reaching out about the unexpected overdraft fee. Our system does occasionally flag certain transactions, which may result in additional charges. If you'd like, I can walk you through the process of reviewing your account activity to see if there's anything we can do to help you avoid this in the future.","polite","somewhat polite"
"I appreciate your enthusiasm for our upcoming workshop, and I'm happy to let you know that we've got a special discount for early birds. However, please note that this promotion is only valid until the end of the month, so you'll want to register soon to take advantage of it.","somewhat polite","polite"
"We understand that you're disappointed with the cultural tour's itinerary. Unfortunately, our supplier has made some last-minute changes due to unforeseen circumstances. We're working to resolve the issue, and I can offer you a partial refund or a complimentary upgrade to a similar tour. Please let me know which option you prefer.","neutral","somewhat polite"
"I apologize for the delay in receiving your course materials. We're experiencing a high volume of orders this quarter, but I'll expedite the shipping process for you. You should receive them within the next 3-5 business days.","somewhat polite","polite"
"I appreciate your concern about the loan application delay. Our team is working diligently to process all submissions as quickly as possible, and I'll be happy to provide you with an estimated timeline if you'd like.","somewhat polite","polite"
"I'm happy to help you understand the charges on your account. It seems like there's a standard fee for account maintenance, and I can provide more information if you'd like to know more about it.","polite","somewhat polite"
"I'm sorry to hear that you're experiencing issues with your flight booking. Unfortunately, our airline's fees are non-refundable, but I can offer you a possible alternative to reschedule your flight at a minimal additional cost.","somewhat polite","polite"
"I'm sorry to hear you're having trouble with your cake order, but our bakery is closed for summer holidays and won't be able to fulfill any orders until we reopen in September.","somewhat polite","neutral"
"I'm sorry to hear that you're not satisfied with the animal exhibit at our aquarium. We strive to provide an enjoyable experience for all our visitors, but sometimes things don't go as planned. Can you please tell me more about what happened so I can see how we can make it right?","neutral","somewhat polite"
"We're sorry to hear the toy didn't meet your expectations. If you'd like to exchange it or get a refund, please bring the receipt and the toy to our store within the next two weeks.","neutral","somewhat polite"
"I'm happy to help you with the product you purchased from our health and beauty section. Unfortunately, we can't accept returns without the original packaging and a receipt. If you have both, you're welcome to bring it in and we'll be happy to assist you further.","neutral","polite"
"I appreciate your enthusiasm for the upcoming theater festival, but unfortunately, we've had to adjust the schedule due to unforeseen circumstances. I can offer you a refund or exchange your tickets for a different performance, whichever suits you best.","somewhat polite","polite"
"I appreciate your concern about the loan application delay. Our team is working diligently to process your request as soon as possible, and I'll be happy to provide an update once the status is updated.","somewhat polite","polite"
"As a senior, you may be eligible for discounts during winter. However, there might be fees applicable for certain services. Would you like more information on this?","somewhat polite","neutral"
"I'm sorry to hear that our store's winter skincare selection isn't meeting your expectations. We do have a sale on our summer products, but I can check if we have any alternative options available for the current season.","somewhat polite","neutral"
"We've noticed that you've been struggling with creating engaging content for your social media channels. Our team is here to help you develop a strategy that suits your brand's unique voice and style. Would you like to schedule a consultation to discuss further?","neutral","polite"
"I apologize for the inconvenience, but it seems that the additional charge on your bill is due to a one-time processing fee. If you'd like, I can explain more about it and see if there's anything we can do to help you with it.","somewhat polite","polite"
"I'm sorry to hear you're having trouble finding information about our current exhibit. Could you please check our website for the most up-to-date details on the show's schedule and any potential closures?","somewhat polite","neutral"
"Unfortunately, our water sports sessions are fully booked for the summer season, but we do have some openings for the fall. Would you like to reserve a spot for then?","neutral","somewhat polite"
"I appreciate your concern about the ferry schedule change. Unfortunately, it's due to seasonal maintenance and we can't accommodate your request for a refund. However, I can offer you a complimentary upgrade on your next booking.","polite","somewhat polite"
"I'm sorry to hear about your concern with the medical coverage while traveling. Our policy typically covers medically necessary services, but it's always a good idea to review the specifics of your plan to ensure you're covered.","polite","somewhat polite"
"I'm sorry to hear your flight was delayed due to bad weather. We're doing our best to get you to your destination as soon as possible. In the meantime, would you like me to check on any possible compensation or rebooking options for you?","polite","somewhat polite"
"I'm happy to help you with your query about the upcoming workshop. The registration fee includes all materials and access to the online recording for a limited time. If you have any questions or concerns, feel free to reach out to our support team.","neutral","polite"
"I'm happy to help you with your question about water sports lessons at our club. Can you please provide more details about the package you're interested in, and I'll do my best to assist you with any pricing or availability inquiries?","somewhat polite","polite"
"Unfortunately, it seems like there was a delay in processing your loan application. I'd be happy to check the status again for you and provide an update on when you can expect to hear back from us.","somewhat polite","polite"
"I'm afraid our seasonal summer menu doesn't include any gluten-free options for our famous ice cream sundaes. However, we do have a few other desserts that might suit your dietary needs.","somewhat polite","neutral"
"I'm happy to explain the fee you're seeing, but it's just our standard account maintenance charge. If you have any questions about it, I'd be happy to provide more details.","neutral","somewhat polite"
"Unfortunately, your membership renewal for tennis lessons seems to be delayed due to system maintenance. Please allow 24 hours for the update to take effect, and you'll be able to access your account as usual.","somewhat polite","polite"
"I'm sorry to hear that you're having trouble with your course enrollment. Unfortunately, the deadline for registration has passed, but I can offer you an alternative option to join the next available session.","somewhat polite","neutral"
"Unfortunately, our current promotion has ended, but we do have some alternative offers available. Would you like me to walk you through those?","somewhat polite","neutral"
"I'm sorry to hear that the new smart TV you purchased isn't working as expected. Can you please provide the serial number and a detailed description of the issue, so I can further assist you with a possible repair or replacement.","neutral","somewhat polite"
"I'd be happy to help you understand the fee you're seeing. It's likely related to our standard account maintenance charges, which are assessed quarterly. If you'd like more details, I can provide them for you.","somewhat polite","polite"
"I'm sorry to hear you're having trouble with your racquet sports membership renewal. It seems like the system is asking for an additional fee for the upcoming season. I can explain the charges in more detail if you'd like.","polite","somewhat polite"
"I appreciate your patience regarding the delayed payment processing. Unfortunately, our system is currently experiencing a higher volume of transactions, which is causing the delay. I can offer you an estimated timeframe for resolution.","polite","somewhat polite"
"I appreciate your interest in our locally sourced produce. However, please note that our organic options are currently out of season and won't be available until the fall harvest begins. Would you like me to recommend some alternative, locally grown options that are in season?","somewhat polite","polite"
"Unfortunately, our system has flagged your account for a security review, which is why you're seeing this fee. We'll send you a detailed explanation via email shortly.","somewhat polite","neutral"
"I'd be happy to help you troubleshoot the issue with your project management software. It seems like the error message is indicating a compatibility problem with your browser. Have you tried updating your browser to the latest version or using a different browser to see if that resolves the issue?","polite","somewhat polite"
"I'm happy to help you understand the charges on your statement. Our monthly maintenance fee is a standard charge for all accounts, and it's used to cover the costs of providing our services. If you have any questions or concerns about the fee, I'd be happy to provide more information or help you set up a payment plan if needed.","somewhat polite","polite"
"Certainly, I can understand why you're concerned about the unexpected charges. Those are probably our standard annual policy fees. I can give you a detailed breakdown if you'd like.","polite","somewhat polite"
"I'm happy to help you understand your recent airline fee. It seems there's a standard charge for account maintenance, but I can provide more information if you'd like me to break it down.","polite","somewhat polite"
"I appreciate your patience with our restocking process. Unfortunately, the item you're looking for is currently out of stock, but we expect a new shipment to arrive within the next two weeks.","somewhat polite","polite"
"I'm happy to help you with that! Our course on data visualization is a great way to improve your technical skills, and it's currently on sale for a limited time. Would you like me to walk you through the details?","somewhat polite","polite"
"I'm sorry to hear that your flight was delayed due to a medical emergency on board. Unfortunately, our airline's policy is to prioritize the safety of all passengers, and in this case, that meant diverting the flight to the nearest airport. If you'd like to discuss possible compensation or a refund, I can provide you with more information on our procedures.","somewhat polite","neutral"
"We've noticed that your flight was significantly delayed due to unforeseen weather conditions. Our team is working to ensure that you're rebooked on the next available flight, and we'll provide you with a meal voucher to compensate for the inconvenience.","neutral","polite"
"I understand your concern about the premium increase. Our insurance policy is designed to adapt to changing market conditions, and this adjustment is necessary to ensure we can continue to provide you with the coverage you need. If you'd like, I can explain the details of the change and answer any questions you may have.","polite","somewhat polite"
"I'm sorry to hear that the jeans you ordered don't fit as expected. Unfortunately, our return policy only allows exchanges within 30 days, and you'll need to provide the original packaging and receipt for the exchange to be processed.","somewhat polite","neutral"
"I apologize for the inconvenience, but our credit card processing fee is non-negotiable. If you have any questions or concerns, I'd be happy to help clarify the charges.","somewhat polite","polite"
"I'd be happy to help you with your bootcamp inquiry. Our payment terms are clearly stated on our website, but I can provide more information if you're having trouble understanding the fees. Let me know how I can assist you further.","somewhat polite","neutral"
"I apologize for the inconvenience, but our buffet policy clearly states that we charge a fee for each additional guest. If you'd like to add someone to your reservation, I can assist you with the necessary steps.","neutral","somewhat polite"
"I'm happy to help you with the sizing issue on the dress. According to our policy, you can exchange it within 14 days with the original receipt.","neutral","somewhat polite"
"I apologize for the inconvenience, but our store policy is to charge a restocking fee for returns. If you'd like to proceed with the return, please bring in the item and your receipt, and we'll be happy to assist you.","somewhat polite","polite"
"I'm happy to help you with your query. For our halal food options, please note that we have a dedicated menu available during Ramadan. If you're looking for something specific, I can check with our chef to see if we can accommodate your request.","somewhat polite","neutral"
"Unfortunately, the prices you're seeing are due to high demand during peak season. If you're flexible with your travel dates, I can try to find you a better option.","somewhat polite","neutral"
"I'm sorry to hear our new shipment of hiking boots didn't meet your expectations. Unfortunately, we can't offer a full refund, but we can provide a store credit towards a different pair of the same quality.","somewhat polite","neutral"
"I'm sorry to hear that you're having trouble finding a suitable time slot for our upcoming theater production. However, I can offer you a few options to consider. Would you like me to check for any last-minute cancellations or reschedule your booking for a different date?","somewhat polite","polite"
"I appreciate your interest in our botanical garden's upcoming autumn festival. Unfortunately, we've had to make some adjustments due to the recent weather conditions, and some of the exhibits might not be available as expected. I can offer you a complimentary map to help you navigate the festival and make the most of your visit.","somewhat polite","polite"
"Our records indicate you've exceeded your credit limit for the month, but we can offer you a payment plan to get back on track. Would you like me to explain the details?","somewhat polite","neutral"
"I've checked our schedules, and it appears that the ferry you're looking to take is fully booked for the next two weeks. However, I can offer you an alternative option on a nearby route, which might suit your travel plans.","neutral","somewhat polite"
"Unfortunately, our policy states that all products past their expiration date can't be exchanged. However, we can offer a store credit for the full amount if you'd like to purchase a new one.","neutral","somewhat polite"
"I'm happy to help you with your question about our regional menu offerings. Since you're visiting us during peak season, I want to let you know that some of our popular dishes might have a slight price increase. However, we're still offering our usual discounts for students and seniors, so be sure to ask about those when you place your order.","somewhat polite","polite"
"I'm not sure why our museum's online ticket prices don't match the ones at the box office, but I can try to look into it for you.","neutral","somewhat polite"
"I've checked our records, and it seems you've been enrolled in the wrong course. Let's get you transferred to the correct one. Please allow 24-48 hours for the update to take effect.","neutral","somewhat polite"
"I'm happy to help you with your question about our winter sports packages. It seems like there might have been an issue with the pricing, but I can assure you that our rates are competitive and transparent. If you'd like, I can provide more information on what's included in each package and help you find the best option for your needs.","somewhat polite","polite"
"I'm afraid our summer exhibit is sold out for the next two weeks, but you can consider visiting our permanent collection instead. We also have a special promotion going on for students and seniors, which might interest you.","somewhat polite","neutral"
"I'm happy to help you with your query about the additional fee on your luxury travel package. Our system automatically adds a small charge for premium services, which includes personalized concierge assistance and priority check-in. If you have any further questions or concerns, feel free to ask!","neutral","polite"
"I appreciate your interest in our upcoming workshop on graphic design, but it seems the registration fee is higher than expected due to the new instructor's travel costs. If you're still interested, I can provide more information on the course content and see if we can offer any discounts for early registration.","polite","somewhat polite"
"I apologize for the inconvenience, but it seems like there's a misunderstanding about the prices on our website. Our team can help you find a more suitable option or provide a refund if needed. Please let us know how we can assist you further.","somewhat polite","polite"
"I'm afraid we can't offer any refunds for cancelled matches due to inclement weather. However, we can provide a credit towards a future booking if you'd like to reschedule.","somewhat polite","neutral"
"Of course, I understand that you're seeking clarification regarding the charges. Our standard banking fees may apply in this situation, but I'm happy to provide more details if you'd like.","polite","somewhat polite"
"Of course, I can help you with that. Our policy states that books can be borrowed for a period of three weeks, with the option to renew if there is no hold on the item. I trust this clarifies your query.","somewhat polite","polite"
"Unfortunately, our current promotion is only available for online orders, but I can help you place an order and apply the discount code if you'd like.","neutral","somewhat polite"
"I'm happy to help you with your local organic food order. Unfortunately, our delivery slots are fully booked for the next week due to high demand in the summer season. However, I can offer you an alternative pickup time at our store, which might be more convenient for you.","somewhat polite","polite"
"We appreciate your interest in visiting our aquarium during the summer season, especially with kids. Unfortunately, our special summer exhibit is fully booked for the day you're planning to visit. However, we can offer you a complimentary upgrade to our VIP package if you're willing to visit on an alternate day.","somewhat polite","polite"
"I'm happy to help with your dietary needs. Our gluten-free options are quite popular this time of year, especially with summer BBQs and outdoor events. If you're looking for something specific, I'd be happy to provide more recommendations or check availability in our stores near you.","somewhat polite","polite"
"The event you're referring to has been rescheduled due to unforeseen circumstances. We're working on updating our website and will have the new dates available shortly.","somewhat polite","neutral"
"I'm happy to help you with your question about the new Lego set. Unfortunately, it's currently out of stock in our stores, but I can check if we have any available for online order or if we expect a restock soon.","neutral","polite"
"Unfortunately, it seems our winter collection of coats has sold out, but we do have some new arrivals expected next month. Would you like to be notified when they're available?","neutral","somewhat polite"
"I'm not sure why your membership renewal was declined, but I can check on the status of your payment for you.","somewhat polite","neutral"
"I'm not sure why our membership renewal notice shows a higher fee this year, but I can look into it for you and see if there's a way to adjust it.","neutral","somewhat polite"
"I'm happy to help you understand our bootcamp policies. Our pricing is based on a tiered system, and it seems you've been charged the higher rate due to the extended duration of the course. If you'd like to discuss further, I can provide more information on our pricing structure and see if we can adjust it for you.","somewhat polite","polite"
"I'm sorry to hear that our prices seem higher than expected. We're currently running a sale on TVs, but it looks like you're looking at last season's model. If you're interested in the latest models, I can give you a price comparison and help you find a better deal.","somewhat polite","neutral"
"I'm happy to help you with that! Our store policy states that all sales are final, but we can offer a store credit or exchange if the item is still in its original condition and you have the receipt.","somewhat polite","polite"
"I appreciate your patience as we look into the fees associated with your account. It appears there was an error in our previous calculations, and I'm happy to provide a revised breakdown for you.","polite","somewhat polite"
"I'd be happy to help you with that. It seems there's a small processing fee for your payment, but I can waive it for you if you'd like to proceed with the transaction.","polite","somewhat polite"
"I understand you're concerned about the recent fees on your account. Our system does update periodically, and it seems like this might be a routine maintenance charge. I can walk you through the breakdown if you'd like to better understand it.","somewhat polite","polite"
"Of course, I understand that you're concerned about the additional fees. Those are probably our standard credit interest charges. I can give you a detailed explanation if you'd like.","somewhat polite","polite"
"Unfortunately, it seems like our system update last week may have caused some issues with your online course access. I can guide you through the troubleshooting steps to get you back on track.","polite","somewhat polite"
"I'm sorry to hear that our cheapest flight option is still quite pricey during peak season. Can I suggest looking into off-peak travel dates or package deals for a more budget-friendly option?","neutral","somewhat polite"
"I'm not sure why the kayak rental prices are so high this summer, but I'm guessing it's just due to the increased demand for water sports during the peak season.","neutral","somewhat polite"
"I'm sorry to hear that you're not satisfied with the bootcamp's content. We take all feedback seriously and would like to offer a partial refund. Please contact our support team to discuss further.","somewhat polite","neutral"
"I've checked on the flights for this weekend, and it seems that the prices are a bit higher due to the summer rush. However, I can offer you some budget-friendly options for next month if you're flexible with your travel dates.","polite","neutral"
"I apologize for the inconvenience, but our fries are temporarily out of stock due to a supplier issue. We're working on restocking them as soon as possible, and I can offer you a complimentary drink to make up for the delay.","polite","somewhat polite"
"Sorry to hear that your account balance is lower than expected. Our records show that the recent transactions were processed correctly, but I can review them again to ensure everything is accurate.","somewhat polite","neutral"
"Unfortunately, our summer specials menu is no longer available, but we're introducing a new autumn menu next week that you might enjoy. Would you like me to tell you more about it?","polite","somewhat polite"
"Unfortunately, our flight schedule has changed, and your original flight has been rescheduled for a later time. I can provide you with more information about the new flight details if you'd like.","somewhat polite","neutral"
"Certainly, I can understand why you might be confused about the additional fee for our cruises and ferries. It covers the cost of facility maintenance and upkeep, ensuring a comfortable and enjoyable experience for all passengers. I hope this clarifies things for you. If you have any other questions or concerns, please don't hesitate to ask.","somewhat polite","polite"
"I'm sorry to hear that our seasonal menu item is out of stock for the summer. We're expecting a new shipment in a few weeks, but I can offer you a similar alternative in the meantime.","somewhat polite","neutral"
"I appreciate your understanding as we're currently experiencing a high demand for our winter holiday gift cards. We're doing our best to restock them as soon as possible. In the meantime, you can try checking our online inventory for availability or visiting one of our nearby stores.","polite","somewhat polite"
"I've checked on the fees you're being charged, and it appears they're related to our annual account review. If you'd like to know more about it, I can send over the details.","somewhat polite","neutral"
"I apologize for the delay in processing your payment. Our team is working to resolve the issue as soon as possible. In the meantime, I can provide you with more information on our payment processing timeline if that would be helpful.","somewhat polite","polite"
"I'm sorry to hear that your flight was delayed due to bad weather. Unfortunately, it's not within our control, but I can offer you a voucher for a complimentary meal on your next flight with us.","polite","somewhat polite"
"Of course, I understand that you're concerned about the charges. Those fees are typical for our banking services, but I'd be happy to explain them further if you'd like.","somewhat polite","polite"
"I apologize for the inconvenience, but our current sale on organic produce only applies to items purchased before the 15th of this month. You can still find great deals on other products, though.","polite","somewhat polite"
"We're experiencing some delays in baggage claim due to the summer rush, but I've checked on the status of your luggage and it should arrive shortly. If you haven't received it within the next hour, please let me know and I'll look into it further.","somewhat polite","neutral"
"I'm sorry to hear that our couch didn't match the picture online. Unfortunately, we can't provide a full refund since it's been a few months since your purchase. However, we can offer a store credit for the difference in price.","somewhat polite","neutral"
"I'm happy to help you with your query about our winter collection. However, I do need to inform you that the boots you're referring to are actually a seasonal item and are no longer in stock. If you'd like, I can offer you a similar style that's currently available.","somewhat polite","polite"
"I'm happy to help you with your order from our seasonal summer menu, but I need to let you know that the item you're asking about is no longer available due to high demand.","neutral","somewhat polite"
"We're experiencing a high volume of bookings during peak season, which might be causing the delay. I'll check on the status of your flight and get back to you as soon as possible.","polite","somewhat polite"
"I'm happy to help you with your concern about the dress not fitting. If you'd like, we can exchange it for a different size or provide a refund. Please bring the receipt and the dress back to the store, and we'll take care of it for you.","somewhat polite","polite"
"I'm sorry to hear you're struggling with your membership fees for the tennis club. Our annual renewal rates do tend to increase in July to account for seasonal demand, but I can offer you a payment plan if that would be more manageable for you.","polite","somewhat polite"
"Sorry to hear that your team didn't make it to the playoffs. I can check on the status of your membership and see if there's anything we can do to help you get a refund or a discount for next season.","somewhat polite","polite"
"I'm sorry to hear that our couch didn't meet your expectations. Unfortunately, it's past the return window, but we can offer a store credit for 50% off your next purchase.","somewhat polite","neutral"
"The show we're running this month has been extended due to high demand, but unfortunately, it's already sold out. If you'd like to be notified about any last-minute availability, I can add you to our waitlist.","somewhat polite","neutral"
"I'm sorry to hear your flight was delayed due to weather conditions. We're doing our best to get you to your destination as soon as possible. In the meantime, I can offer you a complimentary meal voucher or a hotel stay, whichever you prefer.","polite","somewhat polite"
"I'm sorry to hear you're having trouble with our course material, but it seems like the issue might be due to outdated software. We've had reports of compatibility problems with our latest updates, and I can walk you through the steps to update your tools if you'd like.","neutral","somewhat polite"
"I appreciate your concern about the high prices during summer. We understand that our seasonal specials can be a bit pricey, but they're made with the freshest ingredients and are a great value for the quality you're getting. Would you like me to suggest some more budget-friendly options that still meet your dietary needs as a vegetarian?","somewhat polite","polite"
"I'm sorry to hear that you're experiencing issues with your high-end travel package. Unfortunately, our luxury tours often come with additional fees for premium services. However, I can check on the specific charges associated with your booking and provide more information if needed.","neutral","somewhat polite"
"I appreciate you bringing this to my attention regarding the buffet promotion. Unfortunately, it seems the discount has expired. However, I can offer you a complimentary dessert on your next visit if you provide a review of your experience.","polite","somewhat polite"
"Certainly! For team sports within sports clubs, we have a variety of options available depending on the age and season. Our youth league soccer program, for instance, runs from spring to early fall. I hope this information is helpful!","polite","neutral"
"I appreciate your interest in our upcoming leadership development course. However, please note that the price you're seeing is based on the early bird discount, which is only available until the end of the month. If you sign up now, you'll receive a 10% discount, but if you wait, the price will go up by $200.","somewhat polite","polite"
"Unfortunately, it seems our records indicate you've already exceeded your policy's coverage limit for this year. If you'd like to upgrade or adjust your plan, I can walk you through the options available.","somewhat polite","neutral"
"I'm sorry you're experiencing issues with the expired products in our clearance section. However, our store policy clearly states that we cannot provide refunds or exchanges on items that have exceeded their shelf life.","neutral","somewhat polite"
"Could you tell me more about what you're looking for? I'm happy to help you find it.","polite","somewhat polite"
"We're running a workshop series next month, and I wanted to confirm the dates with you. However, I noticed that our system shows the dates as unavailable. Can you please check on this and let me know if there's an alternative schedule?","neutral","somewhat polite"
"I appreciate your patience as we investigate the discrepancy in your account balance. Our team is working diligently to resolve this matter, and I'll be happy to provide an update once we have more information.","somewhat polite","polite"
"I apologize for the inconvenience, but our airline's policy is to charge a fee for checked baggage. However, if you have any concerns or would like to discuss further, I'm here to help.","somewhat polite","polite"
"Unfortunately, we can't waive the interest on your overdue loan, but I can explain the calculation process to you if you'd like.","neutral","somewhat polite"
"Certainly, I can understand why you might be confused about the cost. Our grocery and food section has a standard handling fee for perishable items. I can explain it further if you'd like.","neutral","polite"
"I'm happy to help you with your buffet question, but unfortunately, our summer promotion has ended, and we're currently running a winter-themed buffet special. If you're interested in learning more, I can provide you with some details on our current menu and pricing.","neutral","somewhat polite"
"I'd be happy to help you with your vegetarian options. We have a variety of dishes on our menu that are vegetarian-friendly, including our veggie burger and pasta primavera. Would you like me to recommend some options for you?","neutral","polite"
"I'd be happy to help you with your query. According to our records, the discrepancy in your flight itinerary is likely due to a minor error on our part. We're working on resolving the issue as soon as possible. In the meantime, I can offer you a complimentary upgrade to our premium lounge services to make up for the inconvenience.","somewhat polite","polite"
"I'm afraid our current promotion on sofas has ended, but we do have a sale on sectionals that might interest you. Would you like me to show you some options?","somewhat polite","neutral"
"I'm sorry to hear that you're not satisfied with the buffet selection. Could you please provide more details about what you were expecting and what you didn't find? We're always looking for ways to improve our offerings and appreciate your feedback.","somewhat polite","neutral"
"Sure, I can help you find some budget-friendly travel options. Our economy flights and accommodations are quite popular among our cost-conscious customers. Would you like more information about those?","polite","somewhat polite"
"I'm happy to help you with your question about our tennis court rentals. Please note that our peak season rates do apply during the summer months, but we do offer discounts for students and seniors. If you're interested in booking a court, I can provide you with more information on our pricing and availability.","polite","neutral"
"I'm sorry to hear that our museum's special exhibit on ancient civilizations has been closed for renovations during your visit. If you're interested, we can offer a complimentary ticket to our next exhibit on modern art, which opens next month.","neutral","somewhat polite"
"I'm sorry to hear that our toy store didn't have the action figure in stock. Our inventory is usually updated weekly, but I can check again for you. Would you like me to look into ordering it for you?","neutral","somewhat polite"
"I'm happy to help you with your question about our new summer menu. We've had a lot of customers ask about the vegetarian options, and I can tell you that our grilled portobello mushroom burgers are a popular choice. Would you like more information about our menu or to place an order?","somewhat polite","polite"
"Certainly, I can assist you with that. For our integration training in professional development, there may be a small fee to cover the cost of materials and instructor time. I can provide more details if you'd like.","somewhat polite","polite"
"I'm happy to help you with your query about our seasonal fruitcake. It's a popular item this time of year, but I understand it might not be to everyone's taste. If you're not satisfied, please feel free to exchange it for a different item or get a refund within the next 7 days.","polite","somewhat polite"
"Unfortunately, it seems that your premium renewal date was missed due to a technical glitch. I've sent you a reminder, and you should receive it shortly. Please let me know if you have any further questions or concerns.","somewhat polite","neutral"
"I'd be happy to help you understand the loan terms. Can you please provide more information about your current loan situation, and I'll do my best to clarify any questions you may have?","somewhat polite","polite"
"Unfortunately, our summer menu doesn't include any vegan options that are gluten-free. However, I can recommend some of our seasonal salads that are made with locally sourced ingredients and are free from common allergens.","polite","neutral"
"I'm sorry to hear that our budget airline is showing a higher fee than expected. Unfortunately, our prices can fluctuate depending on the season and demand, but I can try to provide more information on how we calculate our charges if you'd like.","somewhat polite","neutral"
"Unfortunately, our records indicate that you've exceeded your credit limit. If you'd like to discuss possible options for increasing your limit or making alternative payment arrangements, I'd be happy to help you explore those further.","somewhat polite","polite"
"Unfortunately, our water sports equipment rentals are currently closed for the winter season. However, we do offer private lessons during this time, and our staff would be happy to provide more information on availability and pricing.","neutral","polite"
"We've noticed that your account hasn't been updated with the new skills you've acquired through our integration training. This might be causing some discrepancies in your progress tracking. Let me check on this and see what I can do to resolve the issue for you.","neutral","somewhat polite"
"Of course, I can help you with that. In order to proceed, I may need some additional information such as your account number or the item's serial number. Let me know how you would like to move forward.","neutral","polite"
"I've checked on the status of your flight, and it appears to be delayed due to unforeseen weather conditions. I can offer you a refund or rebooking options, whichever you prefer.","somewhat polite","neutral"
"Certainly, I can assist you with that. The cost associated with the workshop is typically for materials and instructor time. I can provide a detailed breakdown if you'd like.","polite","neutral"
"I'm not sure why there's a $25 fee on my statement, but it might be due to an overdraft charge. Can you look into it for me and see what's going on?","somewhat polite","neutral"
"Unfortunately, our membership rates do increase every summer, so the fee you're seeing is likely due to the new season. If you're interested, I can provide more information on our pricing plans.","neutral","somewhat polite"
"Unfortunately, our water sports lessons are fully booked for the summer season. I can offer you a spot for the next available session in the fall, but you'll need to provide a credit card to secure the reservation.","neutral","somewhat polite"
"I'm happy to help you with your question about the hiking boots. Unfortunately, they're currently out of stock, but we do have some similar options available in our nearby store. Would you like me to check availability and reserve a pair for you?","somewhat polite","polite"
"I'd be happy to help you with your international food delivery. Can you please provide more details about the issue you're experiencing with your order?","neutral","somewhat polite"
"I appreciate your enthusiasm for learning new software, but unfortunately, our current version doesn't support the feature you're looking for. However, I can guide you through the process of upgrading to the latest version, which includes that feature.","somewhat polite","polite"
"Certainly, we can assist you with that. In order to facilitate your request, could you please provide me with the necessary details? I am more than happy to help you navigate our theater's policies and procedures.","somewhat polite","polite"
"I'm sorry to hear that you're experiencing some issues with your travel insurance claim. Our policy clearly states that pre-existing medical conditions are not covered, but I can help you review the fine print and answer any questions you may have about the process.","polite","neutral"
"Unfortunately, it seems our museum's summer hours have changed, and we're now closed on Tuesdays. I can provide you with a map to find alternative cultural attractions in the area if you're interested.","polite","somewhat polite"
"Certainly, I can assist you with the integration training. Please note that there may be associated fees for this service, which cover the resources and support provided. If you require more specific information, don't hesitate to ask.","somewhat polite","neutral"
"Certainly, I can assist you with that. Our car rental fees typically include insurance and maintenance costs, which might be the reason for the additional charge you've noticed.","somewhat polite","neutral"
"Unfortunately, the item you're looking for is currently out of stock, but we're expecting a new shipment soon. Would you like me to put it on backorder for you?","somewhat polite","neutral"
"I'm sorry to hear that the couch you ordered arrived damaged. We can definitely offer a replacement or a full refund, whichever you prefer. Please let me know how I can assist you further.","somewhat polite","neutral"
"I'm happy to help you with that! It seems like you're having trouble with the new software update. I'd be happy to walk you through the troubleshooting steps or provide more information on how to use the new features effectively.","somewhat polite","polite"
"Certainly, I can understand why you might be concerned about the price difference. The new toy line we've introduced includes some higher-priced items, as they come with additional features. Let me know if you have any questions about those.","polite","somewhat polite"
"I'm happy to help you with your dessert order. Unfortunately, our seasonal fruit tart is currently out of stock, but I can offer you a similar option from our summer menu. Would you like me to recommend something?","somewhat polite","polite"
"I'm sorry to hear that the overdraft fee was applied to your account. Our policy is clearly stated in the terms and conditions, but I can help you understand the details if you'd like.","somewhat polite","neutral"
"Certainly, I can assist you with that. Our policy for technical skills development courses requires a registration fee to ensure the quality of instruction and materials. Would you like more information on this?","polite","neutral"
"I'm happy to help you with your query about our halal menu options. Please note that our kitchen is certified halal, and we take pride in serving a variety of dishes that meet the dietary requirements. However, please be aware that our suppliers may occasionally change their products, which might affect the availability of certain halal options. If you have any specific questions or concerns, I'd be more than happy to assist you.","neutral","polite"
"I'm sorry for the inconvenience you've experienced with the hiking gear you purchased. Our return policy allows for returns within 30 days of purchase, as long as the item is in its original condition. Please bring in your receipt for a smooth return process.","somewhat polite","polite"
"I'm sorry to hear that your membership renewal was denied due to non-payment of the annual fee for our combat sports classes. If you could send us a payment confirmation or make the payment now, we'll be happy to reinstate your membership.","somewhat polite","polite"
"I'm not sure why our system is showing an overdraft fee, but I can check on it for you. Can you please provide the date and amount of the transaction that's causing the issue?","somewhat polite","neutral"
"I'm happy to help you with your bootcamp registration issue. Can you please provide more details about the problem you're experiencing, such as the error message you're seeing?","somewhat polite","neutral"
"Certainly, I can assist you with that. Our winter sports fees cover the maintenance and upkeep of the equipment and facilities. I can provide more information if you'd like.","polite","neutral"
"Certainly, I can help you with that. To visit the aquarium during the peak season, we recommend purchasing tickets in advance to ensure availability. I hope this information is helpful.","somewhat polite","neutral"
"I'm sorry to hear you're experiencing some issues with our seasonal menu specials. Unfortunately, we can't guarantee any specific ingredients will be available due to supplier fluctuations this time of year.","somewhat polite","neutral"
"Sure, I can understand why you're concerned about the additional cost. Our business class tickets do include some additional fees for services and amenities. I can provide a breakdown of those charges if you'd like.","neutral","somewhat polite"
"Certainly, for a small fee, you can gain entry to our beautiful botanical garden. The fee helps us maintain the various plant species and educational exhibits. I hope you have a great time learning about different plants and their importance in our ecosystem.","somewhat polite","polite"
"Certainly, I can assist you with that integration training. We include a small fee to cover the cost of providing this service. Please let me know if you have any other questions.","polite","somewhat polite"
"I'm sorry for the inconvenience with the toy order. We can arrange a replacement or refund if you return it in its original condition within 30 days. Please let me know how you would like to proceed.","polite","somewhat polite"
"I'm sorry to hear that our store's website is not loading properly on your mobile device. Our IT team is working on resolving the issue, and we appreciate your patience and understanding in this matter.","polite","neutral"
"I'd be happy to help you with that! It sounds like you're looking to improve your communication skills. Have you considered taking an online course or attending a workshop to help you develop those skills?","neutral","somewhat polite"
"Certainly, I can assist you with that. Our policy states that tickets for theatre performances are non-refundable, but you may exchange them for another show if you contact us at least 24 hours before the performance.","neutral","polite"
"I'd be happy to help you with that! Our online courses on effective communication can definitely help you improve your soft skills. Would you like me to provide more information on the course content and pricing?","polite","somewhat polite"
"I'm not sure what's causing the discrepancy in your museum membership fees, but I can check on the status for you. Can you please provide your membership number so I can look into this further?","somewhat polite","neutral"
"Certainly, I can understand why you might be confused about the registration process for the creative skills workshop. Our system requires a small fee to cover administrative costs. I can provide more details if you'd like.","polite","somewhat polite"
"I appreciate your concern about the late payment fees. Our records show that your account was charged a penalty due to the missed payment deadline. However, we can waive this fee if you pay the outstanding amount within the next 48 hours. Please let me know if you'd like to proceed with the payment.","polite","somewhat polite"
"Unfortunately, your membership renewal for tennis courts was declined due to an expired payment method. Please update your payment information to avoid any further disruptions.","polite","neutral"
"Certainly, I can assist you with improving your creative skills. Our professional development courses cover a range of creative topics and are designed to help you learn and grow. I recommend exploring our course catalog to find the right fit for you.","neutral","polite"
"I'd be happy to help you understand the fee you're being charged. It's likely a processing fee for the transaction, and it's usually a one-time charge. If you have any questions or concerns, feel free to ask and I'll do my best to clarify things for you.","somewhat polite","polite"
"I'm not sure why our website is saying you need to pay an additional fee for the museum tour, but I can check on it for you and get back to you with more information.","neutral","somewhat polite"
"I'd be happy to help you with that. Our system shows that your package is still in transit, but I can check on the status for you.","polite","somewhat polite"
"I'm sorry to hear that the dolphin show at the aquarium was cancelled due to technical difficulties. I can offer you a refund or a complimentary ticket to a future show if you'd like.","neutral","somewhat polite"
"I've checked our schedules, and it looks like there's been a delay with your train due to unexpected track repairs. We're working to get you to your destination as soon as possible.","polite","somewhat polite"
"Absolutely, I can assist you with that. For our combat sports classes, there is a membership fee that varies depending on the duration and type of training. I can provide you with a detailed breakdown if you'd like.","somewhat polite","polite"
"I'm afraid our summer exhibit is fully booked, but we do have a waiting list available. Would you like to add your name to it?","somewhat polite","neutral"
"I understand that you're concerned about the recent fees on your loan statement. These fees are typically associated with late payments or changes to your loan terms. If you could provide me with more information about your account, I'd be happy to review the details and offer any assistance you may need.","polite","somewhat polite"
"I understand you're concerned about the overdraft fees on your account. Our policy is clearly outlined in the terms and conditions, but I can offer to waive the fees this one time if you'd like to set up automatic transfers to avoid future overdrafts.","somewhat polite","polite"
"Certainly, I understand that you have a question regarding the art gallery's entry fee. The fee is typically $10 for adults, but we do offer discounts for students and seniors. It's also waived for members of the gallery.","neutral","somewhat polite"
"I'm happy to help you with your dessert concerns. It seems like there might have been an issue with the price of our seasonal summer dessert, the strawberry shortcake. We're currently running a promotion, and I can offer you a 10% discount on your next purchase if you can provide me with the receipt.","somewhat polite","polite"
"During spring, our botanical garden is in full bloom and quite captivating. You can expect to see vibrant flowers and lush landscapes. Entrance fees are required to ensure the garden's upkeep for everyone to enjoy.","somewhat polite","neutral"
"Unfortunately, our current promotions have ended, but I can suggest some alternative options for you to consider. Would you like me to look into those?","neutral","somewhat polite"
"I apologize for the inconvenience with your recent grocery order, but it seems the delay was due to high demand over the summer season. We're doing our best to catch up with the increased volume.","polite","somewhat polite"
"Unfortunately, our cultural tour guide was unable to make it to the meeting point on time due to unforeseen traffic issues. We apologize for the inconvenience and will provide a complimentary upgrade to a private tour to make up for the delay.","neutral","somewhat polite"
"I'm happy to help you with your question about our home decor section. However, it seems like our current sale on summer furniture has caused some confusion. If you're looking for a specific item, I can check our inventory for you, but please note that our staff is on summer break, and response times may be slower than usual.","neutral","somewhat polite"
"I understand you're disappointed with the cancellation of your upcoming MMA event ticket. Unfortunately, our policy is to only offer refunds or exchanges for events that are postponed or rescheduled, not cancelled. I can provide more information on our refund policy if you'd like.","somewhat polite","polite"
"I appreciate your enthusiasm for the upcoming play, but I should let you know that the weekend showtimes are already sold out due to the summer break. However, we do have a special discount for students, and you can get tickets for the weekday evening shows at a lower price.","somewhat polite","polite"
"I'm sorry to hear you're having trouble finding the product you need. Our health and beauty section usually carries a wide range of items, but it's possible we're currently out of stock. Would you like me to check availability at nearby stores or assist you with a special order?","somewhat polite","neutral"
"I'm sorry to hear that you're having trouble with your ski rental. We do offer a damage waiver for an additional fee, which might be the cause of the extra charge. Would you like me to explain it in more detail?","polite","somewhat polite"
"I appreciate your patience as we review your account. It seems there's been an adjustment to your balance due to an outstanding payment from last quarter, which is now past due. Can you confirm your payment method so we can assist you further?","somewhat polite","polite"
"I'm happy to help you understand our integration training process. It seems like you're experiencing some difficulties with the onboarding. Let me clarify that our system requires a minimum of 30 days to sync all the necessary data. If you're still facing issues, please provide more details, and I'll do my best to assist you further.","neutral","polite"
"Unfortunately, it seems there's a processing fee associated with your transaction. Can you please confirm the details of your account so I can look into this further?","neutral","somewhat polite"
"I'm sorry to hear that our menu hasn't been updated on the website, but we do have a new seasonal item available in-store right now. Would you like me to tell you more about it?","neutral","somewhat polite"
"The event you're referring to was unfortunately cancelled due to unforeseen circumstances, but we're offering a full refund to all attendees. Would you like to receive a voucher for our upcoming production instead?","polite","somewhat polite"
"I'm not sure why our system is saying you've exceeded your training hours, but I can help you check your account and see if there's a way to extend your access without having to pay the extra fee.","neutral","somewhat polite"
"I'm happy to help you with your inquiry about our team sports leagues. Can you please provide more details about the issue you're experiencing, such as the team name and the specific problem you're facing?","polite","neutral"
"Unfortunately, it seems like your membership renewal fee is a bit higher than usual this season. Our annual fee for team sports typically increases by 5% around this time of year, but I can look into it further to see if there's anything we can do to help you out.","polite","somewhat polite"
"I'd be happy to help you with that. According to our menu, all of our dishes are halal-certified, but if you have specific dietary requirements, please let me know and I can check with our chef.","neutral","somewhat polite"
"Of course, I understand that you're seeking a more luxurious experience while traveling. Our premium package includes additional perks such as priority boarding and access to our exclusive airport lounges. I can provide more information about this upgrade if you're interested.","somewhat polite","polite"
"I'm happy to help you with your home decor purchase. However, I need to let you know that the item you're interested in is currently out of stock. Would you like me to notify you when it becomes available again?","neutral","polite"
"Unfortunately, our strawberry shortcake has been sold out since last week due to high demand over the summer holidays. However, we're expecting a new shipment of fresh strawberries next week, and I can put you on our waitlist if you'd like to be notified when they arrive.","polite","somewhat polite"
"I'm happy to help you understand the recent credit card charge on your statement. It appears to be a one-time processing fee associated with a recent transaction. If you'd like more information, I can provide you with the details.","somewhat polite","polite"
"Unfortunately, our squash court is currently closed for renovations until the end of the summer, but we're offering a discounted membership rate for the fall season if you're interested in joining after the renovation is complete.","polite","somewhat polite"
"Unfortunately, it seems like our membership fees have increased this quarter. However, if you're looking to cancel, you'll need to provide written notice by the end of the month.","neutral","somewhat polite"
"I'm sorry to hear that you're having trouble finding a particular item in our store. Our selection varies by season, and some products may not be available year-round. I can check if we have any stock in our other locations or recommend a similar product if that would be helpful?","somewhat polite","neutral"
"Unfortunately, our policy states that all sales are final, but I can offer you a discount on your next purchase.","neutral","somewhat polite"
"Certainly, I can understand your concerns regarding the additional charge. This fee is associated with the annual credit card membership charge, which is typically billed during this time of the year.","polite","neutral"
"I'm sorry to hear that our store is out of your preferred brand of sparkling water. We're expecting a new shipment to arrive next week. Would you like me to reserve one for you?","neutral","somewhat polite"
"Unfortunately, it seems that our workshop registration process is currently experiencing some technical difficulties. I'd be happy to guide you through the troubleshooting steps or offer an alternative registration date if needed.","somewhat polite","neutral"
"I appreciate your enthusiasm for our upcoming workshop on leadership development. However, please note that the fee you're seeing is non-refundable due to our cancellation policy, which is clearly outlined on our website.","somewhat polite","polite"
"I understand you're disappointed with the cancellation of your upcoming MMA event. Unfortunately, our policy is clear on refunds and exchanges. I can offer a store credit towards a future event, or we can discuss other options to make it right. Let me know which one you'd prefer.","somewhat polite","polite"
"I'd be happy to help you with that. For technical skills development, I recommend checking out our online tutorials and webinars, which are free and accessible to all our customers. Additionally, we offer personalized coaching sessions at a discounted rate for our premium members.","somewhat polite","polite"
"Unfortunately, our team's membership fees don't include access to exclusive tournaments, but we do offer discounts for students and seniors during the off-season.","polite","neutral"
"I'm happy to help you with your membership fees, but it seems there's been an error on our end. Let me look into it and see what we can do to get it sorted out for you.","polite","somewhat polite"
"Unfortunately, the fee you're seeing is due to an automatic transfer to cover our account maintenance costs. If you'd like, I can explain the process in more detail.","polite","somewhat polite"
"Certainly, I can understand why you might be concerned about the extra charge on your account. It's due to our standard insurance premiums that are mandatory for all accounts. I can provide you with more information if you'd like.","somewhat polite","polite"
"I'm sorry to hear that the snowboard you ordered didn't fit as expected. Unfortunately, we can't exchange it for a different size since the sale has ended, but we can offer a store credit towards a future purchase.","somewhat polite","neutral"
"I'm afraid our winter sports equipment is on backorder due to high demand, but we're expecting a new shipment next month. Would you like me to reserve one for you when they arrive?","somewhat polite","neutral"
"I'm happy to help you with your question about joining our tennis league. Our membership fees are typically non-refundable, but if you're experiencing financial difficulties, we may be able to offer a temporary payment plan. Let me see what I can do to assist you.","somewhat polite","polite"
"Unfortunately, it seems our store's Wi-Fi network is currently down due to some technical issues. Our team is working to resolve the problem as soon as possible, and we appreciate your patience and understanding.","somewhat polite","neutral"
"I'm not sure why our team's schedule changed without notifying you, but I can help you reschedule a match if you'd like.","somewhat polite","neutral"
"Sorry to hear that your pizza order took a bit longer than expected. I've checked on the status and it looks like we're experiencing some seasonal delays due to the summer rush. I'll go ahead and offer you a 10% discount on your next order to make up for the wait.","polite","somewhat polite"
"I apologize for the inconvenience, but our current sale on 4K TVs ends this weekend. If you'd like to take advantage of the discounted price, I recommend making a purchase before Saturday.","polite","somewhat polite"
"I'm sorry to hear that our menu hasn't been updated to reflect the summer specials. We do have a new chef's table promotion available until the end of the month, though, and I can give you more information about that if you're interested.","neutral","somewhat polite"
"Certainly, I can understand your concern about the extra charge on your bill. That fee is typically associated with our premium coffee selection. I hope this clarifies any confusion.","somewhat polite","polite"
"I'm afraid our summer exhibit is fully booked until the end of August. However, we do have some upcoming events in September that you might be interested in. Would you like me to send you a list of our upcoming programs?","somewhat polite","neutral"
"'I understand that you're concerned about the mature content in the current exhibition. While we do aim to show a diverse range of art, we also want to ensure that all of our visitors feel comfortable. I can provide you with a list of alternative exhibitions that may be more suitable for your child.'","neutral","somewhat polite"
"Unfortunately, the expiration date on our product is clearly listed on the packaging. If you've purchased it recently, it's likely just a matter of using it before it goes bad. If you're still unsure, I can provide more information on how to check the product's freshness.","polite","neutral"
"I'm sorry to hear that you're having issues with your team sports membership renewal. It seems like there might have been a problem with our automated payment system, which can happen during peak registration seasons. Let me see what I can do to help you get back on track.","polite","somewhat polite"
"We're currently offering a limited-time discount on our guided tours of the botanical garden, but it's only valid for tickets purchased before the end of the month. Would you like me to add it to your existing booking?","polite","neutral"
"Sure, I can help you with that. For water sports activities at our sports club, there is a standard fee that covers equipment rental and maintenance. I can give you a detailed breakdown if you'd like.","somewhat polite","neutral"
"I'm happy to help you with your concern about the delayed delivery of your sports equipment. Unfortunately, our shipping partner is experiencing some issues, but we're working to resolve it as soon as possible. In the meantime, I can provide you with a tracking update and an estimated delivery date.","somewhat polite","polite"
"I'd be happy to help you with the issue you're experiencing with your new smart TV. However, it seems that the problem may be related to a compatibility issue with your router, which is not covered under our standard warranty. If you'd like to proceed with a repair or replacement, please let me know and I can guide you through the next steps.","somewhat polite","polite"
"Unfortunately, our soccer league is currently at full capacity, but I can add you to our waitlist. If a spot opens up, we'll be in touch with you directly.","somewhat polite","polite"
"I'd be happy to help you with your winter sports membership. Our fees are seasonal, and it seems like you might be seeing a charge related to the upcoming ski season. If you're interested, I can provide more information on our pricing and packages.","neutral","polite"
"Your credit score may have been affected by the recent hard inquiry, but it's not a cause for concern. We can help you understand the impact and provide guidance on how to improve it.","polite","neutral"
"Sorry to hear you're having trouble finding a tennis court with a decent racket stringing service. We do have a partnership with a local pro shop that offers top-notch stringing, but it's currently closed for the off-season. Would you like me to provide you with their contact info for when they reopen in a few months?","polite","somewhat polite"
"I'd be happy to help you with the toy return policy. Unfortunately, since it's been over 30 days since the purchase, we can't accept the return. However, if you'd like to exchange it for a different item, we can offer you a store credit for the full amount.","polite","somewhat polite"
"I understand your concern about the additional fee on your recent booking. It's likely due to the peak season travel surcharge, which is a standard practice for many airlines. If you'd like, I can provide more information on how this fee is calculated and what you can expect for your upcoming trip.","somewhat polite","polite"
"Unfortunately, our snowboarding lessons are fully booked for the next two weeks, but I can put you on the waitlist. If a spot opens up, we'll be in touch with you promptly.","neutral","somewhat polite"
"We're currently experiencing a high volume of visitors during the summer break, so our museum hours may be extended to accommodate everyone. However, please note that our staff are taking a short break from 2 pm to 3 pm for lunch, so some areas might be temporarily closed.","polite","neutral"
"Unfortunately, our current promotion has already ended, but I can offer you an alternative deal on a similar product.","somewhat polite","neutral"
"I'm happy to help you with your question about our seasonal menu. Unfortunately, our summer specials have already ended, but we're introducing some exciting new dishes for the fall season that you might enjoy. Would you like me to tell you more about them?","somewhat polite","polite"
"I'm sorry to hear your membership renewal for the boxing classes was declined due to an issue with the payment processing. I can try to assist you in updating the payment information to see if that resolves the problem.","somewhat polite","polite"
"I'm sorry to hear you're experiencing issues with our seasonal menu. Unfortunately, our summer specials are only available during the warmer months, but we can offer you some alternative options for the winter season.","neutral","somewhat polite"
"I'm sorry to hear your tennis racket didn't meet your expectations. We can exchange it for a different model, but you'll need to provide the original receipt and it's within 30 days of purchase.","neutral","somewhat polite"
"I understand you're concerned about the recent charges on your credit statement. Our records show that these fees are associated with a one-time payment processing error, which has been corrected. If you have any further questions or concerns, please don't hesitate to ask.","polite","somewhat polite"
"I'm sorry to hear that you're having trouble with the ticket prices for the upcoming marine life exhibit. Unfortunately, our prices are subject to change seasonally, and we can't offer any discounts at this time. However, I can suggest some alternative exhibits that might be more budget-friendly.","polite","somewhat polite"
"I appreciate your interest in our upcoming botanical garden exhibit. Unfortunately, due to unforeseen circumstances, we've had to push the event back to next spring. However, we're offering a special discount for early bird tickets, and I can provide you with more information on how to secure yours.","somewhat polite","polite"
"I'd be happy to help you with your professional development goals. However, I do need to clarify that our soft skills course is not eligible for a refund after 30 days. If you're interested in exploring other options, I can provide you with some recommendations that might better suit your needs.","polite","somewhat polite"
"I appreciate your interest in our creative skills course. However, it seems like the price you're seeing is due to a promotional offer that's currently running. If you'd like to enroll, I can provide you with more information on how to take advantage of it.","polite","somewhat polite"
"I'm happy to help you with your order, but unfortunately, we can't process exchanges for items that are already on sale. If you're looking for a different size or style, I can offer you a store credit for the full amount of your purchase.","neutral","somewhat polite"
"Unfortunately, it seems like you're experiencing some difficulties with our online course platform. I'd be happy to help troubleshoot the issue with you. Can you please provide more details about the error message you're seeing, and I'll do my best to assist you in resolving it?","neutral","polite"
"Unfortunately, it seems like your skills gap analysis didn't quite align with our course offerings. However, I can help you explore alternative training paths that might better suit your needs.","neutral","somewhat polite"
"I'm not sure why you're being charged this extra fee for water sports lessons, but it's likely due to the seasonal demand. If you'd like more information, I can try to look into it further.","somewhat polite","neutral"
"I'm sorry to hear that our street food place is closed during the summer months. We usually have a variety of options available, but it seems we're not open at this time. Would you like me to recommend some nearby restaurants that are open?","polite","somewhat polite"
"I'm not sure why our website says you're still signed up for the basketball league, but if you're trying to cancel, I can help you with that. Can you please provide your membership number so I can assist you further?","somewhat polite","neutral"
"Of course, I understand that you're seeking assistance with the library's policies. Generally, items can be renewed up to five times, as long as they are not overdue and there are no holds on them. I hope this information is helpful to you.","neutral","somewhat polite"
"I'm sorry to hear that your tennis lesson was cancelled due to inclement weather. Unfortunately, our policy is to only offer refunds for cancellations made at least 24 hours in advance. However, I can provide you with a voucher for a future lesson, which you can redeem at your convenience.","somewhat polite","polite"
"I'm happy to help you with your rental car, but unfortunately, our winter tire policy is non-refundable. If you'd like to discuss further, I can provide more information on our options.","somewhat polite","polite"
"I apologize for the delay in processing your claim. It's possible that our system is experiencing a high volume of requests this quarter, which may have caused the delay. I'll do my best to expedite the process and keep you updated on the status.","somewhat polite","polite"
"I'm happy to help you with your query about the tennis court fees. It seems there's been a misunderstanding about the charges. Let me clarify that the fee you're seeing is just a one-time registration fee, and it's not applicable to your membership. I can provide more details if you'd like to proceed with the registration.","somewhat polite","polite"
"I'm happy to help you with your question about the warranty on your new TV. Can you please provide me with the serial number so I can look into it for you?","somewhat polite","polite"
"I'm not sure why our fries are taking so long to arrive, but I can offer you a complimentary side to make up for the wait. Would you like me to put that in for you?","neutral","somewhat polite"
"I'm sorry to hear about your concern with the menu price. Our cafe aims to provide the finest coffee and pastries, and the cost reflects the quality of our ingredients and craftsmanship. How can I assist you further?","polite","somewhat polite"
"I'm afraid our current exhibit on modern art is not suitable for young children due to some mature themes. However, we do offer family-friendly activities during school breaks, which might be more appealing to your little ones.","somewhat polite","neutral"
"I appreciate your concern about the price increase on our summer menu. We've actually had to adjust our pricing to reflect the higher costs of seasonal ingredients, but we're confident that our dishes are still worth every penny.","somewhat polite","polite"
"I'm afraid our summer kayaking rentals are fully booked for the next two weeks, but we do have some stand-up paddleboard options available. Would you like to reserve one of those instead?","somewhat polite","neutral"
"I'm sorry to hear that our flight schedule change has caused you some inconvenience during the summer vacation season. Unfortunately, we can't accommodate your request for a refund due to our airline's strict policy on non-refundable tickets.","somewhat polite","neutral"
"Sorry to hear you're having trouble with your ski equipment rental. Can you please confirm the rental date and time, and I'll check if there were any issues with the equipment during that period?","polite","somewhat polite"
"Certainly, I can assist you with that. For technical skills related inquiries under professional development, please note that there may be associated costs for specialized training programs. I can provide more information upon request.","somewhat polite","neutral"
"I'd be happy to help you with our professional development bootcamp. Since you're interested, I can provide more information on our upcoming courses and schedules. Would you like me to send you a list of our available programs?","somewhat polite","polite"
"Unfortunately, our current menu doesn't have any halal options available during Ramadan. However, we can suggest some nearby restaurants that serve halal food if you'd like.","polite","somewhat polite"
"I'm sorry to hear you're experiencing issues with your rental car's GPS. Unfortunately, our company doesn't offer GPS as a standard feature, but we can provide you with a list of nearby locations where you can purchase a portable GPS device.","somewhat polite","neutral"
"I'm not sure why our water sports membership fees are so high this summer, but I can try to look into it for you.","neutral","somewhat polite"
"I appreciate your interest in our professional development courses, especially the soft skills training. However, I need to clarify that the price you're seeing is a one-time fee for access to our exclusive online content, which includes a comprehensive guide to effective communication and teamwork. If you have any further questions, please don't hesitate to ask.","somewhat polite","polite"
"Certainly, I understand that the fees and charges may seem unexpected. They are typically associated with the services we provide to maintain your account. I can offer further clarification if you'd like.","polite","somewhat polite"
"I'm sorry you're experiencing some issues with the exhibit. We've had some reports of crowds during peak season, but I can check if there are any alternative viewing times available.","neutral","somewhat polite"
"We're currently running a special exhibit on seasonal flowers, and I noticed you're interested in our upcoming botanical garden tour. However, I should let you know that our summer season package is already sold out, but we do have some availability for our fall tour if you'd like to book now.","somewhat polite","polite"
"I'm sorry to hear that our new seasonal menu didn't meet your expectations. We'll make sure to take your feedback into consideration for future updates.","neutral","somewhat polite"
"I understand you're having trouble with your kayak rental, but our policy clearly states that you need to return it by the end of the day to avoid any additional fees. Since you're returning it late, there's a $50 charge for the extended rental period. Would you like to proceed with paying the fee or discuss possible alternatives?","polite","somewhat polite"
"I'm sorry to hear that you're having trouble finding the botanical garden's hours during the summer season. We typically operate from 9 am to 5 pm, but I can check our website for any seasonal adjustments.","somewhat polite","neutral"
"Given the seasonal fluctuations in interest rates, we've adjusted our credit card APR to 22.99% to ensure we can continue to offer competitive rates. If you'd like to discuss further, I'd be happy to provide more information.","polite","somewhat polite"
"I'm happy to help you with your question about the new menu item at our fast food restaurant. Unfortunately, it's only available for a limited time, but we're considering adding it to our permanent menu based on customer feedback. Would you like me to check on the availability of the item at a location near you?","somewhat polite","polite"
"The toy you're interested in is currently out of stock, but we expect a new shipment to arrive next month. Would you like me to reserve one for you or recommend a similar alternative?","somewhat polite","neutral"
"Unfortunately, our summer leagues are fully booked for the next two months, but I can put you on a waitlist and let you know if any spots become available.","polite","somewhat polite"
"I'd be happy to help you with that. Unfortunately, our current sale on living room sets has ended, but we have a new collection arriving soon. Would you like me to notify you when it's available?","polite","somewhat polite"
"Unfortunately, the sale you're referring to has already ended. However, we do have some similar promotions running currently, and I'd be happy to help you explore those options.","neutral","somewhat polite"
"I understand that the monthly fee increase is concerning, but it's essential for maintaining our high-quality services and keeping your account secure. If you have any questions or concerns, I'm here to help and provide more information about our fee structure.","polite","somewhat polite"
"I appreciate your concern about the insurance premium increase. We've had to adjust our rates due to recent market changes, but I can help you explore some options to lower your costs if you'd like.","somewhat polite","polite"
"I'm happy to help you with your buffet question. Can you please clarify what type of buffet you're referring to - is it a holiday-themed buffet or a regular menu? Either way, we're open daily from 11 am to 9 pm, and I can provide you with more information on our pricing and offerings.","polite","neutral"
"I apologize for the delay in processing your credit application. Our team is working diligently to review your documents and will be in touch with you shortly to discuss the next steps.","polite","somewhat polite"
"I'm afraid our current exhibit is closed for renovations, but we're offering a special discount on our upcoming show. Would you like to take advantage of it?","somewhat polite","neutral"
"I'm happy to help you with your professional development needs. For the workshop you're interested in, please note that the registration fee includes all materials and a complimentary lunch. If you have any questions or concerns, feel free to reach out to me directly.","somewhat polite","polite"
"Unfortunately, our seasonal ice cream flavors are only available for a limited time, and we're currently out of stock on our summer specials. However, we do have a few other options available that might interest you.","polite","neutral"
"Unfortunately, it seems like your flight upgrade wasn't processed correctly. I've checked on the status and it appears to be a technical issue on our end. I'll see what I can do to get it sorted out for you as soon as possible.","neutral","somewhat polite"
"I appreciate your interest in our upcoming workshop on data analysis, but I wanted to clarify that it's a paid event. The fee you're seeing is the standard registration cost, which includes access to all the sessions and materials.","neutral","somewhat polite"
"I'm happy to help you with your dessert inquiry. Our seasonal flavors are available until the end of the month, but we also have a year-round selection of classic desserts if you're looking for something different. Would you like me to provide more information on our current offerings?","neutral","polite"
"I'm happy to help you with your inquiry about our team sports packages. It seems that the additional fee is due to the seasonal demand, but I can offer you a discount if you commit to a longer-term membership.","somewhat polite","polite"
"I'm not sure why it's taking so long to process your loan application, but it's usually done within a week or two. If you've already submitted all the necessary documents, I can check on the status for you.","somewhat polite","neutral"
"I'm sorry to hear that our store is out of stock on the new Lego set. However, we do have a restock scheduled for next month, and you can also check our website for any available alternatives.","neutral","somewhat polite"
"Unfortunately, our current system doesn't allow for fee waivers, but we do offer a payment plan option that might be more manageable for you.","neutral","somewhat polite"
"I'm not sure why our museum's audio guide isn't working properly, but I'd appreciate it if you could look into the issue and get back to me by the end of the day.","neutral","somewhat polite"
"I apologize for the inconvenience, but our return policy clearly states that all items must be returned within 30 days with the original receipt. If you'd like to exchange or return the item, please bring it back to our store and we'll be happy to assist you.","somewhat polite","polite"
"I'm sorry to hear that our washing machine isn't working as expected. However, our warranty only covers defects in materials and workmanship for the first year after purchase. If you'd like to discuss further, I'd be happy to assist you with a potential repair or replacement.","somewhat polite","neutral"
"I'd be happy to help you brainstorm ways to improve your presentation skills. Can you tell me a bit more about what you're looking to achieve?","polite","neutral"
"I'm sorry to hear that your train ticket has been delayed. Unfortunately, this is due to unforeseen track maintenance, and we're working to get you to your destination as soon as possible. Your ticket will be adjusted accordingly, and we'll provide you with a complimentary meal voucher for the inconvenience.","polite","somewhat polite"
"I'd be happy to help you understand the fee you're seeing. It's likely our standard annual membership charge, which is non-refundable. If you have any questions or concerns, feel free to ask and I'll do my best to assist you.","somewhat polite","polite"
"I'm glad you're interested in our locally sourced, organic options! While we strive to keep these items in stock, their availability may vary based on the season. If you have any specific questions about particular products, feel free to ask and I'd be happy to help!","somewhat polite","polite"
"Unfortunately, our courts are closed for maintenance during winter, but we're offering a discounted rate for indoor tennis lessons during the off-season. Would you like to book a session?","somewhat polite","neutral"
"I'm sorry to hear that you're experiencing some issues with your membership renewal. Could you please check your email for a notification regarding the payment due date? If you're still having trouble, I can try to assist you further.","neutral","somewhat polite"
"Certainly, I can understand why you're concerned about the membership fee for our combat sports club. The fee covers the cost of equipment maintenance and instructor training to ensure you have a safe and enjoyable experience. Let me know if you'd like me to go over the breakdown with you.","somewhat polite","polite"
"I'm sorry to hear that our store's return policy is unclear. Can you please provide your receipt and the reason for the return so we can assist you further?","neutral","somewhat polite"
"I appreciate your enthusiasm for our seasonal buffet, but please note that prices may vary depending on the time of year and availability of ingredients. I can provide more information on our current offerings if you're interested.","polite","somewhat polite"
"I'm sorry to hear that your flight was delayed. Unfortunately, these things happen due to weather conditions and air traffic control issues. We'll do our best to get you to your destination as soon as possible, but I can't provide a more specific estimate at this time.","somewhat polite","neutral"
"I'm not sure why our membership renewal notice said you owed $50, but I checked our system and it looks like you're actually up to date on your payments. Can you tell me more about what you're seeing?","somewhat polite","neutral"
"Sure, I can help you understand the charges. Our budget-friendly travel options include a small fee for additional services, such as priority boarding. Would you like me to break it down further for you?","polite","somewhat polite"
"I'm sorry to hear that our sports league fees seem higher than expected. It's worth noting that prices may vary depending on the season, and our rates are subject to change based on demand. If you have any questions or concerns, I'd be happy to clarify the details for you.","somewhat polite","neutral"
"I understand you're concerned about the cancellation fee for your upcoming MMA training session. Our policy is to charge a fee for last-minute cancellations to ensure we can accommodate other members. If you'd like to reschedule, I can help you find an alternative time that suits you.","neutral","polite"
"I'm sorry to hear that you're having trouble accessing our online course materials during the summer break. Our technical team is working on resolving the issue, but in the meantime, you can try clearing your browser cache or reaching out to us directly for assistance.","somewhat polite","neutral"
"I'm sorry to hear you're not satisfied with the buffet selection. We do have a rotating menu, and we're currently featuring seasonal specials. If you'd like, I can provide you with more information on our upcoming menu changes.","somewhat polite","neutral"
"Sure, I can help you understand the charges on your travel account. Our budget and economy plans include maintenance fees to ensure you have the best possible experience while saving on costs. Let me know if you'd like more information.","polite","neutral"
"Unfortunately, our current exhibit on ancient civilizations has been moved to a different floor, but I can give you directions on how to find it. Would you like me to provide those?","somewhat polite","neutral"
"I'm happy to help you with your inquiry about our winter sports packages. However, please note that the prices you're seeing are based on our standard rates, and any additional fees will be clearly disclosed during the booking process.","somewhat polite","neutral"
"I'm afraid our winter promotion rates have ended, so you'll be charged the standard rate for the upcoming trip. However, if you book now, we can offer you a 10% discount on the total fare.","somewhat polite","neutral"
"I'm sorry you're not satisfied with your coffee, but our store policy clearly states that all drinks are final sale once they leave the premises. If you have any other issues, I'd be happy to help.","somewhat polite","neutral"
"I apologize for any inconvenience you've experienced with our bootcamp. It seems there might be a misunderstanding regarding the course fee. I'd be happy to help clarify the costs and answer any questions you have.","somewhat polite","polite"
"We've noticed a discrepancy in your account activity and have automatically upgraded your subscription to our premium tier.","neutral","polite"
"I'd be happy to help you improve your communication skills. Our online course on effective communication covers key topics like active listening and conflict resolution. Would you like me to provide more information on the course details and pricing?","neutral","polite"
"I'm happy to help you with your dessert question, but I do need to inform you that our seasonal summer flavors are only available until the end of August. If you'd like to try one of our fall flavors, I'd be happy to recommend a few options that are sure to satisfy your sweet tooth.","polite","somewhat polite"
"I'm happy to help you with the issue you're experiencing with your new smart TV. Unfortunately, it seems like it's no longer under warranty, so any repairs or replacements would need to be paid out of pocket. Would you like me to provide more information on our pricing and options?","somewhat polite","polite"
"I'm sorry to hear that your flight was delayed due to a medical emergency on board. Unfortunately, we can't provide compensation for this type of situation, but we can offer you a complimentary upgrade on your next flight.","somewhat polite","neutral"
"Certainly, I understand you might have some questions about the membership fee for our individual sports club. It covers the cost of maintenance and access to our top-notch facilities and equipment. Let me know if you'd like more specifics.","somewhat polite","polite"
"Sorry to hear that your membership renewal was denied for the kickboxing classes. Can you check if your payment information is up to date, and I'll be happy to assist you with the registration process.","polite","somewhat polite"
"Unfortunately, our current promotion is only available for new customers. However, we're happy to discuss other options that might suit your needs.","neutral","somewhat polite"
"Of course, I understand that the policy details can be confusing. Our insurance plans typically include a monthly fee to cover the stated benefits. I can provide more information or clarify any points if you'd like.","somewhat polite","polite"
"I'm sorry to hear that your flight was delayed due to bad weather. Unfortunately, we can't provide any compensation for the inconvenience, but you can expect a refund for the full amount of your ticket if you're eligible.","somewhat polite","neutral"
"I'm afraid our museum's summer hours are still in effect, and we're closed on Mondays. If you're planning to visit this week, I recommend checking our website for the correct hours.","somewhat polite","neutral"
"I'd be happy to help you with that! Our overdraft protection feature is designed to prevent overdraft fees, but if you're still experiencing issues, I can walk you through some steps to help you manage your account better.","polite","somewhat polite"
"I'm not sure why our summer reading program is being advertised as free when it's clearly listed as $20 on our website. Can you clarify the correct pricing for me?","somewhat polite","neutral"
"I appreciate your interest in our online courses, but I wanted to let you know that the cost is due to the advanced certification process and the high demand for our instructors. If you have any questions or concerns, I'd be happy to address them and provide more information on our refund and transfer policies.","polite","somewhat polite"
"I understand your concern about the premium increase. Our insurance policy does require an annual adjustment to ensure you're adequately covered. I can walk you through the details and explain the reasoning behind it.","polite","somewhat polite"
"Sure, I can assist you with your winter sports club membership. The fee you're being charged covers the maintenance and upkeep of the facilities. Let me know if you'd like more information.","neutral","somewhat polite"
"I'm sorry to hear that our store is out of your preferred brand of milk. We do receive new shipments every week, so it's possible that we'll have it back in stock soon.","neutral","somewhat polite"
"Sorry to hear that you're not able to find the information you're looking for on the marine life exhibit at our aquarium. Unfortunately, we don't offer guided tours during the off-season, but I can provide you with a self-guided map of the exhibits if that would be helpful.","somewhat polite","neutral"
"I'm not sure why our system is flagging your certification course as incomplete, but I can try to investigate further and provide an update on the status of your training hours.","somewhat polite","neutral"
"I appreciate your patience while we investigate the issue with your purchase. Unfortunately, it seems that the extended warranty you're seeing is not included in your original package, but we can discuss possible upgrade options with you.","polite","somewhat polite"
"Unfortunately, it seems that our system is currently experiencing some delays with the integration training, which is causing the issue you're facing. I'll check on the status and get back to you as soon as possible.","somewhat polite","neutral"
"I understand you're concerned about the extra charge on your bill. Our menu prices are clearly stated, and it's possible that there was a mistake on our part. I can check with the kitchen to see what happened and adjust the charge accordingly.","somewhat polite","neutral"
"Unfortunately, our ice rink is closed for renovations until spring. You can check our website for updates on the reopening date and plan your visit accordingly.","somewhat polite","neutral"
"I understand you're concerned about the loan processing time, and I want to assure you that we're doing our best to expedite the review. Our team will be in touch with you shortly to provide an update on the status of your application.","polite","somewhat polite"
"I'm sorry to hear that our organic salad mix didn't meet your expectations. We source our ingredients from local farms whenever possible, but sometimes quality can vary. If you'd like, I can offer a store credit or a replacement with a different mix.","somewhat polite","neutral"
"Unfortunately, our current promotion has expired, but I can offer you an alternative option that might suit your needs. Would you like me to explain the details?","neutral","somewhat polite"
"I'd be happy to help you with that! It looks like there's a small fee associated with your booking, which is standard for budget travel. Would you like me to explain it in more detail?","somewhat polite","polite"
"I'd be happy to help you understand the fee on your statement. It's likely a small charge for account maintenance, but I can look into it further if you'd like.","polite","somewhat polite"
"Sorry to hear that your paddleboard rental was cancelled due to bad weather. We'll give you a full refund as per our policy. Would you like to reschedule for a different day?","somewhat polite","polite"
"I'm sorry to hear that your ski lesson was cancelled due to the weather. Unfortunately, it's not within our control, but I can offer a full refund or a voucher for a future lesson if you'd like.","somewhat polite","polite"
"We're currently running a promotion on our online courses, and I'd be happy to help you find something that suits your interests. However, I do want to let you know that our most popular courses tend to sell out quickly, especially during back-to-school season. Would you like me to recommend some of our top picks?","somewhat polite","polite"
"I'd be happy to help you with that. It looks like there's a restocking fee for the returned item. If you'd like, I can provide more information on our return policy and see what we can do to make it right for you.","polite","somewhat polite"
"I'm sorry for any confusion regarding the street food vendor's pricing. It's common for such establishments to have varying costs depending on the ingredients and labor involved. I hope this clarifies the situation.","somewhat polite","polite"
"Unfortunately, our membership renewal fees are non-negotiable, but I can offer you a discount on your next membership purchase if you commit to a 12-month plan.","somewhat polite","neutral"
"I appreciate your concern about the flight delay. Unfortunately, our airline isn't responsible for the air traffic control's decision to reroute the flight due to weather conditions. However, I can offer you a complimentary meal voucher for the inconvenience you've experienced.","somewhat polite","polite"
"I appreciate you bringing this to our attention. However, our store policy clearly states that all toys and games must be accompanied by a receipt for any exchange or refund. Please check your purchase details and we'll be happy to assist you further.","polite","somewhat polite"
"I'm sorry to hear that our store's website says we're out of stock on the toy you're looking for. I can check if any of our other locations have it in stock or if we have any expected restock dates.","somewhat polite","neutral"
"I appreciate your concern about the late fees on your credit card statement. It seems there was an error in our system that resulted in an unexpected charge. I've gone ahead and waived the fee for this month, and I'll make sure to review our system to prevent this from happening again in the future.","somewhat polite","polite"
"Unfortunately, our current promotion has expired, but we're offering a similar deal next month. Would you like me to send you a reminder?","neutral","somewhat polite"
"I'm not sure why we're being charged for the ice rink rental, but it looks like the fee is already included in the package you purchased. Can you check your confirmation email to confirm?","somewhat polite","neutral"
"I'm happy to help you with your buffet question. Can you please confirm your reservation date and party size so I can provide more information on our current promotions and offerings?","polite","neutral"
"I'd be happy to help you with that! Our halal menu is quite extensive, and I can assure you that we take great care in preparing each dish to meet the highest standards of halal certification. If you have any specific dietary restrictions or preferences, please let me know and I'll do my best to accommodate your needs.","somewhat polite","polite"
"I'd be happy to help you with your dessert order. Unfortunately, our seasonal flavor of strawberry shortcake is currently sold out, but we do have a limited quantity of chocolate mousse left. Would you like to place an order for that instead?","somewhat polite","neutral"
"I'm sorry to hear that your rental car had a delay, but it seems like our system is still showing it as available. Could you please check the estimated pickup time again?","neutral","somewhat polite"
"I'm happy to help you with the issue you're experiencing with your purchase. Our return policy is clearly stated on our website, but I can certainly provide more details if you'd like. Can you please provide me with the order number so I can look into this further?","somewhat polite","polite"
"I'm afraid the toy you're looking for is currently out of stock, but we're expecting a new shipment soon. Would you like me to put you on a waitlist or recommend a similar item that's available?","somewhat polite","neutral"
"I'm afraid the sale on those hiking boots has already ended, but we do have a similar model on clearance for 20% off. Would you like me to check availability?","somewhat polite","neutral"
"Unfortunately, it seems our current sale on 4K TVs has ended, but we're expecting a new shipment next quarter. Would you like me to notify you when they arrive?","polite","somewhat polite"
"I'm sorry to hear that our store's electronics policy isn't meeting your expectations. However, our warranty only covers defects in materials or workmanship, and it seems that the issue with your purchase is due to normal wear and tear. If you'd like, we can still offer a discount on a replacement or provide a repair service.","somewhat polite","neutral"
"I'm not sure what's causing the discrepancy in your membership fees, but let's take a look at your account together to figure it out.","neutral","somewhat polite"
"I'd be happy to help you with the price discrepancy on the couch you're interested in. Our sales team can provide more information on the current promotion and any potential discounts that might be available.","neutral","somewhat polite"
"We appreciate your interest in visiting our botanical garden this summer. However, I noticed that our website is currently experiencing some issues with ticket sales, and it seems that the online payment system is not functioning properly. I can offer you an alternative option to purchase tickets at the garden's entrance, or you can try checking back later when our website is up and running again.","somewhat polite","polite"
"I understand you're concerned about the extra charges on your recent booking. Our peak season fees apply from December to March, and it seems you traveled during that period. If you'd like, I can provide more information on how to avoid these fees in the future.","somewhat polite","polite"
"Unfortunately, our current policy doesn't allow for exceptions to the return window. However, I can offer you a store credit for the full amount.","neutral","somewhat polite"
"I'm happy to help with your pizza order. We have a few promotions going on right now, but I can give you a better deal if you're willing to try our seasonal special sauce - it's only available for a limited time, and it pairs really well with our summer menu items.","somewhat polite","polite"
"I'm afraid the toy you're looking for is currently out of stock, but we're expecting a new shipment soon. Would you like me to put you on a waiting list?","somewhat polite","neutral"
"I'm afraid your luggage has been misplaced during transit. I can assist you in filing a claim and getting it replaced as soon as possible.","somewhat polite","neutral"
"Sorry to hear that you're not enjoying your street food experience. Can you please tell me more about what's not up to your expectations so I can assist you further?","polite","somewhat polite"
"We're currently reviewing our training programs and noticed that some of the content may not be up-to-date. Could you please clarify which specific course or module you're referring to so we can provide more accurate information?","somewhat polite","neutral"
"I apologize for the inconvenience, but it seems there's a misunderstanding about the additional fee for the upgraded seat selection. If you'd like, I can walk you through the options and help you find a solution that suits your travel plans.","somewhat polite","polite"
"I'm not sure why our menu item says it's gluten-free, but I can confirm that our chef has double-checked the recipe. Would you like me to check with the kitchen again?","somewhat polite","neutral"
"I'm sorry to hear that you're having trouble planning your visit to the aquarium. Unfortunately, our tickets are non-refundable, but you can use them to visit within the next year. If you have any other questions or need further assistance, please don't hesitate to ask.","neutral","somewhat polite"
"Unfortunately, our squash courts are currently closed for renovations until the end of the month. However, we're offering a discounted membership rate for the summer season if you're willing to join before the renovation period ends.","neutral","polite"
"I'm sorry to hear that your soccer team's membership renewal is being held up. Can you please check your email for a notification from us regarding the payment and I'll be happy to assist you further if needed.","somewhat polite","polite"
"I appreciate your concern about the toy's price increase. Our summer sale ends soon, but we're offering a one-time discount for kids under 12, which might help with the cost.","polite","somewhat polite"
"I'd be happy to help you with that. Can you please provide me with more information about your flight itinerary, including your ticket number and the dates of travel?","somewhat polite","polite"
"I'd be happy to help you with your loan inquiry. Could you please provide more information about the specific loan product you're interested in, and I'll do my best to provide you with a detailed breakdown of the fees involved?","somewhat polite","polite"
"I'm sorry to hear you're having trouble with the ticket prices at the aquarium. Unfortunately, our seasonal pass prices do vary depending on the time of year and visitor age, so I can't provide a refund without checking the details of your visit.","neutral","somewhat polite"
"I'm sorry to hear that your team's membership renewal was declined due to outstanding fees. However, our records show that the payment was successfully processed last week. Can you please check your bank statement to confirm?","somewhat polite","polite"
"I'd be happy to help you with your query about the toy you purchased from us. Unfortunately, it seems that the item is no longer eligible for a refund due to the time that has passed since your purchase date.","somewhat polite","neutral"
"Certainly, I can understand why you might be concerned about the additional charge for the cruise. This fee is typically applied to cover administrative costs and ensure a smooth travel experience. If you would like more detailed information, please let me know.","somewhat polite","polite"
"I'm happy to help you with your question about the new hiking boots. Unfortunately, we're currently out of stock on that particular model, but I can suggest some alternative options that might fit your needs.","somewhat polite","polite"
"I'm happy to help you with your query about the international shipping fee on your recent order. It seems to be a standard charge for customs clearance and handling, but if you have any further questions or concerns, feel free to ask and I'll do my best to clarify things for you.","somewhat polite","polite"
"I appreciate your enthusiasm for taking our online course, but I wanted to let you know that the price you're seeing is due to our special summer promotion expiring soon. If you're interested in enrolling, I recommend signing up within the next week to take advantage of the discounted rate.","somewhat polite","polite"
"I'm happy to help you with your winter sports membership question. Can you please clarify what you're referring to when you say your membership fees are higher than expected? I'm here to assist you and provide more information if needed.","somewhat polite","polite"
"I understand your concern about the water sports equipment rental fees. Please note that our prices are seasonal, and the current rate is applicable only for the summer season. If you'd like to adjust your booking, I can assist you with that.","somewhat polite","neutral"
"I'd be happy to help you with that workshop registration! Could you please confirm your email address so I can send you the necessary details?","polite","somewhat polite"
"Of course, I understand that you may have some concerns about the extra charge on your bill. It's quite common in bars to have additional fees for certain items or services. I'd be happy to explain further if you'd like.","somewhat polite","polite"
"Unfortunately, it seems our tennis court reservation system is currently experiencing technical difficulties. I recommend checking the website for updates or calling the club directly for assistance.","polite","neutral"
"Unfortunately, our summer menu doesn't include any vegan options for our signature burgers. However, we can offer you a salad or a side of our roasted vegetables instead.","polite","neutral"
"Unfortunately, our train schedule has been affected by the recent weather conditions, and we're working to get the delays resolved as soon as possible. I can check on the estimated arrival time for your train if you'd like.","somewhat polite","neutral"
"I appreciate your feedback about the recent menu changes at our restaurant. We're always looking to improve and take customer suggestions into account, so thank you for sharing your thoughts.","somewhat polite","polite"
"We appreciate your interest in visiting the botanical garden this summer. Unfortunately, our summer concert series has been cancelled due to unforeseen circumstances. However, we still have an array of beautiful flowers and a peaceful atmosphere waiting for you.","polite","somewhat polite"
"I'm afraid our bootcamp policy doesn't allow for refunds once the course has started, but you can discuss a possible transfer with our team if you provide a valid reason.","neutral","somewhat polite"
"I'm happy to help you with your query about our skincare products. Unfortunately, we're currently out of stock on the moisturizer you're looking for, but I can offer you a similar product that's been popular with our customers. Would you like me to check availability?","somewhat polite","polite"
"Certainly, I understand that you may have some concerns about the extra charge on your bill. It's possible that it could be due to a premium selection or an additional service you requested. I can double-check and provide more details if you'd like.","somewhat polite","polite"
"I'm afraid our seasonal coffee promotion has ended, but we do have a new summer blend that's just been released. Would you like to try a cup and see if it's to your taste?","somewhat polite","neutral"
"I'm not sure why our website is saying that the surfing lessons are fully booked, but I've checked our availability and we actually have a few spots left. Would you like me to reserve one for you?","somewhat polite","neutral"
"We've received several reports of customers experiencing issues with baggage handling during peak travel seasons, particularly around holidays like Thanksgiving and Christmas. It's not uncommon for luggage to get misplaced or delayed, but I can offer some assistance in resolving this matter.","polite","neutral"
"Unfortunately, our records indicate that you've exceeded the allowed transaction limit for your account, which has resulted in the additional fees you're seeing. If you'd like to discuss possible options for avoiding these charges in the future, I'd be happy to assist you.","neutral","somewhat polite"
"I appreciate your patience as we review your loan application. Unfortunately, we need a bit more information from you regarding your income and employment status to move forward with the process.","polite","somewhat polite"
"I'd be happy to help you with your question about our buffet menu. Our lunch buffet typically runs from 11am to 2pm and includes a wide variety of options, including salads, soups, and hot entrees. If you have any specific dietary restrictions or preferences, please let me know and I can provide more tailored recommendations.","polite","neutral"
"I'm happy to help you with your query about our freshly baked croissants. Since you mentioned they didn't meet your expectations, I'd like to offer a complimentary pastry on your next visit. Please let me know when you'd like to come back, and we'll get it sorted out for you.","somewhat polite","polite"
"Certainly, I understand that you have questions regarding the charges. Our insurance plans do include standard account maintenance fees, which may apply in this situation. I can provide more information if you'd like.","neutral","somewhat polite"
"Sorry to hear that you're not satisfied with the cake. Our bakery policy states that all custom orders are non-refundable, but we can offer a store credit if you'd like to try a different flavor or design. Would you like me to explain the details?","somewhat polite","neutral"
"I'd be happy to help you with that regional dish you're interested in. Our summer menu features a refreshing gazpacho that's perfect for the warm weather, but if you're looking for something more substantial, our slow-cooked ribs are a popular choice. Can I recommend something?","somewhat polite","polite"
"I'm afraid our marine life exhibit is closed for renovations until next month. However, our temporary exhibit on ocean conservation is still open and offers a unique learning experience.","somewhat polite","neutral"
"Unfortunately, it seems your policy doesn't cover damage caused by natural disasters. I can help you explore other options or provide more information on our available plans.","neutral","somewhat polite"
"I appreciate your concern about the late fees on your credit card statement. It's possible that the charges are related to a promotional period that's expired. If you'd like, I can help you review your account and see if there's a way to waive or reduce the fees.","polite","somewhat polite"
"I'd be happy to help you with that. It seems that the additional fee is due to a minor error in our system. Let me see what I can do to correct it for you.","somewhat polite","polite"
"Unfortunately, our current promotion on home decor items has ended, but we're running a new sale on living room furniture starting next week. Would you like me to send you a notification when it starts?","somewhat polite","neutral"
"I'm happy to help you with your question about our international menu items. Unfortunately, we've had some seasonal ingredient shortages, which might be affecting the availability of some dishes. Would you like me to check the current menu and see what we have available for you?","polite","somewhat polite"
"I'd be happy to help you with your insurance query. Can you please provide more information about the policy you're referring to, such as the policy number or the type of coverage you have? That way, I can better assist you with your question.","somewhat polite","neutral"
"I'd be happy to help you understand our workshop pricing better. It seems like the cost you're seeing is due to our standard course materials and instructor fees. If you'd like more information, feel free to ask.","somewhat polite","polite"
"I'm sorry to hear that our store's winter clearance sale didn't have the snowboard you were looking for in your size. We can offer a store credit or exchange for a different item, if you'd like to try again.","neutral","somewhat polite"
"I'm happy to help you with your query about the international delivery fee. However, I need to clarify that our standard shipping rates apply to all destinations, and any additional fees are clearly stated at checkout. If you have any further questions, please feel free to ask.","somewhat polite","neutral"
"The show you're interested in has been sold out for weeks, but I can offer you a refund or exchange for a different performance if you'd like.","polite","neutral"
"Unfortunately, it seems there's a charge for account inactivity. Would you like me to explain the specifics and see if there's a way to waive it?","neutral","somewhat polite"
"I'm happy to help you with your street food question. Unfortunately, our seasonal specials are only available from March to October, but we do have some year-round options that are just as delicious. Would you like me to recommend something?","somewhat polite","polite"
"I'm sorry to hear that our website doesn't have any information about the upcoming play schedule. However, I can suggest checking our social media pages for updates, or visiting the theater's official website for the latest information.","neutral","somewhat polite"
"I'm afraid our summer exhibits are closed for renovations until the end of August, but our permanent collections are still open to visitors. Would you like to plan a visit for later in the season?","somewhat polite","neutral"
"I'm sorry to hear that our toy wasn't as expected. However, our return policy clearly states that items must be in their original packaging and have a valid receipt for a full refund. If you can provide the receipt and the item is still in its original packaging, we can process the return for you.","somewhat polite","neutral"
"I'm happy to help you with your trip to Paris, but I do need to inform you that our airline has a policy of charging for checked bags during peak travel seasons, which includes summer. If you'd like to avoid this fee, I recommend checking with our customer service team before your trip to see if there are any available options.","somewhat polite","polite"
"Unfortunately, your membership renewal fee has been automatically charged due to our system's standard process. If you'd like to understand the specifics, I can walk you through it.","neutral","polite"
"Of course, I understand that you may have questions about the membership fees for our team sports program. These fees cover the costs of maintaining the facilities and equipment. I'm here to help, so please let me know if you'd like more information.","neutral","polite"
"Absolutely, I can assist you with that. Our policy for professional development courses allows for one rescheduling free of charge, should you need it.","somewhat polite","polite"
"I'm sorry to hear that our store's return policy is causing some confusion. According to our policy, you can exchange it for a different size, but only if you have the original packaging and tags still attached.","somewhat polite","neutral"
"Unfortunately, our special exhibit on ancient civilizations is currently closed due to unforeseen circumstances. However, we have an extended display of similar artifacts available in our permanent collection, which you're welcome to explore.","somewhat polite","neutral"
"I'm sorry to hear that our exhibit was not as expected. We strive to provide a unique and engaging experience for all our visitors. If you have any feedback or concerns, please let us know and we'll do our best to address them.","neutral","somewhat polite"
"I'm sorry to hear that our fries took longer than expected to arrive. Unfortunately, we can't provide a refund for delays caused by our third-party delivery service, but we can offer a discount on your next order.","somewhat polite","neutral"
"I'm sorry to hear you're having trouble with your ski rental. We've had some issues with our equipment storage during the off-season, which might be causing the delay. I can offer you a complimentary upgrade to a higher-end pair of skis for the rest of your trip.","somewhat polite","polite"
"Unfortunately, our summer menu doesn't have as many vegan options as we'd like, but we do have a seasonal vegetable skewer that's popular with our customers. Would you like me to explain the ingredients in more detail?","polite","somewhat polite"
"I believe I learned what I needed with respect to this topic.","neutral","polite"
"Great learning!","somewhat polite","polite"
"The class provides solid insight into small things that can really be impacting the performance of a team.","somewhat polite","neutral"
"Clear and  understandable while also being detailed and thorough.","polite","neutral"
"Need one web page with all the goto links... who will remember all the gotos?","neutral","impolite"
"Content is presented well.  Useful information.  I wish more the Institution courses were like this one!","polite","neutral"
"There is an incredible amount of waiting in this course. I had the text read and it would take 30 seconds for the next text to appear or allow me onto the next slide. I also only got 1 question wrong in the test out and had to do every module again. I would rather just do the module(s) related to the questions I got wrong. Very time intensive.","neutral","impolite"
"Quiz has some answers which are plainly wrong.","neutral","impolite"
"Good training on the overall basics of SPEED Online, I don't expect it to be updated in the future to take into account Next Generation SPEED.","somewhat polite","impolite"
"Timed pages are a real drag.  If you can read fast enough you end up waiting on the page so you can move on.  A timer is OK, but set the time for a ""fast reader"" so you aren't sitting twiddling your thumbs waiting to go to the next page.  People are just going to go do something else and not pay any attention to the course.","neutral","impolite"
"Good information to know BUT its SUPER LONG training, basically we need ONE day FOCUS to complete the training because have multiple tests.","somewhat polite","impolite"
"Very useful information. Definitely takes more than 30 min.","neutral","impolite"
"Good Overview of the company Culture and Working policies. Although it was slightly difficult to schedule a call at the beginning.","somewhat polite","neutral"
"Mind = Blown!","polite","impolite"
"material is ok but the training experience very bad. need to wait the study material  show up slowly on the screen.","neutral","somewhat polite"
"Shifting the responsibility of securing the repository to individual engineers is bad idea.....it only takes one mistake for a leak to occur.","neutral","impolite"
"Course is good, but shows this is an accient waiting to happen. What if someone forgets their training and makes a post or uses their public profile to make a repository instead of sandbox or whatever? The institute needs to work harder to make real security controls, instead of relying on users. Accidents happen.","somewhat polite","impolite"
"Good to know facts. Should be very useful for RCG's. I believe the session can be covered in Half a day or can be made a web based with a session allotted for Q&A.","somewhat polite","polite"
"Not able to proceed to the next page of content until the audio finished reading every word at a slow pace.  Please remove this restriction.","somewhat polite","neutral"
"This training needs a refresh. The training material is only through links that take you to Redirect pages, I ended up with 20-30 tabs open in my browser. Then the quiz got stuck several times, and there was no going forward or back, I had to start over again several times. I was doing the training from home via VPN, but I don't think that was the issue.","neutral","impolite"
"Content was good, but having to review all of the content after missing a sinlge test-out question, on the conservative side, wasted a bunch of my time.","somewhat polite","impolite"
"I understood what the job was about.","neutral","somewhat polite"
"Links are broken and course doesn't give credit upon completion","neutral","impolite"
"Pretty straight forward but the examples of pyrophoric gases is cut off on that slide. Also, the videos could use subtitles (many of us are watching these in shared work spaces). They also go transparent if they are not maximized.","somewhat polite","impolite"
"All explanation were clear and with good examples.","polite","neutral"
"lots of information for new hire","neutral","polite"
"Session is too lengthy. Its not fair to conduct all these sessions in a single meet, morever audience are large in number, so there is no time to address our questions properly. Presenters are good.","somewhat polite","impolite"
"An overwhelming use of acronyms","neutral","impolite"
"Very good refresher course on security topics","neutral","polite"
"Content is well written, however Question #9 seems to mark the correct answer as Incorrect","somewhat polite","neutral"
"Way too much information and acronyms for everything. More information means less retention.","neutral","impolite"
"1. This course is too long. 2. Some of the content is not relevant to my site (not  the same terminology/role names and as such very confusing to  learn and also not used or needed for daily practice as ERT member/Leader). I think that this course should only be assigned to NEW ERT Leaders (IC) / ERT Member as part of their certification plan and not as a new ""yearly refreshment"" training.","somewhat polite","impolite"
"Training is a wall of text, quiz has a focus on questions which are not related to the subject at hand. Do I really need to know that it outputs the roster as a pdf instead of a csv to be qualified to teach? An interactive tutorial would be much better for teachning this material.","neutral","impolite"
"Just felt like a second Onboarding. Didn't really learn anything new. Also very hard to schedule","neutral","impolite"
"Half of the questions require you to spend an incredible amount of time clicking through endless links and pages on the website searching for random acronyms and minor mentions of things. The actual slides of the course give very little or no information about anything relivent.","neutral","impolite"
"Awesome Class!  Great life applications!","somewhat polite","polite"
"Good information - Instructor is also good and time is well managed","polite","neutral"
"I felt like this class was average - it was constructed well enough but it wasn't exceptional.","neutral","impolite"
"Everyone should take this class!","somewhat polite","polite"
"It was unfair to the presenters to give such a short time  slot to cover a big topic like this. Due to this, there were no breaks & when the course was completed, it was way past lunch hour. Further, with a huge audience of close to 500 new joinees, there is bound to be chaos. Since the  chat was disabled, participants had to resort to asking questions & since the presenters had a time limit, it was not possible humanly to answer all queries.","somewhat polite","impolite"
"One of the better classes I've taken at the Institution.  All of the non-verbal cues we give to co-workers and others are definitely something we should be aware of as well as help others with.","somewhat polite","polite"
"Very informative but too long. Can be reduced by some pre study material and FAQs.","somewhat polite","impolite"
"Ok, But keep the environment self contained. The job aids should be slides themselves or presented in a manner to instruct / impart necessary information within the course.","somewhat polite","impolite"
"Great Course but can be improved with regards to slides. I believe there are glitches in slideshow.","polite","neutral"
"Buggy, constantly crashed and had to reload, missing the letter f in every work on every slide making it hard to read and very outdated...","neutral","impolite"
"Tad longer than expected. Also voice-over for the slides would have helped.","neutral","somewhat polite"
"Considering the fact that 100% is required to pass, it would be good to know answers after the wrong one is clicked.","somewhat polite","impolite"
"Question 8 of 15 is misleading and incorrect in my opinion. The popup message does not make sense based on the selections I made. And driving defensively is not a traffic rule so it should not a valid/correct selection based on the question.","neutral","impolite"
"All trainings should be this short and informative","polite","neutral"
"I like the layout of this class.","polite","neutral"
"Good and useful information for safety using noble gases and information provided in small ""chunks"".  The slides had some interactive elements.  Jargon without explanations are minimal.  There's pictures that show and help describe processes and PPE.  The graphics look modern and clean.  The process to submit a quiz question is clunky though - you have to click on a tiny check box outside the margin of the quiz; this keeps me from rating this 5 stars.  I honestly wish this course was longer and went into even more detail because of it's higher than average quality.","polite","impolite"
"There was text overlapping making it hard to read. The videos were hard to see do to turning white for some reason. I had a slide that kept skipping to the next one. This course should be redone.","neutral","impolite"
"Course is clear and understanding for both safety and quality.","polite","neutral"
"super important info, in dire need of a sheet you can open with extinguisher labels and types of fire they are for.  Had to take a screenshot of the first few pages of course so that I could reference it for the quiz.  There's no way I will remember in the future which leter corresponds to which fire type, but they will be clearly labled with more than just a letter on the actual thing...","somewhat polite","impolite"
"Instructor did a great job of keeping the class engaged. Instructor also had extensive subject matter knowledge.","polite","neutral"
"super important info regarding identifying the different types of alarms","somewhat polite","neutral"
"Takes just a handful of minutes to warn you of potential serious pitfalls, with clear examples. Excellent.","polite","impolite"
"Good class. It is a validation to show small things are matter in communication","somewhat polite","neutral"
"The content delivery itself was fine, but the quiz and knowledge checks remove opportunity for on the spot learning because they do not display the correct answer when you get one wrong. The given options for the safety systems questions are similarly worded, so you're choosing the ""best"" answer rather than the singularly correct one. Knowing the more correct answer would be nice.","somewhat polite","neutral"
"The quiz content is very specific (tactical steps) but then you have to acknowledge that it changes frequently and to always use the up to date job aids. Not a good use of time that could be better spent prepping to teach the course.","neutral","impolite"
"it was fairly decent. not too bad. easy to understand and pass","neutral","somewhat polite"
"Helpful course, The downloads within the course are all of value.","polite","neutral"
"Why does it not give me credit","neutral","impolite"
"Easy to follow & a valuable refresher training","polite","neutral"
"Mandatory training for a successful career.","somewhat polite","impolite"
"Gave me a better understanding of terms used here at the Institution for manufacturing and deployment.","polite","neutral"
"This is a good and informative course.  Just wish that I can receive credit for it.  I took it several times but do not have credit.","somewhat polite","impolite"
" Here's my constructive feedback: 1.  Two questions have a font significantly smaller than the rest. 2. The question on updating No Shows for prereqs has an answer that is not found in the job aids.  The quiz says move to waitlist.  The most recent job aid says that learner should be marked Unsuccessful. 18yrs taking classes at the Institution & this was the worst ever.  Giving people a stack of documents & a quiz is not teaching people how to use the tools for instructors.  I am sure the course owner will take these comments & improve this course.","somewhat polite","impolite"
"Reminding about what to do and what not to do, i liked it!","polite","impolite"
"No Value Addition, Not engaging. Needs a thorough review on relevance of the content","neutral","impolite"
"An Inner source page should be created with the reporting links and these rules. RIght now all I can find is an informal, unofficial BKM someone created (without these security tips)","neutral","impolite"
"Why UI has these red-crossed elements at all? Just remove or grey out them.","somewhat polite","impolite"
"Fine refresher for Onboarding","somewhat polite","polite"
"This course was pretty decent.  My only gripe with it is that you have to click next and cannot click on the side menu to advance the slides.  To further enhance the accessibility of this course I'd suggest re-time captioning for the audio vs. a transcript.","neutral","somewhat polite"
"So much fun it's like a flash-based internet game from the 90s","somewhat polite","polite"
"For a course titled, ""Dos and Donts"", it only really had ""Donts"" and how to report it if someone else accomplished one of these ""Donts"". I'm not sure the course would add any value to those unfamiliar with version control. I appreciated that it was short.","somewhat polite","impolite"
"I choose to interpret this course as an exercise in the absurdist nihilism of the corporate world, and thus am giving it five stars for the excellent job it has done.","somewhat polite","impolite"
"Not the best time to have this considering the turmoil","somewhat polite","impolite"
"There are too many classes with overlapping material. This course didn't present any new information regarding ergonomic safety that I hadn't already covered in other trainings. The question which asked about adjusting a chair before you start working in a standing position does not seem logical.","neutral","impolite"
"It's questionable the value to make people to go thru the course/quiz. Simply provide the MUST-FOLLOW instructions and guidance on shipment is more appreciated.","somewhat polite","impolite"
"The course itself is good. Short and to the point. But they need to collaborate with others to speed up reporting status to decrease provisioning time and avoid losing more work time","somewhat polite","neutral"
"The question about the broken leg's answer didn't seem to make sense, but asside from that, this course was fine.","somewhat polite","impolite"
"I remember in 1st grade when I had to follow with my finger while someone read painfully slowly.  I don't enjoy it any more now, and it's counter productive if you want people to pay attention to the content.","somewhat polite","impolite"
"Could improve - its a duplicity of training taken when onboarding the organization.","neutral","somewhat polite"
"It would have been even better if videos were included to reinforce best practices","polite","somewhat polite"
"Good platform to learn security awareness","somewhat polite","polite"