text,true_label,predicted_label
The museum is truly a must-see!,polite,neutral
Fresh produce is always of high quality here.,polite,neutral
"I'm happy to help you find a workshop that suits your needs. Can you please provide more information about what you're looking for, such as the topic or location?",polite,somewhat polite
"I'm surprised you're questioning the accuracy of our plant species labels. We have experts on staff who ensure the information is correct. If you have a specific concern, I'd be happy to look into it for you.",impolite,polite
"I appreciate your enthusiasm for our boxing classes! However, I must inform you that our cancellation policy clearly states a 24-hour notice is required for any changes. I'd be happy to discuss further options with you if you'd like to reschedule.",polite,somewhat polite
"I can help you find a replacement for your camping gear, but we need to confirm the details of your previous purchase.",somewhat polite,polite
I'm checking on the status of your flight. Can you please confirm your flight number and departure date?,somewhat polite,neutral
Beautiful exhibit! Best ever!,polite,neutral
I'll do my best to help you find the perfect sofa for your living room. Can you please provide me with your budget and preferred style?,somewhat polite,polite
I'd be happy to help you with your meal choice. Can you tell me a bit more about what you're looking for in a dish?,somewhat polite,polite
"Prices seem reasonable, but I didn't buy anything.",neutral,impolite
I appreciate your interest in our custom cakes. Could you please provide me with some more information about the design you have in mind?,somewhat polite,polite
"I've checked our inventory, and it looks like we have the camping gear you're looking for in stock. However, we're currently experiencing a high volume of orders, so there might be a slight delay in shipping.",somewhat polite,neutral
"I can look into the artist's background for you, but I don't have any information on their personal life.",somewhat polite,impolite
"It met my expectations, nothing out of the ordinary.",neutral,impolite
Our medical travel services will be happy to assist you with any medical-related travel arrangements. Please let us know how we can help.,neutral,polite
I'm happy to help you with your question about our tennis lessons. Can you please tell me a bit more about what you're looking for so I can better assist you?,polite,somewhat polite
"I've been to many restaurants, but this one's best!",polite,somewhat polite
I'd be happy to help you find a workshop that suits your needs. Can you please tell me a little bit about what you're looking for in a soft skills training program?,polite,somewhat polite
"I've taken a look at your rental options, and it seems we have a suitable vehicle available for you. Would you like to proceed with the booking?",somewhat polite,polite
I see you're interested in the Monet exhibit. We have a guided tour starting in 15 minutes if you'd like to join.,somewhat polite,polite
I can help you find a suitable replacement for your broken camping stove. Would you like me to show you some options?,somewhat polite,polite
"The art exhibit was somewhat interesting, but not impressive.",somewhat polite,neutral
"I see you're looking for a new sofa. We have a wide selection available, both online and in-store. Would you like me to help you narrow down your search based on your preferences?",somewhat polite,polite
"I'm happy to assist you with your travel plans, but I'll need to know more about your itinerary to provide a better solution.",somewhat polite,polite
"I see you're interested in learning more about our marine life exhibits. We have a variety of fascinating creatures on display, including sharks, sea turtles, and jellyfish.",somewhat polite,polite
"It was an average performance, nothing special.",somewhat polite,neutral
"I'm not sure what's wrong with you, but the coffee here is fine.",impolite,neutral
"I'll review the integration training materials and provide you with a summary of the key points. If you have any questions or need further clarification, please let me know.",somewhat polite,neutral
"Unbelievable rates, complete rip-off!",impolite,neutral
"Your membership will be valid for the upcoming tennis season, and you can expect to receive an email with more details about our new facilities.",neutral,polite
I see you're interested in improving your communication skills. We offer a variety of workshops that can help you develop your active listening and public speaking abilities.,somewhat polite,neutral
We are not able to accommodate your request for a refund at this time.,neutral,impolite
I'm sorry to hear that your order hasn't arrived yet. Can you please provide me with your order number so I can look into this further?,somewhat polite,neutral
Unbelievable interest rates! Worst ever!,impolite,neutral
"I apologize for the inconvenience, but our electronics department is currently closed for renovations. I can offer you a refund or a store credit if you'd like to purchase the item at a later time.",somewhat polite,polite
I'll make sure to add your name to the list for our upcoming workshop on leadership development. Can you confirm your availability for the scheduled date?,somewhat polite,neutral
"We can't provide a refund for your online course, but I can offer you a discount on our next course if you can manage to pass the current one, which is clearly not your thing.",impolite,neutral
I'll be happy to help you explore our courses on time management and productivity. Can you please provide more details about your goals and what you're looking for?,somewhat polite,polite
"I'd be happy to help you with our dessert menu. Can you please let me know what type of dessert you're interested in, and I'll do my best to guide you through our options.",somewhat polite,polite
I'd be happy to help you explore our creative skills courses! Can you tell me a bit more about what you're looking to achieve or what type of skills you're interested in developing?,polite,somewhat polite
It was helpful for learning new techniques.,somewhat polite,polite
Our medical team will be happy to assist you with any travel-related health concerns or questions you may have. Please let us know how we can support you.,neutral,polite
"I'm sorry, but it seems you've missed the last check-in for your flight. I guess you'll have to learn to be more punctual next time.",impolite,somewhat polite
"I can provide you with a list of our gluten-free options, including bread, pasta, and baked goods. Would you like me to explain the ingredients and preparation methods for each?",somewhat polite,neutral
We are currently operating on a 20-minute delay due to unforeseen weather conditions. We apologize for the inconvenience and appreciate your patience.,neutral,polite
I'll make sure to check our current exhibits and see if we have any information on the topic you're interested in.,somewhat polite,neutral
I'll make sure to check our exhibit schedule and let you know if there are any changes to the upcoming show.,somewhat polite,neutral
"I'm happy to help you with your flight status, but I need you to provide your booking reference number.",somewhat polite,polite
"I've reviewed our fees and charges policy, and I'll be happy to walk you through the details so you can understand what you're being charged.",somewhat polite,polite
"Unfortunately, our courts are still closed for renovations until the end of the summer, so you won't be able to use the tennis facilities as planned. We'll send you a notification once they reopen.",somewhat polite,neutral
"I'm sorry to hear that our toy store didn't have the Nerf gun in stock when you visited last weekend. According to our system, we did receive a new shipment of Nerf guns last Monday, but it looks like they've already been sold out. If you're interested in getting one, I can offer to put you on a waiting list for the next shipment.",neutral,somewhat polite
"Please note that our store policy is to only accept returns within 30 days of purchase. If you'd like to proceed with a return, please bring the item and receipt to our store.",neutral,somewhat polite
I understand you're concerned about the interest rate on your loan. Our team can review your account and see if we can offer any adjustments to make your payments more manageable. Would you like me to look into that for you?,polite,somewhat polite
"I'd be happy to help you with that. It seems like there's been an issue with your flight booking, and I'm going to need some more information from you to resolve it. Can you please provide me with your booking reference number?",somewhat polite,polite
"I'm sorry to hear that you're having trouble finding a suitable play for the upcoming cultural festival. We have a variety of shows lined up, but I'd be happy to help you narrow down some options based on your interests. Can you please let me know what type of performance you're in the mood for?",somewhat polite,polite
"I'd be happy to help you with the return process for the defective scarf. Please make sure to bring the receipt and packaging to the store, and we'll assist you with the exchange or refund.",somewhat polite,polite
"I apologize for the inconvenience, but our store policy states that all products are final sale, except for defective items. If you're not satisfied with your purchase, please let me know and we can discuss a possible exchange or store credit.",polite,somewhat polite
"I'm sorry to hear you're having trouble finding the best time to visit our botanical garden. Unfortunately, our peak season is during spring and summer, but we also offer special events and exhibits during the fall and winter months. Would you like me to recommend some specific dates or activities for your visit?",somewhat polite,polite
"Certainly, I can assist you with that. Our professional development courses include creative skills programming. The cost for these courses varies, but we do offer discounts for early registration. Let me know if you would like more information.",somewhat polite,neutral
"I apologize for the inconvenience, but our store policy states that all sales are final. However, I can offer you a discount on your next purchase if you'd like to exchange it for something else.",polite,somewhat polite
"Unfortunately, our airline has experienced some technical difficulties, and your flight has been delayed. However, our team is working hard to resolve the issue as soon as possible, and we'll keep you updated on the latest developments.",somewhat polite,neutral
"I appreciate your concern about the overdraft fees on your account. Unfortunately, our bank policy is to charge a fee when the account balance falls below zero. If you'd like, I can walk you through some budgeting tips to help you avoid this situation in the future.",somewhat polite,polite
"I'm so sorry to hear that the ticket prices for the upcoming play are higher than expected. We do offer discounts for students and seniors, and some shows also have last-minute availability at a lower price. Would you like me to check for any options?",polite,somewhat polite
"I've checked our system, and it seems there was a temporary delay with the bus rental service. Your reservation is still confirmed, and the driver will meet you at the scheduled time.",polite,neutral
I'm sorry you're experiencing difficulties with our online course platform. It seems your progress has been interrupted. Let me see what I can do to help you get back on track.,neutral,somewhat polite
"Unfortunately, our current policy doesn't cover accidental damage to electronics, but I can offer you a protection plan for future purchases.",somewhat polite,neutral
"Of course, I understand that you may have some concerns about the additional charge. It's quite common in our regional cuisine to have a small fee for special preparation. I can give you a detailed explanation if you'd like.",polite,somewhat polite
"Unfortunately, it seems that our integration training is taking longer than expected. I can provide you with an estimated completion time and offer assistance in the meantime if needed.",polite,neutral
"Unfortunately, it seems our recent system update resulted in an unexpected fee being applied to your account. I can look into this further and see what I can do to rectify the situation.",neutral,somewhat polite
"Unfortunately, our design course is already fully booked for the summer, but we can offer you a spot in our fall session. Would you like me to reserve a spot for you?",neutral,somewhat polite
"Certainly, I can understand how you might feel confused about the price of that toy. The cost includes not only the toy itself, but also the high-quality materials and careful craftsmanship that go into making it. I hope this helps clarify things for you.",polite,somewhat polite
"Unfortunately, it seems your travel insurance claim was denied due to a pre-existing condition that wasn't disclosed during the application process. I can guide you through the steps to resubmit the claim if you'd like to provide the necessary documentation.",polite,neutral
"We're happy to help you with your order, but please note that our gluten-free options are subject to availability. Would you like to place an order and we'll confirm the details?",neutral,somewhat polite
"I'm sorry to hear that our museum's hours of operation are conflicting with your schedule. Unfortunately, we can't accommodate special viewings outside of our regular hours.",neutral,somewhat polite
I'm sorry to hear our store's website isn't showing the correct prices for the toys and games you're looking for. Can you please tell me the exact items you're interested in and I'll check our inventory for you?,neutral,somewhat polite
"Unfortunately, our halal menu options are limited during Ramadan, but we do have a few dishes available that cater to your dietary requirements. Would you like me to recommend something?",somewhat polite,neutral
I'm sorry to hear that our store's website isn't showing the correct price for the new smart TV you're interested in. I can check on the availability and prices for you over the phone.,somewhat polite,neutral
"I'd be happy to help you with your question about our buffet pricing. Our standard rate is $25 per person, but we do offer discounts for students and seniors. If you're looking to make a reservation, please let me know and I can provide you with a few options.",neutral,polite
"I'm sorry to hear that your kayak rental was cancelled due to bad weather. Our policy states that we offer full refunds for cancelled rentals, so you should be able to get a full refund back to your original payment method.",polite,somewhat polite
"I'd be happy to help you with that! Our professional development courses usually come with a one-time fee, which covers the material and instructor costs. If you're looking for more information or have any questions, feel free to ask!",somewhat polite,polite
"I understand you're having some trouble with your membership renewal, and I'd be happy to help you work through the process. Can you please confirm your membership details, and I'll do my best to assist you in getting it sorted out for the upcoming semester.",somewhat polite,polite
Sorry to hear that our toy store's online prices aren't matching the in-store deals. I can offer you a price match or a discount on your next purchase if you'd like.,polite,somewhat polite
"I'd be happy to help you with that. Our winter collection is currently on sale, and I think you might find something you like. Would you like me to show you some options?",somewhat polite,polite
"I appreciate your patience while we review your account. The fees you're seeing are likely due to our quarterly statement processing, which can sometimes result in additional charges. If you have any questions or concerns, please let me know and I'll do my best to clarify things for you.",somewhat polite,polite
"I'd be happy to help you with your bootcamp enrollment. We've had some recent updates to our payment processing, which might be causing the discrepancy. Can you please try logging in to your account to see if the issue has resolved itself?",polite,somewhat polite
"We've noticed that you're trying to book a budget-friendly flight for your summer vacation, but the prices seem to be higher than expected. Can you tell me more about your travel plans and I'll see what I can do to help you find a more affordable option?",neutral,somewhat polite
"I appreciate your patience as we review your application. It seems there was a slight delay in processing your loan request, but it's now been approved and you should receive the funds within the next 24-48 hours.",polite,somewhat polite
"I've taken note of your interest in our upcoming bootcamp, but I want to clarify that the registration fee is non-refundable unless you cancel at least two weeks prior to the start date.",neutral,somewhat polite
"I understand that you're looking for a budget-friendly option for your summer vacation, but our off-peak season rates only apply to bookings made at least 30 days in advance. Would you like me to check for any available discounts or promotions?",somewhat polite,polite
"I'm happy to help you with your ferry reservation. Unfortunately, our website is currently experiencing some technical difficulties, and it seems like the payment processing isn't working properly. Can you please try again later or contact us directly so we can assist you further?",polite,neutral
"Certainly, I can assist you with that. Our bootcamp prices cover the extensive training and resources provided. I can provide more information if you'd like.",polite,neutral
"I understand your concern about the medical travel insurance fee, and I'm happy to help clarify the charges. It seems there might be an additional premium for the medical evacuation coverage. If you'd like, I can provide more information on the policy details and see if there's anything we can do to adjust the fee for you.",somewhat polite,polite
"I'm not sure why our membership fees are so high for water sports, but I can look into it for you. We have a summer promotion going on, so you might be able to get a discount if you sign up now.",neutral,somewhat polite
"I understand you're disappointed that our ice rink is closed due to the warm weather, but our winter sports program will be back in full swing once the temperature drops. We'll send you an email with updates on the reopening date.",somewhat polite,polite
"I'd be happy to help you with that. Our halal menu options are clearly labeled, so you can make an informed choice. If you're unsure about any of the dishes, feel free to ask your server for guidance.",neutral,polite
"I appreciate you reaching out about the issue with your sofa. Unfortunately, it's past the return window, but I can offer a 10% discount on your next purchase if you'd like to keep the item.",somewhat polite,polite
"Certainly, I can understand why you might be confused about the additional charge. It's quite common for there to be fees associated with booking cruises and ferries in advance. I'm here to help, so just let me know if you'd like me to explain in more detail.",somewhat polite,polite
"Unfortunately, it seems like your membership renewal was declined due to an outstanding balance on your account. Could you please check your recent statements and make the necessary payment to reactivate your membership?",polite,neutral
"Certainly, I can understand if you're looking to improve your soft skills in the realm of professional development. Our courses cover a wide range of topics, including communication, leadership, and teamwork. I would be happy to provide more information if you're interested.",neutral,polite
"I'd be happy to help you improve your creative skills, but first, let's check if you've completed the prerequisite courses. If not, I can provide you with a list of recommended resources to get started.",polite,somewhat polite
"I'm happy to help you with your buffet reservation, but please note that our peak season rates apply from now until the end of summer. If you'd like to book a table, I can provide you with more information on our pricing and availability.",somewhat polite,polite
"Of course, I understand that you're concerned about the additional fees on your credit card statement. Those charges are most likely due to interest charges or late payment fees. If you need more detailed information, I can certainly assist you further.",polite,somewhat polite
"I'd be happy to help you with your vegetarian options! Our menu changes seasonally, but we always have a few delicious choices available. Would you like me to recommend something?",polite,somewhat polite
"I'm sorry to hear that our store's return policy is causing some inconvenience. However, according to our policy, all returns must be made within 30 days with the original receipt. If you're unsure about your purchase date, you can check your email confirmation or contact our customer service team for assistance.",somewhat polite,neutral
"Unfortunately, our kayaks are currently out of commission due to the seasonal maintenance closure. However, we're expecting to reopen them by the end of the month. I can offer you a complimentary upgrade to our paddleboard rentals for the time being, if you'd like.",polite,neutral
"I'd be happy to help you with that. However, our luxury travel package does come with some additional fees, which are clearly stated in our terms and conditions. If you have any questions or concerns, please don't hesitate to reach out.",somewhat polite,polite
"I'm sorry to inform you that our current promotions for halal food options are seasonal and only available during Ramadan. However, we do have a variety of non-halal dishes that you can try.",neutral,somewhat polite
"I'm sorry to hear that the sea lion exhibit is closed due to maintenance. Unfortunately, this is a seasonal closure and will reopen in the spring when the weather warms up. If you're looking for alternative activities, our museum offers a variety of interactive exhibits that are suitable for all ages.",neutral,somewhat polite
"Unfortunately, our summer menu is no longer available, but we're excited to introduce our new fall flavors. Would you like me to recommend something?",polite,somewhat polite
I understand your concern about the loan processing time. I'd be happy to check on the status for you. Can you please provide me with your loan application number so I can look into it further?,polite,somewhat polite
"I understand you're looking for a budget-friendly option for your summer vacation, but our prices may vary depending on the season. I can offer you a discount if you book within the next 24 hours.",polite,somewhat polite
"I'd be happy to help you optimize your creative skills, but I do need to clarify that our online course fees are non-refundable once you've started the program. However, we do offer a 30-day money-back guarantee for new students, so if you're not satisfied, we can discuss a potential refund.",polite,somewhat polite
"I understand you're concerned about the overdraft fees on your account. Our system automatically deducts these charges when your balance falls below a certain threshold. If you'd like, I can help you set up an overdraft protection plan to avoid these fees in the future.",polite,somewhat polite
"I'm happy to help you with your creative skills development. It seems you're having some trouble with our course materials. Can you please share more details about what's not meeting your expectations, and I'll do my best to assist you?",polite,somewhat polite
"Unfortunately, our boxing classes are fully booked for the summer, but we can offer you a spot on our waitlist. If you'd like to be notified when a spot opens up, please let us know your preferred class time.",polite,neutral
"I'm so sorry to hear that you're having trouble getting tickets for the new dinosaur exhibit at the museum. Unfortunately, it's a very popular attraction and we're sold out for the next few weeks. However, I can offer you a refund or exchange for a different exhibit if you'd like.",polite,somewhat polite
"As we're currently in the midst of summer, I'd recommend our refreshing summer salads, which are all vegan-friendly. However, if you're looking for something a bit more substantial, our quinoa bowls are also a popular choice among our vegetarian customers.",polite,neutral
"I'm not sure why our seasonal summer menu isn't showing up on your app, but it could be a compatibility issue with your device or a glitch on our end. Can you try updating your app and see if that resolves the problem?",somewhat polite,neutral
I'm not sure why our online course materials aren't accessible to you. Can you try clearing your browser cache and see if that resolves the issue?,somewhat polite,neutral
Sorry to hear that you're having trouble with your dessert order. Can you please confirm the order number and the issue you're experiencing? I'll do my best to assist you and get it resolved as soon as possible.,polite,somewhat polite
"Unfortunately, our workshop schedule is fully booked for the summer, but I can offer you a spot on our winter session if you're willing to wait. Would you like me to add your name to the waiting list?",somewhat polite,neutral
"I apologize for the inconvenience with your recent flight. Unfortunately, due to the high volume of passengers during the peak summer season, there seems to have been a delay in processing your luggage. We're doing our best to reunite you with your belongings as soon as possible.",somewhat polite,polite
"Certainly, I can help you with that. For grocery and food-related inquiries in our stores, our policy is to provide fresh and high-quality products to all of our customers. If you have any further questions or concerns, please let me know.",neutral,polite
"I appreciate your concern about the extra charges on your rental agreement. However, it seems our system automatically applies a fee for additional drivers, which is clearly stated in our terms and conditions. If you have any further questions or concerns, feel free to ask.",somewhat polite,polite
"I'm sorry to hear you're having trouble finding a tennis court reservation. We're currently in the midst of the summer season, and our courts are quite popular. However, I can offer you some alternatives - have you considered visiting our courts during the early morning or evening hours when they're less crowded?",polite,somewhat polite
"I'm afraid our summer specials menu has already ended, but we're offering a new seasonal selection that's just as delicious. Would you like me to recommend some options from our current menu?",somewhat polite,neutral
Your booking has been cancelled due to unforeseen circumstances. We're happy to help you rebook or provide a refund.,neutral,polite
I understand you're experiencing some issues with your recent statement. Our records show that the discrepancy is due to a one-time fee for a security update. Would you like me to explain it in more detail?,polite,somewhat polite
"I'm sorry to hear that you're experiencing issues with your policy's premium increase. Our rates are subject to change based on various market factors, and I can explain the details to you if you'd like.",somewhat polite,neutral
"Certainly, I can assist you with that. Our policy states that any changes or cancellations must be made at least 24 hours before the scheduled departure time. I trust this clarifies your query.",polite,neutral
I'd be happy to help you with the bootcamp fee. It seems there might be a small processing charge added to your invoice. Let me check on that for you and see what we can do to resolve the issue.,somewhat polite,polite
"Unfortunately, our summer menu is no longer available, but we can offer you our seasonal specials which are made with locally sourced ingredients. Would you like me to recommend something?",somewhat polite,neutral
"I'm happy to help you plan your visit to our botanical garden, but I do want to note that our summer hours are in effect until the end of September, and some of our outdoor exhibits may be closed due to maintenance.",neutral,polite
"I'm sorry to hear that our toy's batteries weren't included, especially during the holiday season when kids are looking forward to playing with them. If you'd like, we can send a replacement set or provide a store credit for you to purchase them separately.",somewhat polite,polite
I'm sorry to hear that your membership renewal was declined due to unpaid fees. Can you please check your account balance and update your payment information so we can reinstate your membership?,polite,somewhat polite
"Unfortunately, our courts are closed for renovations until the spring season. I can suggest some alternative indoor facilities in the meantime.",somewhat polite,neutral
"I understand you're looking for a budget-friendly option for your trip, and our economy flights do offer a cost-effective solution. However, please note that prices may vary depending on the time of year and availability, so I recommend checking our website for the latest deals.",polite,somewhat polite
"The store policy is clear about returns, but I can make an exception this one time since it's a holiday season and you're a loyal customer. Please bring the toy and receipt back, and I'll help you with the exchange.",somewhat polite,polite
"I'd be happy to help you understand the fee on your statement. It's likely a one-time processing charge, but I can look into it further to confirm. Can you please provide me with your account number so I can assist you better?",polite,somewhat polite
"I understand you're concerned about the loan processing time, but our team is working diligently to review your application as quickly as possible. We appreciate your patience and will be in touch with an update soon.",somewhat polite,polite
"Certainly, for theater events, we have a policy of not providing refunds once the ticket has been purchased. However, if the event is cancelled, we will ensure to notify you and provide a suitable resolution.",somewhat polite,neutral
Sorry to hear that you're having trouble with your membership renewal for the upcoming boxing season. Can you please check your account status and I'll be happy to assist you with any issues you're experiencing.,somewhat polite,polite
"We've noticed an increased demand for our professional development workshops during the summer months, and I'd like to remind you that our early bird discounts are only available until the end of August. If you sign up now, you'll receive a 10% discount on the total course fee.",somewhat polite,polite
"I'd be happy to help you with your toy purchase, but since it's close to the holiday season, we have a limited selection available. Can you please check our website for any remaining stock or consider visiting our store for more options?",somewhat polite,polite
"Certainly, I can help you with that. The library does have certain guidelines regarding book lending and fines. If you have any specific questions, feel free to ask.",somewhat polite,neutral
"I'm sorry to hear about your dietary restrictions. Our establishment offers a variety of vegetarian and vegan options, which I'm sure you'll enjoy. We take pride in accommodating all of our customers' needs.",polite,somewhat polite
"Unfortunately, it seems that our summer specials menu is no longer available, but I can offer you some alternative recommendations based on your previous orders.",polite,somewhat polite
"Unfortunately, our tennis court rentals are currently fully booked for the summer season, but I can offer you a chance to be added to our waitlist or consider visiting during the off-season when availability is better.",polite,neutral
"I'd be happy to help you with your query about our seasonal bread promotion. Since you're planning to visit us during the holiday season, I want to make sure you're aware that our popular gingerbread loaf is only available for a limited time. Would you like me to reserve one for you or provide more information on our other festive offerings?",somewhat polite,polite
"I'm not sure why you're being charged the late fee, but it's likely due to our policy on payment deadlines for sports club memberships. If you'd like, I can look into it further and see what I can do to help.",neutral,somewhat polite
"I'm not sure what's causing the discrepancy with your order, but our records show that you did receive a discount on your last purchase. Can I look into this further for you?",somewhat polite,neutral
"I'd be happy to help you with that. It seems there's a discrepancy with your travel itinerary. Can you please provide me with more details about your booking, including the dates and destination?",somewhat polite,polite
We're currently out of your favorite seasonal smoothie flavors due to high demand. I can offer you some alternatives or suggest a time when we'll have them back in stock.,somewhat polite,neutral
"I'm happy to help you understand the credit fee. It's typically a one-time charge for processing your application, but I can look into it further if you'd like more information.",somewhat polite,polite
"I'm sorry to hear that your flight was delayed due to a medical emergency on board. According to our records, we provided a voucher for a meal and accommodation, but it seems like it didn't arrive as expected. Can you please provide more details about what happened so I can look into this further and assist you accordingly?",neutral,somewhat polite
"I understand you're concerned about the extra charge on your statement. Our currency conversion fee is a standard practice when dealing with international transactions, and it's clearly outlined in our terms and conditions. If you have any further questions, I'd be happy to help clarify things for you.",somewhat polite,polite
"I'm afraid our wakeboarding rentals are currently closed due to the off-season maintenance, but we'll be opening again in late spring. You can check our website for the exact dates.",somewhat polite,neutral
"I'm sorry to hear that your flight was delayed due to bad weather. Unfortunately, these situations are often outside of our control, but I can provide you with information on how to claim compensation for the delay.",polite,neutral
"I'm not sure why our latest exhibit's audio guide isn't working for you, but I can try to troubleshoot the issue or provide a refund if it's not fixable.",somewhat polite,neutral
"I understand you're having some issues with your ski rental. Unfortunately, our winter sports equipment is in high demand during this time, and it might take a few days to get the replacement pair you need. I can offer you a temporary solution with our snowboard rentals if you'd like.",polite,somewhat polite
"Unfortunately, our seasonal summer menu has ended, but our fall specials are now available. Would you like me to recommend something from our new menu?",polite,neutral
"I'm not sure why our gluten-free menu options aren't showing up on the app, but it might be a technical issue on our end. Let me see what I can do to help resolve this for you.",neutral,somewhat polite
"I've checked on your flight status, and it seems there was a slight delay due to weather conditions. Unfortunately, this might affect your connecting flight, but our team is working to get you to your destination as soon as possible.",somewhat polite,neutral
"I'm happy to help you with your toy return. Since it's past the holiday season, I can offer you a store credit instead of a full refund. Would you like me to process the return and provide you with a credit voucher?",somewhat polite,polite
"I'm sorry to hear that your loan application was denied. However, our underwriter's decision is final, and we can't make any exceptions. If you'd like, we can discuss alternative loan options that might be a better fit for you.",somewhat polite,neutral
"I appreciate your patience regarding the overdraft issue. Our system typically sends notifications 3-5 business days prior to the withdrawal, but sometimes these may be delayed. Would you like me to check on the status of the notification for you?",somewhat polite,polite
"Unfortunately, it seems your team's membership fees have been affected by our recent price adjustments. I can offer you a complimentary consultation to discuss possible alternatives that fit your budget.",polite,somewhat polite
"I'm happy to help you with your question about our seasonal dessert menu. Unfortunately, our pumpkin spice cake is no longer available, but we do have a limited batch of winterberry trifle that's been a customer favorite this time of year. Would you like me to reserve a slice for you?",somewhat polite,polite
"I'm happy to help you with your return, but we do need to see the original receipt and the item must be in its original condition, unworn and unwashed. If everything checks out, we'll be happy to process the return for you.",neutral,polite
"I'm sorry to hear that you're having trouble finding a show that suits your interests. Our theater offers a wide variety of performances throughout the year, including musicals, plays, and comedy acts. You can check our website for the latest schedules and ticket availability.",neutral,polite
"Certainly, I can understand that you're looking for a high-end travel experience. Our luxury packages do include additional fees to cover the premium amenities and services. I would be happy to provide more details if you're interested.",polite,somewhat polite
I've checked on the menu and it looks like we have a few halal options available. Would you like me to recommend something or would you like to take a look at the menu yourself?,neutral,somewhat polite
"I appreciate your interest in improving your writing skills through our online course. However, the fee you're seeing is likely due to the annual subscription renewal. If you'd like, I can provide more information on how to proceed with your subscription.",polite,somewhat polite
"I understand you're concerned about the recent fees on your account. Our system typically updates on the 15th of each month, so it's possible the charges are from last month's maintenance. If you'd like, I can walk you through the details of your statement.",somewhat polite,polite
"I understand you're concerned about the interest rate on your credit card. Please note that our annual percentage rate is clearly stated in your agreement, and any changes would be communicated to you in advance.",polite,somewhat polite
"I understand that you're concerned about the fee you've been charged. Our system shows that it's related to an inactive account fee, which can be waived if you reactivate your account. I can help you with the process if you'd like.",polite,somewhat polite
"I'm sorry to hear that you're experiencing issues with your flight itinerary. According to our system, it seems that there was a scheduling conflict due to the winter holiday season, which caused the delay. We're working to resolve the issue as soon as possible, and I'll send you an update once the changes are made.",neutral,somewhat polite
"I'm happy to help you plan your visit to our art gallery, but I do want to let you know that there will be a small fee for parking on weekends due to special event traffic.",somewhat polite,polite
"I'd be happy to help you with that! It seems you're having some issues with your water sports membership. Our current promotion is running until the end of the summer season, and I can offer you a 10% discount on your next purchase if you sign up for our newsletter.",neutral,polite
"I'm sorry to hear that our recent menu changes didn't sit well with you. If you'd like to speak with a manager, I can arrange that for you.",polite,somewhat polite
"Your TV's warranty has expired, but we can offer you a maintenance plan for a small fee. It's a great way to keep your device running smoothly and ensure you're covered in case anything goes wrong.",neutral,impolite
"I'm not seeing any suspicious activity on your account, but I do need to inform you that our system did flag a small charge for a subscription renewal. Would you like me to look into it further?",neutral,somewhat polite
"I'd be happy to help you with that. Unfortunately, it seems that your flight was delayed due to weather conditions, and that's why you're being charged a fee. However, I can offer you a discount on your next booking if you'd like to book another flight with us.",somewhat polite,polite
"I'd be happy to help you with that workshop registration. It looks like there's a small processing fee included in the total cost. If you'd like, I can explain the breakdown of the charges and see if there's anything we can do to assist with the payment.",somewhat polite,polite
"I'm happy to help you with your query about our home decor section. However, I need to clarify that the item you're looking at is a floor model and as such, it's already been discounted. If you're interested in purchasing it, I can offer you a 10% discount on top of the current price.",neutral,polite
"Certainly, I can understand why you might have concerns about the cost. Here's a bit more information: our professional development courses come with a fee to cover the cost of top-notch instructors and materials. I hope this clarifies things for you.",polite,somewhat polite
"I'm sorry to hear that our ice cream flavor is out of stock. We're expecting a new shipment in a few weeks, but if you'd like, I can offer you a different flavor or provide a refund for your purchase.",neutral,somewhat polite
"I'm happy to help you understand the extra charge on your recent order. It appears to be a small processing fee for our online payment system, but I can provide more information if you'd like.",somewhat polite,polite
"Certainly, I can help you with your gluten-free request. For future orders, we can customize your meal to be gluten-free. Just let us know your preferences.",neutral,polite
"We're happy to assist you with your integration training. Our team is currently working on updating the system to accommodate the new feature. This process typically takes a few days to a week, depending on the complexity of the changes. You can expect an email notification once the update is complete, and we'll be happy to provide you with a walkthrough of the new features.",polite,neutral
"I understand you're concerned about the overdraft fee on your account. It's worth noting that our bank's policy is to charge a fee when the account balance falls below zero. If you'd like to discuss possible ways to avoid these fees in the future, I'd be happy to help.",somewhat polite,polite
"The cost for the economy ticket includes all applicable fees and taxes. If you have any more questions, I'd be happy to help.",neutral,polite
"I understand that you're concerned about the additional fee on your travel account. Please know that it's just a standard processing charge, and it's not something we can waive. However, I'd be happy to provide more information about it if you'd like.",polite,somewhat polite
"I understand your concern about the loan interest rate. Our rates are competitive, and I'd be happy to explain the calculation in more detail. Can you please provide me with your loan details so I can look into this further for you?",somewhat polite,polite
"The performance of our latest production was sold out months in advance, but I can offer you a refund or a voucher for our next show if you'd like to reschedule.",neutral,somewhat polite
"I'd be happy to help you with that. Our soft skills course is designed to equip professionals with essential communication and teamwork skills. However, it's only available for a limited time, and the fee is non-refundable if you don't complete the course within the specified timeframe.",somewhat polite,neutral
"Unfortunately, our winter league registration is now closed, but you can still sign up for our spring season, which starts in a few months.",somewhat polite,neutral
"I'm sorry to hear that you're experiencing some issues with the exhibit closures at the aquarium. Unfortunately, our summer schedule can get a bit hectic, but I'd be happy to help you plan a visit during a less busy time or suggest some alternative activities for kids that are still engaging and educational.",somewhat polite,polite
"I'm not sure why our membership fees are so high this time of year, but I can check on some promotions for you. We usually have discounts for students and seniors during the summer months.",neutral,somewhat polite
"I apologize for the trouble with your recent cake order. We've had some issues with our online system, and it seems like our website was down for a few hours yesterday, which might have caused the delay. If you'd like, I can offer you a 10% discount on your next purchase as a gesture of goodwill.",somewhat polite,polite
"Certainly, I understand that you may have some questions about the workshop fee. It covers the cost of materials and instructor time. I'm here to help if you'd like more information.",polite,somewhat polite
"I'm afraid we're currently out of stock on that particular sofa model, but we do have a similar one available in a different fabric. Would you like me to hold one for you?",somewhat polite,neutral
"I'm sorry to hear that our gluten-free options didn't meet your expectations. Our summer menu is currently featuring a variety of gluten-free salads and sandwiches, which might be more to your liking. Would you like me to provide more information about our gluten-free options?",neutral,somewhat polite
"We're experiencing high demand during peak summer months, so it's taking a bit longer to process your request. I'll check on the status of your booking and get back to you within the next 24 hours.",somewhat polite,neutral
"I understand that you're concerned about the loan processing time. Our team is working diligently to ensure all applications are reviewed and approved as quickly as possible. If you have any additional information or documentation, please feel free to share it with us, and we'll do our best to expedite the process.",polite,somewhat polite
"I understand your concern about the unexpected fee. Our system occasionally flags certain transactions for review, which may result in a small additional charge. If you'd like, I can help you review the transaction and see if there's anything we can do to waive the fee.",polite,somewhat polite
"Unfortunately, our current loan options may not be the best fit for your financial situation. However, I can offer some alternative solutions that might be more suitable for you, and I'd be happy to walk you through the application process.",polite,somewhat polite
"I'm afraid our dolphin show is currently closed due to seasonal maintenance. However, we're offering a special behind-the-scenes tour for an additional fee, which includes a meet-and-greet with our trainers and a chance to see our marine animals up close.",neutral,somewhat polite
I'd be happy to help you with that. It looks like the issue might be with the shipping carrier. Let me see what I can do to resolve it for you.,polite,somewhat polite
"I'm happy to help you with your inquiry about the fusion food menu. The prices you're seeing are likely due to the seasonal ingredients we're using. If you have any further questions or concerns, feel free to ask!",neutral,polite
"I'm sorry to hear you're experiencing issues with our economy flight prices. We do offer some budget-friendly options during off-peak seasons, but they tend to fill up quickly. Would you like me to check availability for you?",neutral,somewhat polite
"Unfortunately, it seems your train ticket was issued for the wrong date. Let me see what I can do to assist you with a possible refund or exchange.",polite,somewhat polite
"I'm happy to help you with your gluten-free options. Unfortunately, our summer menu doesn't have any gluten-free pizza crusts, but we do have a delicious gluten-free pasta dish that's very popular. Would you like me to put in an order for you?",polite,somewhat polite
"Unfortunately, the fee you're seeing is due to our annual account maintenance charges, which are standard across all accounts. I can provide you with more information on this if you'd like.",polite,neutral
"I'm sorry to hear that you're having trouble planning a family trip to the aquarium. Our summer packages usually include a free upgrade to a VIP tour, but it seems like that option isn't available at the moment. I can offer you a discount on the standard tickets instead, would you like me to proceed with the booking?",polite,somewhat polite
"Unfortunately, our combat sports classes have a 24-hour cancellation policy. If you're unable to attend, please let us know as soon as possible to avoid any additional fees.",somewhat polite,neutral
"I'd be happy to help you with your query about the sports equipment. Since it's nearing the end of the season, we're having a clearance sale, and I think you might find some great deals on the items you're looking for. Would you like me to check availability and pricing for you?",somewhat polite,polite
"I'd be happy to help you with the workshop registration. Please note that the deadline for early bird discounts is approaching, and I recommend registering as soon as possible to secure the best rate.",neutral,polite
"I appreciate your concern about the toy not being in stock. Unfortunately, it's a seasonal item and we've sold out for the summer. However, we do have some similar options available that might interest you. Would you like me to recommend some alternatives?",polite,somewhat polite
I'm happy to help you improve your time management skills. It seems like you're struggling to prioritize tasks effectively. I'd be happy to provide you with some tips and resources to help you stay on track.,somewhat polite,polite
I'd be happy to help you with that! It seems like you're having some issues with your ski pass. I can check on the status for you and see if there's anything we can do to resolve the issue. Can you please provide me with your pass number so I can look into it further?,polite,somewhat polite
"I'm happy to help you with your concern about the upcoming boxing match. However, please note that all ticket sales are final and non-refundable, unless the event is cancelled or rescheduled.",somewhat polite,polite
"I'm sorry to hear that our menu options aren't meeting your expectations. We do have some seasonal specials that are available until the end of summer, and I can let you know what vegetarian options we have. Would you like me to list them out for you?",neutral,somewhat polite
I'd be happy to help you find a gluten-free option for your dinner plans. Can you tell me a bit more about what you're looking for - perhaps a specific cuisine or restaurant?,polite,somewhat polite
"Unfortunately, our wakeboarding lessons are fully booked for the summer season, but I can offer you a spot on our waiting list. If you'd like to secure a spot, please let me know and I'll be happy to add you to the list.",polite,somewhat polite
"I'm happy to help you with your query about the new Lego set. Unfortunately, it's currently out of stock, but I can suggest some similar products that are available. Would you like me to recommend a few options?",somewhat polite,polite
"I'm happy to help you optimize your skills for the upcoming workshop. However, I do want to inform you that the registration fee you're seeing includes a non-refundable deposit, which is standard for all our programs. If you have any questions or concerns, please don't hesitate to ask, and I'll do my best to clarify things for you.",polite,somewhat polite
"I appreciate your concern about the unexpected fee on your account. It's likely due to our monthly subscription charge, which is clearly outlined in our terms and conditions. If you have any questions or need further clarification, I'd be happy to help.",somewhat polite,polite
"I'm afraid our courts are closed for renovations until next month, but we're offering a special promotion for membership sign-ups before the reopening. Would you like to take advantage of this opportunity?",somewhat polite,neutral
I'd be happy to help you understand the charges on your statement. It looks like there's a small processing fee associated with your credit card transaction. Would you like me to break it down further?,somewhat polite,polite
Could you clarify what specific fee you're inquiring about? Knowing the details will help me understand and provide accurate information.,neutral,somewhat polite
"I'm sorry, but our store policy is clear on exchanges and returns. If you're looking to swap your item, you'll need to provide the original packaging and a valid receipt within the specified timeframe.",neutral,somewhat polite
Certainly! I understand you have a question about a charge related to electronics or appliances from our stores. The fee is most likely one of our standard service or maintenance charges. I can give you more information if you'd like.,neutral,polite
"Certainly, I understand you have questions about the additional charge for the dessert item. This fee covers the cost of premium ingredients and extra preparation time required to create these delectable treats. I hope this clarifies the situation for you.",polite,somewhat polite
"Unfortunately, our dolphin show is cancelled for the summer due to a scheduled maintenance and I'm not sure when it will be rescheduled. I can offer you a full refund or a discount on your next visit if you'd like.",somewhat polite,neutral
"I appreciate your enthusiasm for our seasonal specials, but our summer menu is already live, so you won't be able to order the winter pizza you're looking for. Would you like me to recommend some of our popular summer options instead?",somewhat polite,polite
"I'd be happy to help you with that street food order, but please note that the additional charge is due to the seasonal ingredients we use. If you'd like, I can provide more information on the menu items and their prices.",somewhat polite,polite
I'd be happy to help you with your query about the price difference between the two shirts. Our sales team can provide you with more information on the promotions we're currently running.,neutral,polite
"Hey, could you tell me if you guys have any oat milk lattes? I'm trying to cut back on dairy.",somewhat polite,impolite
"I understand you're disappointed with the recent cancellation of our boxing match, but our policy clearly states that refunds are only issued for events that are cancelled due to circumstances beyond our control. Let me see what I can do to help you with a possible reschedule or refund.",polite,somewhat polite
"I'm glad you're interested in our upcoming workshop on time management. However, I do want to mention that the price you're seeing is due to an additional fee for the workshop materials. If you're still interested, I can provide more information on the package details.",polite,somewhat polite
"I'm sorry to hear that our ice cream didn't turn out as expected. Unfortunately, we can't offer a refund or exchange for a product that's been consumed, but we'd be happy to provide a discount on your next purchase.",neutral,somewhat polite
"Unfortunately, your team's membership renewal was declined due to an unpaid balance. Please check your account status and settle the outstanding amount to reinstate your membership.",polite,neutral
"I appreciate your concern about the flight delay, and I'm happy to help. Unfortunately, due to the winter weather conditions, many flights have been experiencing delays. I can offer you a voucher for a meal or accommodation, whichever you prefer, to make up for the inconvenience.",somewhat polite,polite
"Unfortunately, your team's membership renewal fee has been impacted by a recent price increase. However, we're offering a special promotion for the summer season, so you can still sign up for a discounted rate if you act now.",polite,somewhat polite
"We've had several reports of tourists getting lost in the city's historic district during peak season. It's not uncommon for visitors to get turned around in the narrow streets, but we recommend using a map or asking for directions from locals to avoid this issue.",neutral,impolite
"I'm happy to help you improve your coding skills, but I do need to inform you that our online course subscription fees are non-refundable. However, if you're experiencing technical difficulties, I can provide you with some troubleshooting tips to get you back on track.",polite,somewhat polite
"I understand you're concerned about the loan processing time, and I want to assure you that we're working diligently to finalize your application as soon as possible. Please allow a few more days for our team to review the documents, and we'll be in touch with an update.",polite,somewhat polite
"Certainly, I can assist you with that. Our professional development bootcamps do have associated fees, but I can provide you with a breakdown if you'd like. Let's work together to ensure you have a clear understanding.",polite,somewhat polite
"Are you disputing the charge on your statement? If so, you'll need to provide documentation to support your claim, and we'll review it according to our policy.",impolite,neutral
"I'm happy to help you with the new toy purchase. Unfortunately, it seems like the item you're looking for is currently out of stock. However, I can offer to put you on a waiting list or suggest a similar product that's available for purchase.",somewhat polite,polite
"Unfortunately, it seems that our integration training sessions are fully booked for the next two weeks. However, I can offer you an alternative date or provide more information on our upcoming webinars if you're interested.",somewhat polite,neutral
"Certainly, I understand you have concerns about the food products you purchased from our grocery store. While I'm unable to directly inspect the items in question, I can tell you that our policy is to ensure the freshness and quality of all our products. If you're not satisfied, please bring the receipt and the items in question to our store, and we'll do our best to address your concerns.",somewhat polite,polite
"I understand your concern about the extra charge on your flight booking. Can you please check your itinerary again and confirm the details of your trip? Sometimes, our system may incorrectly apply a fee. I'll be happy to help you resolve this issue.",somewhat polite,polite
"I understand that your luggage didn't arrive on time for your Caribbean cruise, and I'm happy to help resolve the issue. Can you please provide your booking reference number so I can look into this further and get it resolved for you as soon as possible?",somewhat polite,polite
"I'm afraid our summer reading program has already reached its capacity, but I can suggest some alternative events happening in the coming months.",somewhat polite,neutral
"I'm sorry to hear that our skincare product didn't meet your expectations. However, as per our return policy, all items must be in their original packaging with a valid receipt to be eligible for a refund or exchange.",somewhat polite,neutral
"Sure, I can assist you with enhancing your technical skills as part of our professional development program. We have a variety of online courses and workshops available to help you improve in this area.",somewhat polite,polite
"I'm sorry to hear that you're having trouble with our online course materials. Unfortunately, our team is currently experiencing some technical difficulties, and we're working to resolve the issue as soon as possible.",neutral,somewhat polite
"I appreciate your concern about the extra fee on your luxury travel package. However, our policy clearly states that all cancellations made within 30 days of the trip incur a non-refundable fee. If you'd like to discuss further or explore options, I'm here to help.",somewhat polite,polite
"I appreciate your enthusiasm for our new training program, but I want to clarify that the additional cost is actually for the integration with our existing software. If you're interested in learning more about how this integration can benefit your team, I'd be happy to schedule a follow-up call to discuss the details.",polite,somewhat polite
"Unfortunately, our insurance policy doesn't cover pre-existing conditions, but I can help you explore other options that might be a better fit for your needs.",neutral,somewhat polite
"We can't provide a refund for the cancelled fight because it was due to the opponent's injury, not a result of our club's policies or actions.",neutral,impolite
"I understand your concern about the loan application process. Please note that our underwriting team reviews each application carefully, and we may request additional information to verify your income and credit history. If approved, you'll receive a detailed breakdown of the terms and conditions, including the interest rate and repayment schedule.",somewhat polite,polite
"Certainly, I can understand why you're concerned about the additional fees. These charges are typically associated with our credit card's annual fees. However, I would be happy to discuss this further if you have any questions or concerns.",neutral,somewhat polite
"Unfortunately, our sea lion exhibit is closed for renovations until next month, but our penguin enclosure is still open for visitors. If you're planning to visit, I recommend checking our website for the most up-to-date information on exhibit hours and availability.",somewhat polite,neutral
"I'm not sure why our membership renewal notice said you owed $50 extra for the sailing lessons, but it looks like it might have been an error on our part. Can you please check your account summary and let me know if everything looks correct to you?",somewhat polite,neutral
"Absolutely, I can assist you with that. Here's a general overview of how our professional development programs cater to creative skills. If you need more specific information, please let me know.",somewhat polite,polite
"I'm afraid our gluten-free options are limited this time of year due to seasonal ingredient availability. However, we can offer you a vegan alternative that should suit your dietary needs.",somewhat polite,neutral
"I'm sorry to hear that our winter gear wasn't what you were expecting. We do offer a 30-day return policy, but please note that items must be in their original condition with tags attached. If you'd like to initiate a return, I can guide you through the process.",polite,somewhat polite
"I'm sorry to hear that you're experiencing issues with your flight itinerary. Unfortunately, changes to your travel plans may incur additional fees. However, I can assist you in exploring possible alternatives or modifications to your booking.",neutral,somewhat polite
"I'm sorry to hear that our flight prices are higher than expected for your travel dates. We do offer budget-friendly options, but they tend to sell out quickly during peak season.",neutral,somewhat polite
"I'm happy to help you with your buffet experience. Please note that our peak season prices apply from December to February, and it's reflected in the fee you're seeing. If you have any questions or concerns, feel free to ask, and I'll do my best to assist you.",neutral,polite
"I've checked our winter sports equipment rentals and it seems that the skis you reserved are available for pickup as scheduled. However, please note that there's a late fee associated with the rental due to the delay in your pickup time.",neutral,polite
"Unfortunately, our summer specials menu is no longer available, but we have a new fall menu that just launched, and I'd be happy to recommend some of our seasonal dishes to you.",polite,somewhat polite
"I'm sorry to hear that you're not getting the expected value from our economy package. However, our prices are clearly stated on the website, and you agreed to them when you booked. If you have any further questions or concerns, I'll be happy to help.",neutral,somewhat polite
"I'm happy to help you with your question about our winter sports packages. If you're experiencing any issues with your booking, please let me know and I'll do my best to assist you. Additionally, I can provide information on our cancellation policies and fees if needed.",neutral,polite
"I'd be happy to help you with that. It seems like there's a misunderstanding about your order, and I can clarify the details for you.",somewhat polite,polite
"Unfortunately, our summer menu doesn't include any gluten-free options for our signature dish, but we can recommend some other seasonal choices that might suit your needs.",somewhat polite,neutral
"I'm sorry to hear that you're experiencing issues with your flight itinerary. Unfortunately, we can't make any changes to your booking at this time, as it's already been processed. However, I can offer you a refund or provide a voucher for a future flight if you'd like.",neutral,somewhat polite
"I'm not sure why our membership fees are so high this season, but I suppose it's to be expected when you're paying for top-notch facilities and expert coaching. Can I interest you in a payment plan to make it more manageable?",neutral,somewhat polite
"We're experiencing high demand for our seasonal summer menu, and it might be taking a little longer to fulfill your order. I can provide you with an estimated delivery time if you'd like.",polite,neutral
"Sure, I can help you with that. If you're not satisfied with your purchase, you can certainly return it as long as you have the receipt and it's within the return period. Let me know if you need any further assistance.",somewhat polite,neutral
"I'm not sure what's causing the delay in your tennis match registration, but I can check on it for you. Can you please provide your membership number so I can look into this further?",somewhat polite,neutral
"Certainly, I can understand your concern regarding the additional fee on your credit card statement. It's likely related to an annual maintenance charge for your credit card account. I can provide more details if you'd like.",polite,somewhat polite
"I understand that you're looking for a budget-friendly option for your summer vacation. Unfortunately, our economy flights for August are already fully booked. However, I can offer you some alternative routes or dates that might be more suitable for your travel plans.",polite,somewhat polite
"I'm happy to help you with your coffee concerns, but our summer promotion has ended, so the discount you're seeing is actually a one-time offer for our loyalty program members only.",somewhat polite,polite
"Sorry to hear that your new hiking boots aren't fitting quite right. We can definitely exchange them for a different size or style. Just bring the boots and your receipt back to the store, and we'll take care of the rest.",polite,somewhat polite
"I appreciate your concern about the overdraft fees, but it seems like they're just a result of our system's automatic transactions. If you'd like to discuss further or set up a payment plan, I'm happy to help.",somewhat polite,polite
"Of course, I understand that you may have some concerns about the membership fees. Our standard team sports membership includes access to all of our facilities and equipment, and the fee is typically charged on a seasonal basis. I hope this clarifies things for you.",neutral,somewhat polite
I'm happy to help you with that! It seems like there might have been an error with your order. Can you please double-check your receipt and confirm the issue with me?,somewhat polite,polite
"I understand you're concerned about the interest rate on your loan. Our rates are competitive, and I can explain the specifics behind your rate if you'd like.",polite,somewhat polite
We can't assist with your request for a refund since you attended the workshop more than 6 months ago and our refund policy clearly states that all refunds are processed within 3 months of the event.,neutral,impolite
"I'm happy to help you with your query regarding soft skills training. It seems that the course you're interested in is already full, but I can offer you a similar alternative that might suit your needs. Would you like me to send you more information about it?",somewhat polite,polite
"Certainly, I can help you with that. Our regional menu often features seasonal dishes, could you please specify which particular dish or information you require assistance with?",polite,neutral
"Certainly, I can understand if you're confused about the additional fees. They are typically for advanced training modules, which you can opt out of if you prefer. Let me know if you have any other questions.",somewhat polite,neutral
"I'm happy to help you optimize your workflow with our new project management tool. However, I do want to clarify that the additional cost you're seeing is due to the premium features you've selected. If you'd like to downgrade to the basic plan, I can guide you through the process.",polite,somewhat polite
"Sorry to hear your tennis racket didn't meet your expectations. I can offer a replacement or refund, whichever you prefer, as long as it's within 30 days of purchase and you have the receipt.",polite,somewhat polite
"I'm sorry to hear you're having trouble joining our basketball league. Unfortunately, we've reached maximum capacity for the season, but I can put you on the waiting list for next season if you'd like.",polite,somewhat polite
"I'm sorry to hear that our documentary film didn't meet your expectations. However, our refund policy clearly states that all sales are final. If you have any further questions or concerns, please don't hesitate to ask.",somewhat polite,neutral
"I'm happy to help you with your query about the ferry schedule. It seems that the delay was due to unforeseen circumstances, but we're working to get you back on track as soon as possible. Please note that our customer service team is available 24/7 to assist you with any further questions or concerns.",somewhat polite,polite
You're still complaining about the flight delay? We've already sent out a notification with the new arrival time. Check your email.,impolite,neutral
"We're experiencing a high volume of bookings during the summer season, which might be causing delays in processing your request. I can expedite the process for you if you'd like, but it will incur a small additional fee.",polite,neutral
"I'm not sure why our halal menu options aren't showing up on your order summary, but let me check on that for you.",somewhat polite,neutral
"I'm afraid our seasonal summer menu hasn't been updated yet, but we're working on it. Would you like me to check on the status for you?",somewhat polite,neutral
"I'm sorry to hear that you're not able to access the exhibit you were interested in. Unfortunately, our summer hours are in effect and we've had to limit the number of visitors to ensure a safe and enjoyable experience for everyone. I can offer you a complimentary ticket for a different exhibit that's available at this time.",somewhat polite,polite
"I'm sorry to hear that our winter sports equipment didn't meet your expectations. We have a 30-day return policy, and if you'd like to exchange it for a different size or style, please bring in your receipt and we'll be happy to assist you.",polite,somewhat polite
"I'm sorry you're experiencing some issues with our menu, but our chef can accommodate a gluten-free option if you let us know in advance, please allow 24 hours for preparation.",neutral,somewhat polite
"I'm sorry to hear you're experiencing issues with your travel insurance claim due to a pre-existing medical condition. Our policy does cover pre-existing conditions, but there are certain requirements that must be met for coverage to apply. Can you please provide more details about your condition and the policy you purchased?",polite,somewhat polite
"I'm happy to help you with your query about the price of the new winter coat. According to our current promotion, the coat is discounted by 20% for a limited time. Would you like me to provide more information on the sale?",neutral,polite
"I'm so sorry to hear that you missed the sea lion show. If you'd like to catch the next one, I can give you the schedule for the day. We also have a special behind-the-scenes tour available, which might be of interest to you.",polite,somewhat polite
"I'm happy to help you optimize your resume, but our online courses don't seem to be covering the specific skills you're looking for. Can I suggest some additional resources or recommend a different course that might better fit your needs?",polite,somewhat polite
"The show you're interested in has been sold out for months, but I can offer you a refund or exchange for a different performance. Would you like me to look into options for you?",polite,somewhat polite
"I'm sorry to hear that our winter gear isn't meeting your expectations. Unfortunately, we can't offer any refunds or exchanges on items that have been used for more than a month.",neutral,somewhat polite
"I'm happy to help you with your return. However, our return policy requires a valid receipt and the item must be in its original condition. If you can provide the receipt and it meets our criteria, we can proceed with the return.",neutral,somewhat polite
"Of course, I understand that you're seeking the best luxury travel experience. Our premium services do come with a higher price point to reflect the elevated level of comfort and care. Is there a specific charge you'd like me to clarify for you?",somewhat polite,polite
"I'm happy to help you with that! Our creative writing course is designed to help you develop your skills, but it's not a guarantee of publication. Can you tell me more about what you're looking to achieve with this course?",neutral,somewhat polite
"I'm happy to help you with your international food delivery. However, please note that the additional fee you're seeing is due to our international shipping charges, which vary depending on the destination and the weight of the package. If you'd like more information or have any questions, feel free to ask.",polite,neutral
"I'd be happy to help you with your question about our new fusion menu. Can you please tell me more about what you're looking for, and I'll do my best to provide you with some recommendations?",polite,somewhat polite
"I'm sorry to hear that our new seasonal menu hasn't met your expectations. Our chef has made some changes to incorporate more locally sourced ingredients, but it seems like we might have missed the mark this time. Can you please provide more details about your visit, such as the date and time you were here, so we can look into it further?",neutral,somewhat polite
"I'm so sorry to hear that you're having trouble with your flight itinerary. Unfortunately, our airline was not responsible for the delay, but we can offer you a complimentary upgrade on your next flight to make up for the inconvenience.",polite,somewhat polite
"I'd be happy to help you understand the fee you're seeing. It's likely related to our standard account maintenance charges, but I can provide more details if needed.",somewhat polite,polite
"Unfortunately, our current interest rates are not negotiable, but I can offer some information on our available loan options and help you determine which one might be the best fit for your situation.",neutral,somewhat polite
"We do have some water sports activities available, but please note that there may be a fee for using the equipment during the winter months. This helps us maintain the equipment and keep it in good condition for everyone. Let me know if you have any other questions!",somewhat polite,neutral
"I'd be happy to help you with your travel budget concerns. It seems there's a small fee associated with your booking, but I can provide more information on what it's for and how it was calculated.",somewhat polite,polite
"I understand you're looking for a budget-friendly option for your trip to Europe, but our economy package doesn't include meals. Would you like me to suggest some affordable dining options in the cities you'll be visiting?",polite,somewhat polite
"Of course, I can assist you with that. The library does have certain policies in place regarding book lending and returns. I'll be happy to clarify any details you're unsure of.",somewhat polite,polite
"We're experiencing a high volume of requests for our integration training, which might be causing some delays. I can check on the status for you if you'd like.",somewhat polite,neutral
"I appreciate your patience, but unfortunately, our bus rental services are fully booked for the upcoming weekend due to the summer vacation season. However, I can offer you a car rental option with a similar price range, would you like me to provide more information?",somewhat polite,polite
"Certainly, I can understand why you might be confused about the additional charge on your bill. That fee is typically associated with our premium drink options. Would you like me to explain those in more detail for you?",polite,somewhat polite
"I apologize for the inconvenience with your purchase, but our warranty policy clearly states that any issues with the TV must be reported within the first 30 days. Since it's been over a month, we can't provide a replacement or refund.",polite,somewhat polite
"You can't overdraft your account if you have sufficient funds in your linked savings account, but if you do, we'll charge you a hefty fee.",impolite,neutral
"Hey, I'm looking for something a little different tonight. Do you guys have any fusion dishes that aren't too heavy for this time of year?",somewhat polite,impolite
"Certainly, I can help you with that. The price of the item reflects its quality and the efforts we put into sourcing it. I hope this clarifies your concerns.",neutral,polite
"I'm happy to help you with your question about the recent price increase at our restaurant. According to our records, the new prices reflect changes in our food costs and labor expenses. If you have any concerns or would like to discuss further, I'm here to assist you.",neutral,polite
"Unfortunately, it seems your flight was delayed due to unforeseen weather conditions. I can offer you a voucher for a complimentary meal or hotel stay, whichever you prefer.",somewhat polite,neutral
"Of course, I can help you with that. For future reference, items purchased from our home and furniture section cannot be returned without a receipt and must be within the return window. Thank you for your understanding.",neutral,polite
"I'm happy to help you with your question about our seasonal dessert menu. We do offer a variety of sweet treats, including our popular summer fruit tart and our rich chocolate mousse. If you're looking for something specific, feel free to ask and I can check availability.",neutral,polite
"I'm sorry to hear that your favorite burger is out of stock. It's a seasonal item, but we're expecting a new shipment in a few weeks. Would you like me to reserve one for you when it arrives?",polite,somewhat polite
"Certainly, I can assist you with the integration training. There may be a small fee associated with this service, which covers our administrative costs. Let me know if you would like more information about this.",somewhat polite,neutral
"I'm sorry to hear that our store's fragrance selection didn't meet your expectations during the summer season. However, we do have a wide range of scented candles available for purchase, and our sales associates would be happy to help you find the perfect one.",polite,somewhat polite
"I'm not sure why our water aerobics class was cancelled on short notice, but I was really looking forward to it. Can you check the schedule for this week and see if there's another session available?",neutral,somewhat polite
I'd be happy to help you with that. It seems like there might have been a misunderstanding about the additional fee on your business travel booking. Let me check on that for you and see what we can do to resolve the issue.,somewhat polite,polite
"I'm sorry to hear about the issue you're experiencing with the hiking boots you purchased from us. We want to ensure your satisfaction, so I can assist you with returning or exchanging them, provided you have the receipt and it's within our return window.",polite,somewhat polite
"Your package was shipped via standard mail, which typically takes 3-5 business days. If you're concerned about the delay, I can look into it further for you.",neutral,polite
Just a reminder that our summer tennis lessons start next week.  We're looking forward to seeing you there!,neutral,polite
"I appreciate your concern about the extra fee on your recent booking. Our system does show that it's related to a mandatory airport tax that was recently implemented. If you'd like more information, I can provide you with the details and any possible refund options.",somewhat polite,polite
"I appreciate your understanding that our extended warranty only covers manufacturer defects, and not general wear and tear. If you have any further questions, please don't hesitate to ask.",polite,impolite
"As per our terms, the fee you're seeing is a one-time annual charge for account maintenance. If you'd like to know more about this or have any questions, feel free to ask and I'll be happy to help.",somewhat polite,polite
"I'm happy to help with your question about halal options at our restaurant. However, I do need to inform you that our menu does change seasonally, and we can't guarantee that every dish is halal at all times. If you're looking for a specific halal option, I recommend checking our website or contacting us directly for the most up-to-date information.",somewhat polite,neutral
"I'm not sure what's going on with your membership renewal, but our system shows that it's been paid up to date. Can you check your account online and see if there's any information that might help us figure out what's going on?",neutral,somewhat polite
"I apologize for the inconvenience, but our weekly sales promotion has ended, and the discounted prices are no longer available. However, we do have some new items on sale this week, and I'd be happy to let you know what's currently discounted.",polite,somewhat polite
"Unfortunately, our summer exhibit has been postponed due to unforeseen circumstances, but we're offering a special discount for the rescheduled date. Would you like me to provide more information?",polite,somewhat polite
"I'm so sorry to hear that our recent exhibit didn't meet your expectations. We're actually offering a special discount for visitors who purchase tickets during the off-season, which might help make up for the inconvenience. Would you like me to look into that for you?",polite,somewhat polite
"Unfortunately, our policy doesn't allow for price adjustments on previous purchases. However, we do offer a loyalty program that can help you earn rewards and discounts on future purchases.",somewhat polite,neutral
"Certainly, I can understand why you might be concerned about the medical bill from your recent travel. It's not uncommon to have additional charges for medical services while abroad. If you have any questions or need more details about the charges, feel free to ask.",polite,somewhat polite
"I'm so sorry to hear that your flight was delayed due to medical reasons. Our airline's policy is to provide compensation for such situations, but it may take some time to process. I can offer you a voucher for a future flight or a refund, whichever you prefer.",polite,somewhat polite
Sorry to hear you're having trouble with your water sports equipment rental. Can I help you resolve the issue or answer any questions about our policies?,polite,somewhat polite
"I'm afraid our summer menu is seasonal, and we can't accommodate special requests for dishes that are no longer available. However, we do have some great alternatives that might interest you.",somewhat polite,neutral
"We appreciate your diligence in maintaining a positive tone, and we're more than happy to assist you with your travel plans. However, I do want to note that our airline's policy states that changes to flights are subject to a fee, which can range from $25 to $50 per ticket, depending on the type of change and the time frame in which it's made.",somewhat polite,polite
"You booked a car rental for a week, but the website only shows rates for a 3-day minimum. Now you're being charged an extra $100 for the additional days.",impolite,neutral
"I'd be happy to help you with your bus rental inquiry. However, please note that our peak season rates do apply, and you'll need to provide a valid credit card to secure your booking.",somewhat polite,polite
"We're experiencing a high volume of visitors during the summer season, which might be causing some delays at the aquarium.",somewhat polite,neutral
"I'm happy to help you with your concern about the team sports membership. It seems that the annual fee has been adjusted to reflect the new season, which might be causing the discrepancy. Let me see what I can do to clarify the charges for you.",polite,somewhat polite
"I appreciate your concern about the fee. It's worth noting that our bank charges a small monthly maintenance fee for accounts that don't meet the minimum balance requirements. If you'd like to discuss ways to waive this fee, I'd be happy to help.",somewhat polite,polite
I'd be happy to help you with your concern about the missing item from your recent grocery order. Can you please provide me with your order number so I can look into this further and see what happened to it?,somewhat polite,polite
"Sorry to hear that your TV isn't functioning properly. According to our records, it's still under warranty. I can guide you through the process of getting it repaired or replaced.",somewhat polite,neutral
"I'd be happy to help you with that! For creative skills development, our courses are designed to help you build on your existing skills and gain new ones. If you're looking to improve your skills in a specific area, I recommend checking out our latest offerings and seeing what resonates with you.",somewhat polite,polite
I'm not sure why our online course materials aren't loading properly. Can you try clearing your browser cache and see if that resolves the issue?,somewhat polite,neutral
I'd be happy to help you with that. Can you please provide more information about your flight itinerary so I can look into the delay for you?,somewhat polite,polite
"I understand you're concerned about the cancellation fee for your MMA training sessions. Our policy states that all sessions must be cancelled at least 24 hours in advance to avoid any charges. If you're unable to attend a session, please let us know as soon as possible so we can try to find a suitable replacement or refund your payment.",neutral,somewhat polite
"I'd be happy to help you understand the interest rate on your loan. It's a standard rate that applies to all our loan products, but I can check if there are any promotions or discounts available that might reduce the cost for you.",somewhat polite,polite
"I'm sorry to hear that your tennis racquet isn't performing as expected. We offer a 30-day return policy, and if you'd like to exchange it, please bring in the receipt and we'll be happy to assist you with a replacement.",polite,somewhat polite
"Unfortunately, our system indicates that your flight was booked through a third-party vendor, so we can't assist with any changes or cancellations directly. However, we can provide you with their contact information and help you escalate the issue if needed.",somewhat polite,neutral
"Certainly, I can understand why you might have questions about the cost of our professional development bootcamp. The fee covers in-depth training materials and access to our expert instructors. I hope this clarifies things for you.",polite,somewhat polite
We've received reports of the dolphin exhibit being closed due to unforeseen circumstances. Our team is working diligently to resolve the issue as soon as possible. I can provide you with more information on our exhibit schedule once it's been updated.,somewhat polite,neutral
"I apologize for the inconvenience with your baggage, but it seems that it didn't make it to your destination. We can offer you compensation for the lost items, but please note that it's subject to our airline's policies and procedures.",polite,somewhat polite
"Sorry to hear that you're experiencing issues with your international food delivery. I'd be happy to help you troubleshoot the problem. Can you please provide more details about what's going wrong, such as the order number and the items that were affected?",polite,somewhat polite
"Certainly, I can understand why you're interested in this particular toy. If it's currently out of stock, I recommend checking back with us in a few weeks. We receive new shipments regularly, especially during the holiday season.",polite,somewhat polite
"I'd be happy to help you optimize your resume for the new job opening. To do that, I'll need to know more about your relevant technical skills and experience. Can you please share some information about your background in programming languages, software proficiency, and any relevant certifications?",polite,somewhat polite
"The tickets you're looking for are unfortunately sold out for the upcoming season, but we're expecting a new batch to be released next month. Would you like me to put you on the waitlist?",polite,neutral
"I'm so sorry to hear that you're having trouble accessing our exhibit on loan from a private collector. Unfortunately, due to the summer season, we've had a high volume of visitors, which might have caused the delay. I can offer you a complimentary ticket to visit again within the next two weeks, or we can provide a refund if you'd prefer.",polite,somewhat polite
"I'd be happy to help you with your train ticket inquiry. Unfortunately, our website is currently experiencing some technical difficulties, and you're seeing an error message. Please try checking again later, and I'll make sure to assist you with any issues you're facing.",polite,somewhat polite
"""I'm afraid our racquet restringing service is currently
backlogged due to the summer season. We can offer you a
courtesy loaner racquet for the meantime, or you can
schedule a restringing appointment for a later date.""",neutral,somewhat polite
"I'm happy to help you with your question about our store's return policy. If you'd like to return the product, please bring in the receipt and we'll check if it's within our return window.",neutral,polite
"We're aware of the cultural differences between our destination and your home country, and we've taken steps to accommodate them. However, we do have some specific rules regarding dress code and behavior in our cultural tours, which are designed to ensure a respectful and enjoyable experience for all participants.",neutral,polite
"Sorry to hear that you're having trouble joining the basketball league. Unfortunately, we're currently fully booked for the summer season, but I can add you to our waitlist and let you know if any spots open up.",polite,somewhat polite
"Certainly, I can assist you with that. For our integration training in professional development, there may be a small fee to cover the cost of materials and instructor time. I can provide more information about this if you'd like.",polite,neutral
"The play you're interested in is already sold out, but we do have a waiting list. Would you like to be added to it?",somewhat polite,neutral
"I understand you're concerned about the unexpected fees on your statement. Our fee schedule is clearly outlined in the terms and conditions you agreed to when opening your account, and I'd be happy to walk you through it if you'd like.",polite,somewhat polite
"I'd be happy to help you with that! Our soft skills course focuses on essential skills like communication and teamwork. If you're looking to improve your public speaking skills, I recommend checking out our upcoming workshop on effective presentations.",somewhat polite,polite
"I'm sorry, but we can't accept any expired coupons. If you have a valid coupon, please provide the details and we'll be happy to assist you with the discount.",neutral,somewhat polite
"Unfortunately, our winter schedule doesn't allow for any changes to your flight itinerary at this time. However, I can offer you an option to upgrade to a different flight with some extra fees.",somewhat polite,neutral
"Unfortunately, our summer promotion for free ice cream with every cake purchase has ended, but we're running a special deal on our seasonal fruit tarts that might interest you.",somewhat polite,neutral
"We're still in preseason, and our team's roster is subject to change. Unfortunately, that means we can't guarantee the player you're interested in will be available for the upcoming season.",somewhat polite,neutral
"The production you're interested in has been sold out for the entire summer season. However, we're expecting a new show to start in September, and I can reserve tickets for you as soon as they go on sale.",polite,neutral
"Sorry to hear that your flight was delayed due to the recent stomach flu outbreak in our region. We're doing our best to sanitize all areas and prevent further cases, but in the meantime, I can offer you a complimentary meal voucher for your next trip with us.",polite,somewhat polite
"Your account balance shows a small fee for an overdraft, which is a standard charge for our bank. If you'd like to discuss ways to avoid this in the future, I'd be happy to help you explore options.",neutral,polite
"I'm happy to help you with your query about the cultural tour you booked. However, I do need to clarify that the additional fee is due to the high demand for this particular tour during peak season. If you'd like, I can provide more information on how to upgrade your package to avoid this extra charge.",somewhat polite,polite
"I'm sorry to hear about your difficulty with our menu. Our local, organic options are sourced from nearby farmers and may vary based on seasonal availability. I'm here to help with any questions you might have.",polite,somewhat polite
"I'm sorry to hear that our economy flights are a bit more expensive than you'd like. However, our prices are competitive, and we offer a range of discounts for students, seniors, and off-peak travel, which might help make your trip more affordable.",polite,somewhat polite
"Unfortunately, our salad bar is currently closed for seasonal maintenance. However, we're offering a complimentary dessert with the purchase of any entree at our à la carte restaurant. Would you like me to provide more information on our current promotions?",polite,neutral
"I've checked our system and it seems that the certification you're looking for requires a specific set of prerequisites, which you can find on our website. If you have any questions or need help with the process, I'm here to assist you.",neutral,polite
"I'd be happy to help you with the issue, but I do need to clarify that our store policy states that all sales are final after 30 days. If you're looking for a refund or exchange, I recommend speaking with our customer service team who can assist you further.",polite,somewhat polite
"I appreciate your enthusiasm for our upcoming workshop, and I'm happy to let you know that we've got a special discount for early birds. However, please note that this promotion is only valid until the end of the month, so you'll want to register soon to take advantage of it.",somewhat polite,polite
"I appreciate your enthusiasm for learning Python, but I wanted to clarify that our course fees are non-refundable after the initial 30-day trial period. However, if you'd like to upgrade to our premium plan, you'll get access to exclusive content and priority support.",polite,somewhat polite
"We understand that you're disappointed with the cultural tour's itinerary. Unfortunately, our supplier has made some last-minute changes due to unforeseen circumstances. We're working to resolve the issue, and I can offer you a partial refund or a complimentary upgrade to a similar tour. Please let me know which option you prefer.",neutral,somewhat polite
"I appreciate your concern about the loan application delay. Our team is working diligently to process all submissions as quickly as possible, and I'll be happy to provide you with an estimated timeline if you'd like.",somewhat polite,polite
"I'm sorry to hear that you're not satisfied with the animal exhibit at our aquarium. We strive to provide an enjoyable experience for all our visitors, but sometimes things don't go as planned. Can you please tell me more about what happened so I can see how we can make it right?",neutral,somewhat polite
"I understand you're looking for a budget-friendly option for your upcoming trip. Unfortunately, our current promotion has ended, but I can offer you a 10% discount on our off-peak season packages if you book within the next 48 hours.",polite,somewhat polite
"We're sorry to hear the toy didn't meet your expectations. If you'd like to exchange it or get a refund, please bring the receipt and the toy to our store within the next two weeks.",neutral,somewhat polite
"I'm happy to help you with the product you purchased from our health and beauty section. Unfortunately, we can't accept returns without the original packaging and a receipt. If you have both, you're welcome to bring it in and we'll be happy to assist you further.",neutral,polite
"I appreciate your concern about the loan application delay. Our team is working diligently to process your request as soon as possible, and I'll be happy to provide an update once the status is updated.",somewhat polite,polite
"As a senior, you may be eligible for discounts during winter. However, there might be fees applicable for certain services. Would you like more information on this?",somewhat polite,neutral
We've noticed that you've been struggling with creating engaging content for your social media channels. Our team is here to help you develop a strategy that suits your brand's unique voice and style. Would you like to schedule a consultation to discuss further?,neutral,polite
"I'm sorry to hear that you're experiencing some issues with the theater's seating chart. Unfortunately, our system is currently down for maintenance, but I can assist you in finding alternative seats for tonight's show. Would you like me to check availability?",polite,somewhat polite
"I'm checking on the status of your claim. Unfortunately, it appears we need more information from you to proceed with the process. Can you please provide the necessary documents and we'll get back to you as soon as possible.",neutral,somewhat polite
The course outline seems a bit unclear. Could you please clarify the specific skills you'll be covering in the workshop?,neutral,somewhat polite
"Unfortunately, our water sports sessions are fully booked for the summer season, but we do have some openings for the fall. Would you like to reserve a spot for then?",neutral,somewhat polite
"We're currently offering a summer promotion for our recreational soccer leagues, but I can look into the pricing for our regular season. Can you please tell me which location you're interested in?",neutral,somewhat polite
"I appreciate your concern about the ferry schedule change. Unfortunately, it's due to seasonal maintenance and we can't accommodate your request for a refund. However, I can offer you a complimentary upgrade on your next booking.",polite,somewhat polite
"I'm sorry to hear about your concern with the medical coverage while traveling. Our policy typically covers medically necessary services, but it's always a good idea to review the specifics of your plan to ensure you're covered.",polite,somewhat polite
"I'm sorry to hear your flight was delayed due to bad weather. We're doing our best to get you to your destination as soon as possible. In the meantime, would you like me to check on any possible compensation or rebooking options for you?",polite,somewhat polite
"I'm happy to help you with your question about our vegan options. Unfortunately, our summer menu doesn't have any vegan burgers available, but we do have a delicious vegan salad that's very popular with our customers. Would you like me to recommend a few options?",polite,somewhat polite
"I'm happy to help you with your query about the upcoming workshop. The registration fee includes all materials and access to the online recording for a limited time. If you have any questions or concerns, feel free to reach out to our support team.",neutral,polite
"I'm happy to help you with your question about water sports lessons at our club. Can you please provide more details about the package you're interested in, and I'll do my best to assist you with any pricing or availability inquiries?",somewhat polite,polite
"Unfortunately, it seems like there was a delay in processing your loan application. I'd be happy to check the status again for you and provide an update on when you can expect to hear back from us.",somewhat polite,polite
"I'm afraid our seasonal summer menu doesn't include any gluten-free options for our famous ice cream sundaes. However, we do have a few other desserts that might suit your dietary needs.",somewhat polite,neutral
"Sorry to hear that your meal didn't quite meet your expectations. Can you please provide more details about the issue, such as the date and time of your visit and the specific items you ordered?",neutral,somewhat polite
"I'm sorry to hear that your team's membership renewal was declined due to outstanding fees. Our office hours are Monday through Friday, 9 AM to 5 PM, so please feel free to give us a call during that time to discuss possible payment options and resolve the issue.",polite,neutral
"I'm sorry to hear you're experiencing issues with your luxury hotel reservation. Our system indicates that the cancellation fee is due to a non-refundable deposit. However, I can offer you a complimentary upgrade to a higher room category on your next stay if you'd like to rebook within the next month.",neutral,somewhat polite
"I'd be happy to help you understand the fee. It seems to be a one-time charge for account verification purposes. If you have any further questions, feel free to ask!",somewhat polite,polite
"I'm happy to explain the fee you're seeing, but it's just our standard account maintenance charge. If you have any questions about it, I'd be happy to provide more details.",neutral,polite
"Unfortunately, your membership renewal for tennis lessons seems to be delayed due to system maintenance. Please allow 24 hours for the update to take effect, and you'll be able to access your account as usual.",somewhat polite,neutral
"Unfortunately, our current promotion has ended, but we do have some alternative offers available. Would you like me to walk you through those?",somewhat polite,neutral
"I'm sorry to hear that the new smart TV you purchased isn't working as expected. Can you please provide the serial number and a detailed description of the issue, so I can further assist you with a possible repair or replacement.",neutral,somewhat polite
"I understand you're concerned about the premium increase. Our company reviews rates annually to ensure we can continue providing comprehensive coverage. If you'd like, I can explain the details behind this adjustment.",polite,somewhat polite
"I'd be happy to help you understand the fee you're seeing. It's likely related to our standard account maintenance charges, which are assessed quarterly. If you'd like more details, I can provide them for you.",somewhat polite,polite
I'm sorry to hear you're having trouble with your racquet sports membership renewal. It seems like the system is asking for an additional fee for the upcoming season. I can explain the charges in more detail if you'd like.,polite,somewhat polite
"I appreciate your patience regarding the delayed payment processing. Unfortunately, our system is currently experiencing a higher volume of transactions, which is causing the delay. I can offer you an estimated timeframe for resolution.",polite,somewhat polite
"I appreciate your interest in our locally sourced produce. However, please note that our organic options are currently out of season and won't be available until the fall harvest begins. Would you like me to recommend some alternative, locally grown options that are in season?",somewhat polite,polite
"Unfortunately, our system has flagged your account for a security review, which is why you're seeing this fee. We'll send you a detailed explanation via email shortly.",somewhat polite,neutral
"I'm sorry to hear that your flight was delayed due to the bad weather. We do offer travel insurance, which can help cover unexpected changes in your travel plans. Would you like me to provide more information about our insurance options?",somewhat polite,polite
"Unfortunately, it seems that the estimated drop-off time for your rental car has been delayed due to unforeseen traffic congestion. I can offer you an alternative vehicle or provide a partial refund, whichever you prefer.",polite,neutral
I'd be happy to help you troubleshoot the issue with your project management software. It seems like the error message is indicating a compatibility problem with your browser. Have you tried updating your browser to the latest version or using a different browser to see if that resolves the issue?,polite,neutral
"I see you're inquiring about the racket sports membership fees for seniors during winter. The fees are reduced this season, considering the lower usage due to colder weather. Let me know if you need more information.",somewhat polite,neutral
"I'm not sure why our membership fees are so high for the upcoming season, but I guess it's standard for sports clubs to increase prices during peak months.",neutral,somewhat polite
"I'm happy to help you understand the charges on your statement. Our monthly maintenance fee is a standard charge for all accounts, and it's used to cover the costs of providing our services. If you have any questions or concerns about the fee, I'd be happy to provide more information or help you set up a payment plan if needed.",somewhat polite,polite
"Certainly, I can understand why you're concerned about the unexpected charges. Those are probably our standard annual policy fees. I can give you a detailed breakdown if you'd like.",polite,somewhat polite
"Certainly, I can understand your concern about the extra charge on your bill. That fee is typically associated with our premium drinks selection. Would you like me to explain further?",polite,somewhat polite
"I'm happy to help you with that! Our course on data visualization is a great way to improve your technical skills, and it's currently on sale for a limited time. Would you like me to walk you through the details?",somewhat polite,polite
"I'm sorry to hear that your flight was delayed due to a medical emergency on board. Unfortunately, our airline's policy is to prioritize the safety of all passengers, and in this case, that meant diverting the flight to the nearest airport. If you'd like to discuss possible compensation or a refund, I can provide you with more information on our procedures.",somewhat polite,neutral
"I'm sorry you're having trouble with your membership renewal for the tennis club. Our records show that it's due to an outstanding balance. If you'd like to pay the remaining amount, you can do so online or in-person at our office.",neutral,somewhat polite
"Unfortunately, your membership renewal for the tennis court wasn't processed on time due to a technical glitch, but you can still access the facilities for the rest of the month. I've escalated the issue to our membership team to ensure it's resolved for the upcoming season.",polite,neutral
"I apologize for the inconvenience, but our credit card processing fee is non-negotiable. If you have any questions or concerns, I'd be happy to help clarify the charges.",somewhat polite,polite
"I'm not sure why our membership fees are so high, but I'm sure it's worth it for the state-of-the-art equipment and expert trainers we have available. Can you confirm the details of my current plan, including any promotions or discounts that might be applicable?",somewhat polite,neutral
"I'm sorry you're seeing a high interest rate on your loan offer. This is likely due to our internal risk assessment, but I can explain the details if you'd like to proceed.",somewhat polite,neutral
"I'm happy to help you with your question about our seasonal dessert menu. Our summer specials are still available, but our winter menu will be launching soon. Would you like me to provide more information on our current offerings?",neutral,polite
"I'd be happy to help you with that. Our menu prices are subject to change, so it's possible the fee you're seeing is due to a recent update. If you'd like, I can check on the specifics for you.",neutral,polite
"Sure, I can help you with that. The policy for changes or cancellations depends on the type of ticket you purchased. I would be happy to assist you in checking the specifics if you provide me with more details.",neutral,polite
"Of course, I understand that you may have certain expectations when it comes to luxury travel. If there's anything you're not satisfied with, please let me know and I'll do my best to assist you.",polite,somewhat polite
"I apologize for the inconvenience, but our buffet policy clearly states that we charge a fee for each additional guest. If you'd like to add someone to your reservation, I can assist you with the necessary steps.",neutral,somewhat polite
"I'm happy to help you with the sizing issue on the dress. According to our policy, you can exchange it within 14 days with the original receipt.",neutral,polite
"Certainly, I can understand your concerns regarding the additional fees. These charges may be due to standard loan processing fees. Let me know if you would like more detailed information.",neutral,somewhat polite
"I've checked the schedule, and it seems that our water sports classes are fully booked for the summer season. However, I can offer you a spot on our waitlist in case of any cancellations.",neutral,somewhat polite
"I apologize for the inconvenience, but our store policy is to charge a restocking fee for returns. If you'd like to proceed with the return, please bring in the item and your receipt, and we'll be happy to assist you.",somewhat polite,polite
"Unfortunately, the prices you're seeing are due to high demand during peak season. If you're flexible with your travel dates, I can try to find you a better option.",somewhat polite,neutral
"As we're approaching the end of the year, I'd like to remind you that our insurance premiums are due soon. If you're experiencing any difficulties with your payment, please let me know and we can discuss possible options for spreading the cost or setting up a payment plan that suits your needs.",polite,neutral
"Just to confirm, the interest rate on that loan is fixed for the entire term, correct?",neutral,impolite
"I'm sorry to hear that you're having trouble finding a suitable time slot for our upcoming theater production. However, I can offer you a few options to consider. Would you like me to check for any last-minute cancellations or reschedule your booking for a different date?",somewhat polite,polite
"Unfortunately, our seasonal menu change has caused a temporary shortage of your favorite dish. We're expecting a new shipment next week, but I can offer you a substitute option that's just as delicious.",somewhat polite,neutral
"I'm not sure why the drink prices seem to be higher this summer, but I can offer you a discount on our seasonal specials if you'd like.",somewhat polite,neutral
"I'm not sure why your pizza order took so long, but I can offer a refund or a discount on your next purchase. Would you like me to look into it further?",neutral,somewhat polite
"I've checked our schedules, and it appears that the ferry you're looking to take is fully booked for the next two weeks. However, I can offer you an alternative option on a nearby route, which might suit your travel plans.",neutral,somewhat polite
"Unfortunately, our current loan promotions have ended for the season, but I can offer you a personalized quote based on your credit score and income. Would you like me to send you some options?",polite,somewhat polite
"Certainly, I can understand your desire to improve professionally. The cost associated with the workshop covers the expertise and resources provided. I can provide more information if you'd like.",polite,somewhat polite
"I'm happy to help you with your question about our regional menu offerings. Since you're visiting us during peak season, I want to let you know that some of our popular dishes might have a slight price increase. However, we're still offering our usual discounts for students and seniors, so be sure to ask about those when you place your order.",somewhat polite,polite
"We're expecting a high demand for our recreational sports leagues this summer, so I'd recommend registering for your preferred team sport as soon as possible to secure a spot.",polite,neutral
"I'd be happy to help you with your question about our sofa return policy. Since you've had it for over 6 months, I'm afraid it doesn't qualify for a full refund. However, I can offer you a 20% store credit towards a new purchase, which you can use within the next 3 months.",polite,somewhat polite
"Unfortunately, our martial arts classes are fully booked for the summer, but I can add you to our waitlist and let you know as soon as a spot becomes available.",polite,somewhat polite
"Absolutely, I understand that you're seeking assistance with improving your interpersonal skills in a professional setting. Our soft skills training program offers valuable resources and techniques to enhance your communication, leadership, and teamwork abilities. I'd be happy to provide more information if you're interested.",somewhat polite,polite
"I'm happy to help you with your question about our winter sports packages. It seems like there might have been an issue with the pricing, but I can assure you that our rates are competitive and transparent. If you'd like, I can provide more information on what's included in each package and help you find the best option for your needs.",somewhat polite,polite
"I'm happy to help you with your query about the additional fee on your luxury travel package. Our system automatically adds a small charge for premium services, which includes personalized concierge assistance and priority check-in. If you have any further questions or concerns, feel free to ask!",neutral,polite
"I'm sorry for the inconvenience, but our policy is to charge for grocery bags to encourage sustainability. You can bring your own reusable bags to avoid this fee in the future.",somewhat polite,polite
"I'm so sorry to hear that you're having trouble with the museum's membership renewal fee. It seems that the rate increase might be due to our annual subscription adjustment. If you'd like, I can provide more information on how it affects your current plan.",polite,somewhat polite
"I'm not sure why our seasonal summer menu isn't reflected in the prices, but I can offer you a discount on the next purchase if you'd like to try it out.",somewhat polite,neutral
"I appreciate your interest in our upcoming workshop on graphic design, but it seems the registration fee is higher than expected due to the new instructor's travel costs. If you're still interested, I can provide more information on the course content and see if we can offer any discounts for early registration.",polite,somewhat polite
"I apologize for the inconvenience, but it seems like there's a misunderstanding about the prices on our website. Our team can help you find a more suitable option or provide a refund if needed. Please let us know how we can assist you further.",somewhat polite,polite
"I'm happy to help you with your buffet concerns. Unfortunately, our seasonal promotion has ended, but we do offer a loyalty program that can provide you with exclusive discounts and rewards. Would you like to learn more about it?",somewhat polite,polite
"Sorry to hear that your order was delayed. I've checked on the status, and it seems our street food vendor is running a bit behind schedule due to the high demand during summer. Would you like me to expedite the order or provide a refund?",polite,neutral
"I appreciate your interest in our course on data analysis. However, the certification fee you're seeing is a standard processing charge, and it's not possible to waive it. If you have any further questions or concerns, I'd be happy to help you navigate our registration process.",somewhat polite,polite
"I'm afraid we can't offer any refunds for cancelled matches due to inclement weather. However, we can provide a credit towards a future booking if you'd like to reschedule.",somewhat polite,neutral
"The event you're interested in is sold out, but we do have a waiting list. If you'd like, I can add your name to it and let you know if any tickets become available.",polite,neutral
"Of course, I can help you with that. Our policy states that books can be borrowed for a period of three weeks, with the option to renew if there is no hold on the item. I trust this clarifies your query.",somewhat polite,polite
"Unfortunately, our current promotion is only available for online orders, but I can help you place an order and apply the discount code if you'd like.",neutral,somewhat polite
"I'm happy to help you with your local organic food order. Unfortunately, our delivery slots are fully booked for the next week due to high demand in the summer season. However, I can offer you an alternative pickup time at our store, which might be more convenient for you.",somewhat polite,polite
"I understand you're concerned about the additional fee on your statement. This is typically a one-time processing charge for our services. If you'd like more information, I can provide you with a detailed breakdown of the charges.",polite,somewhat polite
"We appreciate your interest in visiting our aquarium during the summer season, especially with kids. Unfortunately, our special summer exhibit is fully booked for the day you're planning to visit. However, we can offer you a complimentary upgrade to our VIP package if you're willing to visit on an alternate day.",somewhat polite,polite
"I'm happy to help with your dietary needs. Our gluten-free options are quite popular this time of year, especially with summer BBQs and outdoor events. If you're looking for something specific, I'd be happy to provide more recommendations or check availability in our stores near you.",somewhat polite,polite
The event you're referring to has been rescheduled due to unforeseen circumstances. We're working on updating our website and will have the new dates available shortly.,somewhat polite,neutral
"I'm happy to help you with your question about the new Lego set. Unfortunately, it's currently out of stock in our stores, but I can check if we have any available for online order or if we expect a restock soon.",neutral,somewhat polite
"I'm not sure why your membership renewal was declined, but I can check on the status of your payment for you.",somewhat polite,neutral
"Of course, I can understand why you might be concerned about the cost of the airfare. Our fees typically include the standard airline surcharges and taxes. Would you like me to break down the costs for you?",polite,somewhat polite
"I'm not sure why our membership renewal notice shows a higher fee this year, but I can look into it for you and see if there's a way to adjust it.",neutral,somewhat polite
"I'm happy to help you understand our bootcamp policies. Our pricing is based on a tiered system, and it seems you've been charged the higher rate due to the extended duration of the course. If you'd like to discuss further, I can provide more information on our pricing structure and see if we can adjust it for you.",somewhat polite,polite
"Certainly, I can assist you with the integration training. Please note that there may be a small fee associated with this service, but I can provide more information if you require.",somewhat polite,neutral
"We're sorry to hear that you're experiencing issues with the ticket prices for our upcoming play. Unfortunately, our seasonal pricing is in effect, but we do offer a discount for students and seniors. Would you like me to check if there are any available seats within your budget?",polite,somewhat polite
"Of course, I understand you're concerned about the charge. It's quite possible it's one of our regular service fees. I'd be happy to provide more information if you'd like.",polite,somewhat polite
You're still expecting us to cover the medical expenses for your trip after we already informed you that our insurance policy doesn't cover pre-existing conditions?,impolite,neutral
"I'd be happy to help you understand the fees associated with your loan. Can you please provide more details about your loan type and the fees you're seeing, so I can better assist you?",polite,somewhat polite
"Unfortunately, it seems like our system update last week may have caused some issues with your online course access. I can guide you through the troubleshooting steps to get you back on track.",polite,neutral
"I understand you're experiencing some issues with your flight booking. Unfortunately, due to the peak summer season, we've had a higher volume of requests, which may have caused the delay. I'll do my best to expedite the process for you and provide an estimated time of departure as soon as possible.",polite,somewhat polite
I'd be happy to help you understand the charges on your statement. It looks like there's a small fee for account inactivity. Would you like me to explain it in more detail?,somewhat polite,polite
I'm sorry to hear that our cheapest flight option is still quite pricey during peak season. Can I suggest looking into off-peak travel dates or package deals for a more budget-friendly option?,neutral,somewhat polite
"I'm not sure why the kayak rental prices are so high this summer, but I'm guessing it's just due to the increased demand for water sports during the peak season.",neutral,somewhat polite
"I appreciate your concern about the couch, but unfortunately, our summer sale has ended, and we're currently offering a 10% discount on all home furniture purchases made within the next two weeks. Would you like me to apply the discount to your preferred model?",somewhat polite,polite
"I've checked on the status of your trip, and it seems that your medical insurance wasn't properly linked to your travel account. This might be why you're seeing the additional fees on your bill. Let me see what I can do to resolve this for you.",neutral,somewhat polite
"I apologize for the inconvenience, but our fries are temporarily out of stock due to a supplier issue. We're working on restocking them as soon as possible, and I can offer you a complimentary drink to make up for the delay.",polite,somewhat polite
"Of course, I can understand why you might be confused about the additional fee. It's quite common in car rental services and is typically used to cover maintenance costs. I can provide you with a detailed explanation if you'd like.",polite,somewhat polite
"I'd be happy to help you with that! It looks like the item you're looking at is on sale, but the price you're seeing is still within the original price range. If you're interested in purchasing it, I can give you more information on the sale and help you check out.",polite,somewhat polite
"I appreciate your interest in our creative writing course. However, I wanted to clarify that it's only available to students who have completed our foundational course. If you've already taken that, I'd be happy to provide more information on our advanced courses or help you find a suitable alternative.",polite,somewhat polite
"I'm so sorry to hear that your flight was delayed due to bad weather. Unfortunately, we can't control the weather conditions, but we can offer you a complimentary upgrade on your next flight if you'd like to book another one with us.",polite,somewhat polite
"I'm afraid there's a small service charge added to your bill due to the high-end amenities we offer at our resort. If you'd like, I can provide more information about our pricing structure.",somewhat polite,polite
"Unfortunately, our summer specials menu is no longer available, but we're introducing a new autumn menu next week that you might enjoy. Would you like me to tell you more about it?",polite,neutral
"Unfortunately, our flight schedule has changed, and your original flight has been rescheduled for a later time. I can provide you with more information about the new flight details if you'd like.",somewhat polite,neutral
"Of course, I understand that you may have some concerns about the membership fees. Our standard membership includes access to all team sports facilities and equipment. I hope this clarifies things for you.",neutral,somewhat polite
"I'd be happy to help you with your dessert order. Could you please provide more details about the issue you're experiencing, such as the type of dessert and the date you ordered it?",neutral,somewhat polite
"Certainly, I can understand why you might be confused about the additional fee for our cruises and ferries. It covers the cost of facility maintenance and upkeep, ensuring a comfortable and enjoyable experience for all passengers. I hope this clarifies things for you. If you have any other questions or concerns, please don't hesitate to ask.",somewhat polite,polite
"Sure, I can help you with that, but I must warn you, our policies for skill development courses are quite strict. Any refunds or cancellations will incur a hefty fee.",impolite,somewhat polite
"I'm not seeing any issues with your current store credit, but I do need to inform you that it's subject to change based on our seasonal promotions. If you'd like to confirm the balance, I can look it up for you.",neutral,somewhat polite
"I appreciate your understanding as we're currently experiencing a high demand for our winter holiday gift cards. We're doing our best to restock them as soon as possible. In the meantime, you can try checking our online inventory for availability or visiting one of our nearby stores.",polite,somewhat polite
I'm sorry to hear that you're not satisfied with the bootcamp's curriculum. Our instructors are available to answer any questions you may have and provide additional guidance. Please let us know how we can better support you.,neutral,somewhat polite
"I'm sorry for any inconvenience with your recent home furniture purchase. Our return policy allows for exchanges or refunds within 30 days, as long as the item is in its original condition. May I assist you further with this?",polite,somewhat polite
"I'm afraid the ticket prices for this season are already quite high, but you might be able to find some last-minute deals if you're flexible with your travel dates.",neutral,somewhat polite
"Certainly, I can understand why you're concerned about the additional premium. It's a standard practice in our industry to adjust rates based on various factors. I'm here to help if you have any further questions.",neutral,somewhat polite
"I've checked on the fees you're being charged, and it appears they're related to our annual account review. If you'd like to know more about it, I can send over the details.",somewhat polite,neutral
"I'm sorry to hear that your flight was delayed due to bad weather. Unfortunately, it's not within our control, but I can offer you a voucher for a complimentary meal on your next flight with us.",polite,somewhat polite
"I understand that you're not happy about the wait time, but please keep in mind that we're in the middle of our busy season and doing our best to serve everyone as quickly as possible. Thank you for your patience.",somewhat polite,polite
"I apologize for the inconvenience, but our current sale on organic produce only applies to items purchased before the 15th of this month. You can still find great deals on other products, though.",polite,somewhat polite
"I'm so sorry to hear that your flight was delayed due to weather conditions. Unfortunately, these things happen, and we're doing our best to get you to your destination as soon as possible. If you'd like, I can provide you with more information on our compensation policies for delayed flights.",polite,somewhat polite
"We're experiencing some delays in baggage claim due to the summer rush, but I've checked on the status of your luggage and it should arrive shortly. If you haven't received it within the next hour, please let me know and I'll look into it further.",somewhat polite,neutral
"Unfortunately, our halal menu options are limited during Ramadan, but we do have a few dishes that cater to your dietary requirements. Would you like me to recommend some options?",somewhat polite,neutral
"Clearly, you've been overcharged at our bar. The excessive fee is due to a misunderstanding in our pricing system. I can clarify it further if you wish.",impolite,neutral
"I've taken a look at your resume, and I think there's a formatting issue with the dates. Could you clarify the correct dates for your previous positions?",neutral,somewhat polite
"Unfortunately, our ski rentals are fully booked for the weekend, but I can offer you an alternative location nearby that has some availability. Would you like me to provide more information?",polite,neutral
"I'd be happy to help you with your purchase, but it seems our system is still processing the payment for your new living room sofa. Can you please try again and let me know if the issue persists?",somewhat polite,polite
"I'm happy to help you with your order from our seasonal summer menu, but I need to let you know that the item you're asking about is no longer available due to high demand.",neutral,somewhat polite
"Certainly, I can assist you with that. Our soft skills training programs are designed to help individuals improve their communication and interpersonal abilities. We have a variety of options available based on your age and experience level.",neutral,polite
"We're experiencing a high volume of bookings during peak season, which might be causing the delay. I'll check on the status of your flight and get back to you as soon as possible.",polite,neutral
"I'm so sorry to hear that your flight was delayed due to the bad weather. Unfortunately, we can't control the conditions, but I can offer you a complimentary upgrade on your next booking to make up for the inconvenience.",polite,somewhat polite
"I'm happy to help you with your concern about the dress not fitting. If you'd like, we can exchange it for a different size or provide a refund. Please bring the receipt and the dress back to the store, and we'll take care of it for you.",somewhat polite,polite
I'm sorry to hear that our store's website is still not showing the correct price for the smart TV you're interested in. It's possible that our system is just experiencing a temporary glitch. Let me check on that for you.,somewhat polite,neutral
"I'm sorry to hear you're struggling with your membership fees for the tennis club. Our annual renewal rates do tend to increase in July to account for seasonal demand, but I can offer you a payment plan if that would be more manageable for you.",polite,somewhat polite
"I'd be happy to help you understand the skills assessment process. Our algorithm takes into account various factors, including your past projects and certifications. If you're unsure about any specific requirements, I can walk you through the details and provide additional guidance on how to improve your technical skills.",polite,somewhat polite
"I understand that our store's sale on 4K TVs ended last week, but we're still offering a discount on last season's models. Would you like me to check availability?",somewhat polite,neutral
"Considering you're in the midst of a creative project, I'd be happy to offer some suggestions on how to manage your time more effectively. Perhaps we could discuss some strategies for prioritizing tasks and minimizing distractions, especially during the busy summer months when inspiration can sometimes feel elusive. Would you like me to share some tips and resources?",polite,neutral
"The show we're running this month has been extended due to high demand, but unfortunately, it's already sold out. If you'd like to be notified about any last-minute availability, I can add you to our waitlist.",somewhat polite,neutral
"I'm sorry to hear your flight was delayed due to weather conditions. We're doing our best to get you to your destination as soon as possible. In the meantime, I can offer you a complimentary meal voucher or a hotel stay, whichever you prefer.",polite,somewhat polite
"I'm sorry to hear you're having trouble with our course material, but it seems like the issue might be due to outdated software. We've had reports of compatibility problems with our latest updates, and I can walk you through the steps to update your tools if you'd like.",neutral,somewhat polite
"I'm sorry to hear that you're experiencing issues with your high-end travel package. Unfortunately, our luxury tours often come with additional fees for premium services. However, I can check on the specific charges associated with your booking and provide more information if needed.",neutral,somewhat polite
"I understand you're having trouble with your surfboard rental. Don't worry, we can definitely help you resolve this. Can you please provide more details about the issue you're experiencing, and I'll do my best to assist you?",polite,somewhat polite
"I appreciate you bringing this to my attention regarding the buffet promotion. Unfortunately, it seems the discount has expired. However, I can offer you a complimentary dessert on your next visit if you provide a review of your experience.",polite,somewhat polite
"Certainly, I understand that you may have questions about the service charge on your account. It's a standard banking fee that we apply for account maintenance. If you need more details, I'd be happy to provide them for you.",somewhat polite,polite
"I'm sorry to hear that your meal was cold when you picked it up. Unfortunately, our policy is that we can't provide a refund or replacement unless you report the issue within 30 minutes of pickup.",neutral,somewhat polite
"I'm not sure why our training platform is giving you an error message, but it might be related to an update we pushed out last week. Can you try restarting your session and see if that resolves the issue?",somewhat polite,neutral
"Unfortunately, it seems our records indicate you've already exceeded your policy's coverage limit for this year. If you'd like to upgrade or adjust your plan, I can walk you through the options available.",somewhat polite,neutral
"Certainly, we can check if a substitute dish is available. I apologize for any inconvenience caused.",neutral,somewhat polite
"I've checked our schedules, and it seems that the ferry you're interested in is fully booked for the summer season. However, I can offer you a refund or a credit towards a future booking if you'd like to cancel your existing reservation.",neutral,somewhat polite
Sorry to hear that you're having trouble with your kayak rental. I'd be happy to help you troubleshoot the issue. Can you please tell me more about what happened and I'll do my best to assist you?,polite,somewhat polite
"I'd be happy to help you with that. According to our records, the course on effective communication is available online and can be accessed at any time. Would you like me to provide more information on the course content and pricing?",neutral,polite
"I'd be happy to help you with the toy return. According to our policy, you can exchange it for a different one or get a refund, as long as you have the original receipt and it's within 30 days of purchase.",somewhat polite,polite
Could you tell me more about what you're looking for? I'm happy to help you find it.,polite,somewhat polite
"Certainly, I can understand why you're concerned about the additional charge on your insurance policy. It's a standard practice and is likely related to the specific coverage you've chosen. I can provide more information if you'd like.",neutral,polite
"I appreciate your patience as we investigate the discrepancy in your account balance. Our team is working diligently to resolve this matter, and I'll be happy to provide an update once we have more information.",somewhat polite,polite
"I'm happy to help you with your question about the tennis court fees. Can you please confirm if you've already paid for the court time and if so, what's the specific issue you're experiencing?",somewhat polite,polite
"Unfortunately, we can't waive the interest on your overdue loan, but I can explain the calculation process to you if you'd like.",neutral,somewhat polite
"Certainly, I can understand why you might be confused about the cost. Our grocery and food section has a standard handling fee for perishable items. I can explain it further if you'd like.",neutral,polite
"I'm happy to help you with your buffet question, but unfortunately, our summer promotion has ended, and we're currently running a winter-themed buffet special. If you're interested in learning more, I can provide you with some details on our current menu and pricing.",neutral,polite
"I'd be happy to help you with your question about our water sports membership. Can you please provide more details about the issue you're experiencing with your membership, such as any difficulties you're having with our facilities or services?",neutral,polite
"I'd be happy to help you with your vegetarian options. We have a variety of dishes on our menu that are vegetarian-friendly, including our veggie burger and pasta primavera. Would you like me to recommend some options for you?",neutral,polite
"I'd be happy to help you with your query. According to our records, the discrepancy in your flight itinerary is likely due to a minor error on our part. We're working on resolving the issue as soon as possible. In the meantime, I can offer you a complimentary upgrade to our premium lounge services to make up for the inconvenience.",somewhat polite,polite
"I'm afraid we can't accept returns on that item without the original packaging, which you didn't provide when you purchased it.",neutral,impolite
"Certainly, I can assist you with that. Our policy for individual sports memberships states that fees are non-refundable, but I can help you understand the different membership options we offer.",neutral,polite
"I've checked our records, and it seems that the bootcamp you're interested in has a standard fee structure. However, we do offer a discount for early registration. Would you like me to provide more information on that?",neutral,somewhat polite
Would you like me to check if there are any seasonal specials on that dish? We have some lovely pumpkin-based soups this time of year.,polite,neutral
"Certainly, I can assist you with that integration training. Our fees are outlined clearly in our policies, but I'm here to help if you have any questions.",polite,neutral
"I'm sorry to hear that our museum's special exhibit on ancient civilizations has been closed for renovations during your visit. If you're interested, we can offer a complimentary ticket to our next exhibit on modern art, which opens next month.",neutral,somewhat polite
"Of course, I can help you with that. In order to proceed, I would need some more information about your inquiry. Can you please provide more details?",neutral,somewhat polite
"I'm sorry to hear that our toy store didn't have the action figure in stock. Our inventory is usually updated weekly, but I can check again for you. Would you like me to look into ordering it for you?",neutral,somewhat polite
"I'm happy to help you with your question about our new summer menu. We've had a lot of customers ask about the vegetarian options, and I can tell you that our grilled portobello mushroom burgers are a popular choice. Would you like more information about our menu or to place an order?",somewhat polite,polite
"Certainly, I can assist you with that. For our integration training in professional development, there may be a small fee to cover the cost of materials and instructor time. I can provide more details if you'd like.",somewhat polite,neutral
"Are you really trying to return a toy that's been opened and played with? Our return policy is clear - items must be in their original packaging with all tags attached. If you'd like to make a purchase, I'd be happy to help you find something else.",impolite,polite
"Unfortunately, our summer menu doesn't include any vegan options that are gluten-free. However, I can recommend some of our seasonal salads that are made with locally sourced ingredients and are free from common allergens.",polite,neutral
"I apologize for the inconvenience, but our sports equipment rental policy is clearly stated on our website. If you're experiencing any issues, please reach out to our customer support team and we'll be happy to assist you.",somewhat polite,polite
"Unfortunately, our records indicate that you've exceeded your credit limit. If you'd like to discuss possible options for increasing your limit or making alternative payment arrangements, I'd be happy to help you explore those further.",somewhat polite,neutral
"I'm sorry to hear you're experiencing issues with your membership renewal for the upcoming season. Our prices do tend to increase around this time of year, but I can offer you a 10% discount if you renew now. Would you like me to apply the discount?",polite,somewhat polite
"Certainly, I can help you understand the charges. Our bar has a cover charge during peak hours, which may explain the fee you were charged.",neutral,somewhat polite
"Of course, I can help you with that. In order to proceed, I may need some additional information such as your account number or the item's serial number. Let me know how you would like to move forward.",neutral,polite
"I've checked on the status of your flight, and it appears to be delayed due to unforeseen weather conditions. I can offer you a refund or rebooking options, whichever you prefer.",somewhat polite,neutral
"While I understand that the progress tracking system can be frustrating, my job is to provide assistance, not to deal with your attitude. If you have specific questions or issues, I'm here to help.",impolite,polite
"Certainly, I can assist you with that. The cost associated with the workshop is typically for materials and instructor time. I can provide a detailed breakdown if you'd like.",polite,neutral
"I apologize for the inconvenience, but it seems that the discount code you're using is expired. You can try reactivating it or using a different one for your purchase.",somewhat polite,polite
"Unfortunately, our membership rates do increase every summer, so the fee you're seeing is likely due to the new season. If you're interested, I can provide more information on our pricing plans.",neutral,somewhat polite
"I understand you're concerned about the loan application process. Our system typically takes 3-5 business days to review, but sometimes it may take longer due to high volume. I can provide you with an estimated timeline if you'd like.",polite,somewhat polite
"Unfortunately, our water sports lessons are fully booked for the summer season. I can offer you a spot for the next available session in the fall, but you'll need to provide a credit card to secure the reservation.",neutral,somewhat polite
"I'm happy to help you with your question about the hiking boots. Unfortunately, they're currently out of stock, but we do have some similar options available in our nearby store. Would you like me to check availability and reserve a pair for you?",somewhat polite,polite
I'd be happy to help you with your international food delivery. Can you please provide more details about the issue you're experiencing with your order?,neutral,somewhat polite
"Certainly, we can assist you with that. In order to facilitate your request, could you please provide me with the necessary details? I am more than happy to help you navigate our theater's policies and procedures.",somewhat polite,polite
"I'm sorry to hear that you're experiencing some issues with your travel insurance claim. Our policy clearly states that pre-existing medical conditions are not covered, but I can help you review the fine print and answer any questions you may have about the process.",polite,somewhat polite
"Unfortunately, it seems our museum's summer hours have changed, and we're now closed on Tuesdays. I can provide you with a map to find alternative cultural attractions in the area if you're interested.",polite,neutral
"Certainly, I can assist you with the integration training. Please note that there may be associated fees for this service, which cover the resources and support provided. If you require more specific information, don't hesitate to ask.",somewhat polite,neutral
"Certainly, I can assist you with that. Our car rental fees typically include insurance and maintenance costs, which might be the reason for the additional charge you've noticed.",somewhat polite,neutral
"Unfortunately, we're unable to accommodate your request for a complimentary upgrade due to our current booking policy. However, I'd be happy to help you find a suitable alternative option that fits your needs.",neutral,somewhat polite
"Unfortunately, the item you're looking for is currently out of stock, but we're expecting a new shipment soon. Would you like me to put it on backorder for you?",somewhat polite,neutral
I'm happy to help you with that! It seems like you're having trouble with the new software update. I'd be happy to walk you through the troubleshooting steps or provide more information on how to use the new features effectively.,somewhat polite,polite
"Certainly, I can understand why you might be concerned about the price difference. The new toy line we've introduced includes some higher-priced items, as they come with additional features. Let me know if you have any questions about those.",polite,somewhat polite
"I'm happy to help you with your dessert order. Unfortunately, our seasonal fruit tart is currently out of stock, but I can offer you a similar option from our summer menu. Would you like me to recommend something?",somewhat polite,polite
"I'm so sorry to hear that our seasonal summer menu didn't quite meet your expectations. We're actually phasing it out for the fall season, and our new menu will be launching soon. Would you like me to provide more information on our upcoming offerings?",polite,somewhat polite
I'd be happy to help you with that. It seems like there might be a small monthly fee associated with your account. Can you please confirm the type of account you have and I'll do my best to provide more information?,somewhat polite,polite
"We're experiencing a high volume of inquiries this summer due to the school break, but I can still provide information on our upcoming theater workshops. However, please note that our website hasn't been updated with the latest schedules, so I recommend checking with our customer service team directly for the most accurate information.",somewhat polite,neutral
"I'd be happy to help you understand the fee. It's likely a one-time charge for account inactivity. If you'd like to avoid it in the future, I can walk you through some options.",somewhat polite,polite
"I'm sorry to hear that our toy was out of stock during the holiday season. Unfortunately, we can't guarantee restocking popular items like that, but we can offer a store credit or a refund if you'd like to exchange it for something else.",neutral,somewhat polite
"I appreciate your patience as we review your policy. It seems there's a discrepancy with your premium payments, and I'm checking on it for you.",somewhat polite,polite
"I'm happy to help you with your query about our halal menu options. Please note that our kitchen is certified halal, and we take pride in serving a variety of dishes that meet the dietary requirements. However, please be aware that our suppliers may occasionally change their products, which might affect the availability of certain halal options. If you have any specific questions or concerns, I'd be more than happy to assist you.",neutral,somewhat polite
"I'm sorry for the inconvenience you've experienced with the hiking gear you purchased. Our return policy allows for returns within 30 days of purchase, as long as the item is in its original condition. Please bring in your receipt for a smooth return process.",somewhat polite,polite
"I'm sorry to hear that your membership renewal was denied due to non-payment of the annual fee for our combat sports classes. If you could send us a payment confirmation or make the payment now, we'll be happy to reinstate your membership.",somewhat polite,polite
"I'm not sure why our system is showing an overdraft fee, but I can check on it for you. Can you please provide the date and amount of the transaction that's causing the issue?",somewhat polite,neutral
"I'm checking on the status of your luggage, and it appears to be delayed due to unforeseen circumstances. I'll do my best to expedite the process and have it delivered to you as soon as possible.",neutral,somewhat polite
I'm sorry to hear that our store's toy inventory is out of stock for the popular summer action figures. Can I check on restocking dates for you?,neutral,somewhat polite
"I'm happy to help you with your bootcamp registration issue. Can you please provide more details about the problem you're experiencing, such as the error message you're seeing?",somewhat polite,neutral
"I don't appreciate being told that our store's prices are higher than the competition without any proof. If you have a problem with our prices, I'd be happy to help you find a more affordable option.",impolite,somewhat polite
Sorry to hear that your train ticket has been delayed. I can try to assist you in finding an alternative schedule or provide a refund if that's what you'd prefer.,somewhat polite,polite
"Are you seriously asking me to restock the expired milk you purchased last month? I'm happy to help with a replacement, but you'll need to provide proof of purchase and it's on the house this time.",impolite,polite
Sorry to hear that you're having trouble finding a suitable water sports equipment rental for your upcoming trip. Can I help you check our availability and pricing for the season?,polite,somewhat polite
"Certainly, I can help you with that. To visit the aquarium during the peak season, we recommend purchasing tickets in advance to ensure availability. I hope this information is helpful.",somewhat polite,polite
"Sure, I can understand why you're concerned about the additional cost. Our business class tickets do include some additional fees for services and amenities. I can provide a breakdown of those charges if you'd like.",neutral,somewhat polite
"Unfortunately, the course you're interested in requires a specific certification, but I can guide you through the process of obtaining it. It's a one-time fee and will be added to your account.",somewhat polite,neutral
"Certainly, for a small fee, you can gain entry to our beautiful botanical garden. The fee helps us maintain the various plant species and educational exhibits. I hope you have a great time learning about different plants and their importance in our ecosystem.",somewhat polite,polite
"Certainly, I can assist you with that integration training. We include a small fee to cover the cost of providing this service. Please let me know if you have any other questions.",polite,neutral
I'm sorry for the inconvenience with the toy order. We can arrange a replacement or refund if you return it in its original condition within 30 days. Please let me know how you would like to proceed.,polite,somewhat polite
I'm so sorry to hear that your medication wasn't properly packed in your luggage. Let me check on the status of your prescription and see if we can expedite the delivery or provide an alternative arrangement to get you the medication you need.,polite,somewhat polite
"I'm sorry to hear that our store's website is not loading properly on your mobile device. Our IT team is working on resolving the issue, and we appreciate your patience and understanding in this matter.",polite,somewhat polite
I'm sorry to hear that our virtual reality exhibit is closed due to maintenance. I can offer you a full refund or a complimentary ticket to our next exhibit once it's reopened. Would you like me to assist with either option?,polite,somewhat polite
I'd be happy to help you with that! It sounds like you're looking to improve your communication skills. Have you considered taking an online course or attending a workshop to help you develop those skills?,neutral,somewhat polite
"I'd be happy to help you with that refund. However, since you purchased the winter jacket in January, it's outside our return window. I can offer you store credit towards a new purchase.",somewhat polite,polite
I'd be happy to help you with that! Our online courses on effective communication can definitely help you improve your soft skills. Would you like me to provide more information on the course content and pricing?,polite,somewhat polite
"I'm not sure what's causing the discrepancy in your museum membership fees, but I can check on the status for you. Can you please provide your membership number so I can look into this further?",somewhat polite,neutral
"Certainly, I can understand why you might be confused about the registration process for the creative skills workshop. Our system requires a small fee to cover administrative costs. I can provide more details if you'd like.",polite,somewhat polite
"I appreciate your concern about the late payment fees. Our records show that your account was charged a penalty due to the missed payment deadline. However, we can waive this fee if you pay the outstanding amount within the next 48 hours. Please let me know if you'd like to proceed with the payment.",polite,neutral
"Unfortunately, your membership renewal for tennis courts was declined due to an expired payment method. Please update your payment information to avoid any further disruptions.",polite,neutral
"I'm happy to help you with your query about the new arrivals in our accessories section. Unfortunately, the sale you're referring to has ended, but we do have some great deals on our summer collection that I can recommend.",polite,somewhat polite
"I apologize for the confusion, but our street food specials are only available during peak season. If you'd like to try them, I recommend visiting us within the next few weeks.",polite,somewhat polite
"Certainly, I can assist you with improving your creative skills. Our professional development courses cover a range of creative topics and are designed to help you learn and grow. I recommend exploring our course catalog to find the right fit for you.",neutral,polite
"I'd be happy to help you understand the fee you're being charged. It's likely a processing fee for the transaction, and it's usually a one-time charge. If you have any questions or concerns, feel free to ask and I'll do my best to clarify things for you.",somewhat polite,polite
"I'd be happy to help you with that. It seems like there was an issue with your flight booking, and I can assist you in finding an alternative solution.",somewhat polite,polite
Can I get a large fries with that?,neutral,somewhat polite
"Unfortunately, our summer salad promotion has ended, but we're offering a new seasonal menu starting next week. Would you like me to provide more information about the current options?",somewhat polite,neutral
"I'm sorry to hear that our new arrivals aren't available in your size. We typically restock our inventory every two weeks, so you might want to check back then.",neutral,somewhat polite
I'm sorry to hear that the dolphin show at the aquarium was cancelled due to technical difficulties. I can offer you a refund or a complimentary ticket to a future show if you'd like.,neutral,somewhat polite
"Absolutely, I can assist you with that. For our combat sports classes, there is a membership fee that varies depending on the duration and type of training. I can provide you with a detailed breakdown if you'd like.",somewhat polite,neutral
"I'm afraid our summer exhibit is fully booked, but we do have a waiting list available. Would you like to add your name to it?",somewhat polite,neutral
"I understand that you're having some issues with your membership fees for the boxing classes. We've had some seasonal price adjustments, and it seems like that's the reason for the increase. If you'd like, I can provide more information on our pricing policy and see if there's anything we can do to accommodate your budget.",polite,somewhat polite
"Certainly, I understand that you have a question regarding the art gallery's entry fee. The fee is typically $10 for adults, but we do offer discounts for students and seniors. It's also waived for members of the gallery.",neutral,somewhat polite
"I'm happy to help you with your dessert concerns. It seems like there might have been an issue with the price of our seasonal summer dessert, the strawberry shortcake. We're currently running a promotion, and I can offer you a 10% discount on your next purchase if you can provide me with the receipt.",somewhat polite,polite
"During spring, our botanical garden is in full bloom and quite captivating. You can expect to see vibrant flowers and lush landscapes. Entrance fees are required to ensure the garden's upkeep for everyone to enjoy.",somewhat polite,polite
"I'm sorry to hear that our ice cream flavors haven't been meeting your expectations this summer. We're constantly rotating our menu to ensure our customers stay satisfied. If you'd like, I can provide you with a list of our current flavors and suggest some other options that might be more to your liking.",neutral,somewhat polite
"I'm happy to help you with your inquiry about our winter sports packages. Can you please provide more information about the package you're interested in, such as the duration and type of activities included? That way, I can better assist you with any questions or concerns you may have.",neutral,polite
"Unfortunately, our current promotions have ended, but I can suggest some alternative options for you to consider. Would you like me to look into those?",neutral,somewhat polite
"I apologize for the inconvenience with your recent grocery order, but it seems the delay was due to high demand over the summer season. We're doing our best to catch up with the increased volume.",polite,somewhat polite
"Unfortunately, our cultural tour guide was unable to make it to the meeting point on time due to unforeseen traffic issues. We apologize for the inconvenience and will provide a complimentary upgrade to a private tour to make up for the delay.",neutral,polite
"I'm happy to help you with your question about our home decor section. However, it seems like our current sale on summer furniture has caused some confusion. If you're looking for a specific item, I can check our inventory for you, but please note that our staff is on summer break, and response times may be slower than usual.",neutral,polite
"Certainly, I can understand why you're concerned about the annual fee on your account. It's a standard practice in banking to charge a fee for account maintenance. I can provide more information if you'd like.",neutral,somewhat polite
"I appreciate your enthusiasm for the upcoming play, but I should let you know that the weekend showtimes are already sold out due to the summer break. However, we do have a special discount for students, and you can get tickets for the weekday evening shows at a lower price.",somewhat polite,polite
"I'm happy to help you plan your visit to our botanical garden. Unfortunately, our summer flower exhibit is already closed for the season, but our indoor tropical garden is still open and features a variety of plants from around the world.",somewhat polite,polite
"Certainly, I understand that you may have questions regarding the service fee on your account. It's a standard charge for our banking services. If you'd like more specific information, please let me know.",somewhat polite,polite
"I'd be happy to help you with your buffet inquiry. Our daily specials are quite popular, but I can check if we have any availability for the weekend. Would you like me to reserve a spot for you?",somewhat polite,polite
"I'm not sure why our bootcamp's registration fee is so high, but I suppose it's worth it for the networking opportunities and skills you'll gain. Can you tell me more about what's included in the price?",somewhat polite,neutral
"I'm sorry to hear you're having trouble finding the product you need. Our health and beauty section usually carries a wide range of items, but it's possible we're currently out of stock. Would you like me to check availability at nearby stores or assist you with a special order?",somewhat polite,neutral
"I'm happy to help you with your membership renewal, but I need to let you know that the price increase is due to our new seasonal fees, which take effect on August 1st. If you're interested in continuing your membership, I can offer you a special promotion for a limited time.",somewhat polite,polite
"I'm sorry to hear that you're having trouble with your ski rental. We do offer a damage waiver for an additional fee, which might be the cause of the extra charge. Would you like me to explain it in more detail?",polite,somewhat polite
"I appreciate your patience as we review your account. It seems there's been an adjustment to your balance due to an outstanding payment from last quarter, which is now past due. Can you confirm your payment method so we can assist you further?",somewhat polite,polite
"I'm happy to help you understand our integration training process. It seems like you're experiencing some difficulties with the onboarding. Let me clarify that our system requires a minimum of 30 days to sync all the necessary data. If you're still facing issues, please provide more details, and I'll do my best to assist you further.",neutral,somewhat polite
"I'm sorry to hear that our menu hasn't been updated on the website, but we do have a new seasonal item available in-store right now. Would you like me to tell you more about it?",neutral,somewhat polite
"The event you're referring to was unfortunately cancelled due to unforeseen circumstances, but we're offering a full refund to all attendees. Would you like to receive a voucher for our upcoming production instead?",polite,neutral
"I'm happy to help you with your inquiry about our team sports leagues. Can you please provide more details about the issue you're experiencing, such as the team name and the specific problem you're facing?",polite,neutral
"Unfortunately, it seems like your membership renewal fee is a bit higher than usual this season. Our annual fee for team sports typically increases by 5% around this time of year, but I can look into it further to see if there's anything we can do to help you out.",polite,somewhat polite
"I'd be happy to help you with that. According to our menu, all of our dishes are halal-certified, but if you have specific dietary requirements, please let me know and I can check with our chef.",neutral,somewhat polite
"Of course, I understand that you're seeking a more luxurious experience while traveling. Our premium package includes additional perks such as priority boarding and access to our exclusive airport lounges. I can provide more information about this upgrade if you're interested.",somewhat polite,polite
"I'm happy to help you with your home decor purchase. However, I need to let you know that the item you're interested in is currently out of stock. Would you like me to notify you when it becomes available again?",neutral,polite
"Sure, I can assist you with that. Our team sports memberships do include a joining fee, which covers the cost of equipment and facility maintenance. Let me know if you have any other questions.",somewhat polite,neutral
"Unfortunately, our strawberry shortcake has been sold out since last week due to high demand over the summer holidays. However, we're expecting a new shipment of fresh strawberries next week, and I can put you on our waitlist if you'd like to be notified when they arrive.",polite,neutral
"I'm happy to help you understand the recent credit card charge on your statement. It appears to be a one-time processing fee associated with a recent transaction. If you'd like more information, I can provide you with the details.",somewhat polite,polite
"I'm happy to help you with your flight booking, but I want to clarify that the price you're seeing is our standard economy fare for the season. If you're looking for a more budget-friendly option, I can suggest some alternative routes or travel dates.",neutral,somewhat polite
Can you please confirm the account details you're referring to? I'd be happy to help you understand the charges you're seeing.,neutral,somewhat polite
"Unfortunately, our squash court is currently closed for renovations until the end of the summer, but we're offering a discounted membership rate for the fall season if you're interested in joining after the renovation is complete.",polite,neutral
"I'm sorry to hear that you're having trouble finding a particular item in our store. Our selection varies by season, and some products may not be available year-round. I can check if we have any stock in our other locations or recommend a similar product if that would be helpful?",somewhat polite,neutral
"Unfortunately, our policy states that all sales are final, but I can offer you a discount on your next purchase.",neutral,somewhat polite
"Certainly, I can assist you with that integration training. Our fees are outlined in our terms of service, but I'd be happy to provide more information if you need it.",polite,neutral
"Certainly, I can understand your concerns regarding the additional charge. This fee is associated with the annual credit card membership charge, which is typically billed during this time of the year.",polite,somewhat polite
I'm sorry to hear that our store is out of your preferred brand of sparkling water. We're expecting a new shipment to arrive next week. Would you like me to reserve one for you?,neutral,somewhat polite
"I understand you're concerned about the extra charge on your ticket. Our system sometimes adds a small fee for seat selection, but I can help you adjust it if you'd like. Would you like me to take a look?",polite,somewhat polite
"Unfortunately, it seems that our workshop registration process is currently experiencing some technical difficulties. I'd be happy to guide you through the troubleshooting steps or offer an alternative registration date if needed.",somewhat polite,neutral
"I'm sorry to hear about the medical issue you experienced during your travels. While we strive to ensure the comfort and safety of all our customers, occasional mishaps can occur. If you have any documentation or receipts related to this incident, we can discuss potential solutions to address your concerns.",somewhat polite,polite
"Certainly, I can understand if you're concerned about the cost of the bootcamp. It includes access to a wide range of resources and personalized coaching to help you reach your professional goals. Let me know if you'd like more information.",somewhat polite,polite
"I'd be happy to help you with that. For technical skills development, I recommend checking out our online tutorials and webinars, which are free and accessible to all our customers. Additionally, we offer personalized coaching sessions at a discounted rate for our premium members.",somewhat polite,polite
"Unfortunately, our team's membership fees don't include access to exclusive tournaments, but we do offer discounts for students and seniors during the off-season.",polite,neutral
"I'm happy to help you with your membership fees, but it seems there's been an error on our end. Let me look into it and see what we can do to get it sorted out for you.",polite,somewhat polite
"Unfortunately, the fee you're seeing is due to an automatic transfer to cover our account maintenance costs. If you'd like, I can explain the process in more detail.",polite,neutral
"Certainly, I can understand why you might be concerned about the extra charge on your account. It's due to our standard insurance premiums that are mandatory for all accounts. I can provide you with more information if you'd like.",somewhat polite,polite
"Our bootcamp is designed for individuals with some prior experience in programming. If you're feeling overwhelmed, you can reach out to our support team for guidance. They'll be happy to help you stay on track and ensure you're getting the most out of the course.",neutral,polite
"I appreciate your enthusiasm for learning Python, but it seems like the course you're interested in is only available online. Would you like me to provide more information on our upcoming in-person workshops?",polite,somewhat polite
"I'm afraid our winter sports equipment is on backorder due to high demand, but we're expecting a new shipment next month. Would you like me to reserve one for you when they arrive?",somewhat polite,neutral
"I've checked our system, and it appears your flight was delayed due to weather conditions. Unfortunately, we can't provide any compensation for the inconvenience, but I can offer you a voucher for a future flight.",neutral,somewhat polite
"Unfortunately, our current system is unable to process credit card payments for online transactions due to a technical glitch. We're working to resolve this issue as soon as possible and appreciate your patience and understanding.",neutral,somewhat polite
"I'm not sure why our team's schedule changed without notifying you, but I can help you reschedule a match if you'd like.",somewhat polite,neutral
Sorry to hear that your pizza order took a bit longer than expected. I've checked on the status and it looks like we're experiencing some seasonal delays due to the summer rush. I'll go ahead and offer you a 10% discount on your next order to make up for the wait.,polite,somewhat polite
"I'm happy to help you with your question about our menu prices. It looks like the fee you're seeing is due to a limited-time promotion we're running. If you'd like, I can explain more about the offer and see if there's anything we can do to make it work for you.",polite,somewhat polite
"I'm happy to help you with your creative skills training. It seems like you're having trouble accessing our online tutorials. I've checked on our end, and it looks like there was a temporary glitch. I've escalated the issue to our technical team, and they'll get it resolved ASAP. In the meantime, I can provide you with some alternative resources to help you get started.",polite,somewhat polite
"I apologize for the inconvenience, but our current sale on 4K TVs ends this weekend. If you'd like to take advantage of the discounted price, I recommend making a purchase before Saturday.",polite,somewhat polite
"I'm sorry to hear that our menu hasn't been updated to reflect the summer specials. We do have a new chef's table promotion available until the end of the month, though, and I can give you more information about that if you're interested.",neutral,somewhat polite
"I'm sorry to hear about your difficulty understanding the art gallery's entry fees. They are in place to help us maintain and preserve the artwork for everyone's enjoyment. If you need more information, I'd be happy to provide it.",somewhat polite,polite
"Certainly, we can help you upgrade your technical skills with our professional development courses. You can explore our offerings on our website and sign up for the ones that interest you.",neutral,polite
"I've checked on your flight, and it appears there was a slight delay due to bad weather, which is why you're experiencing a longer layover. I can offer you a complimentary meal voucher to make up for the inconvenience.",somewhat polite,polite
"I'm afraid our summer exhibit is fully booked until the end of August. However, we do have some upcoming events in September that you might be interested in. Would you like me to send you a list of our upcoming programs?",somewhat polite,neutral
"'I understand that you're concerned about the mature content in the current exhibition. While we do aim to show a diverse range of art, we also want to ensure that all of our visitors feel comfortable. I can provide you with a list of alternative exhibitions that may be more suitable for your child.'",neutral,somewhat polite
"Unfortunately, the expiration date on our product is clearly listed on the packaging. If you've purchased it recently, it's likely just a matter of using it before it goes bad. If you're still unsure, I can provide more information on how to check the product's freshness.",polite,impolite
"I'm sorry to hear that you're having issues with your team sports membership renewal. It seems like there might have been a problem with our automated payment system, which can happen during peak registration seasons. Let me see what I can do to help you get back on track.",polite,somewhat polite
I'm not seeing any discounts or promotions available for the items you've selected. Would you like me to check again or help you find something else within your budget?,neutral,somewhat polite
I appreciate your patience as we process your loan application. Please note that our underwriting team may require additional documentation to finalize the approval process.,polite,somewhat polite
"Certainly, I understand you have questions about the fusion dish. Our chefs use a combination of techniques and ingredients from different cuisines to create unique flavors. I'm here to help if you'd like more information.",somewhat polite,polite
"We're currently offering a limited-time discount on our guided tours of the botanical garden, but it's only valid for tickets purchased before the end of the month. Would you like me to add it to your existing booking?",polite,neutral
"Sorry to hear that our seasonal menu isn't quite meeting your expectations this summer. I'd be happy to suggest some alternative drinks that are more to your liking, or we can even make a fresh batch of our signature smoothie for you to try.",polite,somewhat polite
"I'm sorry to hear that the new seasonal menu at our food truck isn't meeting your expectations. Our summer specials are designed to be light and refreshing, but we understand that they might not be to everyone's taste. If you have any other questions or concerns, feel free to ask.",neutral,somewhat polite
"I'm happy to help you with your concern about the delayed delivery of your sports equipment. Unfortunately, our shipping partner is experiencing some issues, but we're working to resolve it as soon as possible. In the meantime, I can provide you with a tracking update and an estimated delivery date.",somewhat polite,polite
"I'd be happy to help you with the issue you're experiencing with your new smart TV. However, it seems that the problem may be related to a compatibility issue with your router, which is not covered under our standard warranty. If you'd like to proceed with a repair or replacement, please let me know and I can guide you through the next steps.",somewhat polite,polite
"Unfortunately, our soccer league is currently at full capacity, but I can add you to our waitlist. If a spot opens up, we'll be in touch with you directly.",somewhat polite,neutral
"I'd be happy to help you with your winter sports membership. Our fees are seasonal, and it seems like you might be seeing a charge related to the upcoming ski season. If you're interested, I can provide more information on our pricing and packages.",neutral,polite
I'm not sure why you're being asked to pay for a museum membership when you've already donated to our charity event last quarter. Can you please clarify this with our membership department?,neutral,impolite
"I'm sorry you're seeing that fee, but it's just our standard overdraft charge. If you'd like to discuss it further, I can provide more information on our policies.",neutral,somewhat polite
"I'd be happy to help you with that. It seems like there's a discrepancy with the course fee, but don't worry, I can walk you through the refund process and provide more information on our soft skills training programs.",somewhat polite,polite
"Your credit score may have been affected by the recent hard inquiry, but it's not a cause for concern. We can help you understand the impact and provide guidance on how to improve it.",polite,neutral
I'd be happy to help you understand the charge on your statement. It appears to be a processing fee for a recent transaction. Would you like me to walk you through the details?,somewhat polite,polite
"Sorry to hear you're having trouble finding a tennis court with a decent racket stringing service. We do have a partnership with a local pro shop that offers top-notch stringing, but it's currently closed for the off-season. Would you like me to provide you with their contact info for when they reopen in a few months?",polite,somewhat polite
"I'm happy to help you with that! Our racket sports membership fees are usually due quarterly, but if you're experiencing any issues, we can work out a payment plan that suits you. Let me see what I can do to assist you further.",polite,somewhat polite
"I'm sorry to hear that our store's winter collection isn't meeting your expectations. Our spring inventory is arriving soon, and you might find something you like then. In the meantime, I can offer you a 10% discount on your next purchase if you'd like to try something else from our current selection.",neutral,somewhat polite
"I'm afraid our summer menu is only available during the warmer months, but we do have some lighter options available year-round if you're looking for something a bit more refreshing.",somewhat polite,neutral
"I understand your concern about the additional fee on your recent booking. It's likely due to the peak season travel surcharge, which is a standard practice for many airlines. If you'd like, I can provide more information on how this fee is calculated and what you can expect for your upcoming trip.",somewhat polite,polite
"I'm afraid we can't accept your damaged item for a refund without a valid receipt. If you have one, please bring it in, and we'll be happy to assist you further.",neutral,somewhat polite
"Unfortunately, it seems our water sports lessons are fully booked for the summer season, but we can offer a waiting list or schedule a session for next year if you're interested.",somewhat polite,neutral
"I'm not sure why your membership renewal fee is so high, but it's probably just a standard charge for the season. If you'd like more information, I can try to look into it for you.",neutral,somewhat polite
"I'm so sorry to hear that our art exhibit is not meeting your expectations. We strive to create an immersive experience, and it's clear that we fell short. Can you tell me more about what you were hoping for, and I'll do my best to make it right?",polite,somewhat polite
"I've checked our menu and we have a variety of vegetarian options available, including our signature veggie burger and a fresh salad with seasonal vegetables. Would you like me to recommend something specific?",neutral,somewhat polite
"Unfortunately, our peak season rates apply for the next few months. If you'd like to book a room, I can offer you a discounted rate if you're willing to take a room with a shared bathroom.",neutral,somewhat polite
"We're currently experiencing a high volume of visitors during the summer break, so our museum hours may be extended to accommodate everyone. However, please note that our staff are taking a short break from 2 pm to 3 pm for lunch, so some areas might be temporarily closed.",polite,neutral
"I'm happy to help you with your buffet concerns. Unfortunately, our summer promotions have ended, and the prices have reverted to our regular seasonal rates. However, I can offer you a 10% discount on your next visit if you dine with us before the end of the month.",somewhat polite,polite
"I'm happy to help you with your question about our seasonal menu. Unfortunately, our summer specials have already ended, but we're introducing some exciting new dishes for the fall season that you might enjoy. Would you like me to tell you more about them?",somewhat polite,polite
"I'm sorry to hear that our menu item wasn't to your liking. If you'd like to try something different, I can give you some recommendations for our seasonal specials.",neutral,somewhat polite
"I'm happy to help you with your inquiry about the street food stall. According to our records, their operating hours are usually from 11 am to 9 pm, but it's always best to check with them directly for the most up-to-date information.",neutral,polite
"I'm afraid there's been a delay with your luggage transfer due to the high volume of passengers during peak season. We're doing our best to get it to you as soon as possible, but it might take a few more hours.",somewhat polite,neutral
"I'm sorry to hear you're experiencing issues with our seasonal menu. Unfortunately, our summer specials are only available during the warmer months, but we can offer you some alternative options for the winter season.",neutral,somewhat polite
"I'm sorry to hear your tennis racket didn't meet your expectations. We can exchange it for a different model, but you'll need to provide the original receipt and it's within 30 days of purchase.",neutral,somewhat polite
"I'm sorry to hear that you're having trouble with the ticket prices for the upcoming marine life exhibit. Unfortunately, our prices are subject to change seasonally, and we can't offer any discounts at this time. However, I can suggest some alternative exhibits that might be more budget-friendly.",polite,somewhat polite
"I appreciate your interest in our upcoming botanical garden exhibit. Unfortunately, due to unforeseen circumstances, we've had to push the event back to next spring. However, we're offering a special discount for early bird tickets, and I can provide you with more information on how to secure yours.",somewhat polite,polite
"Unfortunately, it seems your membership renewal fee for the upcoming quarter is due to the annual price increase. If you'd like to discuss payment options or freeze your membership temporarily, I'm here to assist you.",polite,neutral
"I'd be happy to help you with your professional development goals. However, I do need to clarify that our soft skills course is not eligible for a refund after 30 days. If you're interested in exploring other options, I can provide you with some recommendations that might better suit your needs.",polite,somewhat polite
"I appreciate your enthusiasm for the new software, but we need to discuss the integration process further to ensure a smooth transition. I'd be happy to schedule a training session to cover any questions you may have.",somewhat polite,polite
"Of course, I understand that the fees and charges may seem unexpected. Those are typically associated with the services provided by our premium account. Would you like me to provide more information about this?",polite,somewhat polite
"Unfortunately, it seems our store is currently out of stock for the 65-inch 4K TV you're interested in. However, I can offer you a refund or exchange for a similar model that's available, or you can pre-order the exact model you want and we'll notify you as soon as it arrives.",polite,neutral
"I appreciate your interest in our creative skills course. However, it seems like the price you're seeing is due to a promotional offer that's currently running. If you'd like to enroll, I can provide you with more information on how to take advantage of it.",polite,somewhat polite
"I'm happy to help you with your order, but unfortunately, we can't process exchanges for items that are already on sale. If you're looking for a different size or style, I can offer you a store credit for the full amount of your purchase.",neutral,somewhat polite
"I'm so sorry to hear that our botanical garden's winter hours have caused you inconvenience. However, I'd be happy to let you know that our summer hours will resume in just a few weeks, and we're offering a special discount for visitors who attend our upcoming botanical festival.",polite,somewhat polite
"Unfortunately, it seems like you're experiencing some difficulties with our online course platform. I'd be happy to help troubleshoot the issue with you. Can you please provide more details about the error message you're seeing, and I'll do my best to assist you in resolving it?",neutral,somewhat polite
"Unfortunately, it seems our squash court rentals are fully booked for the next two weeks due to the summer holiday season. However, I can offer you a chance to book a court for a weekday morning if you'd like.",polite,neutral
"Unfortunately, it seems like your skills gap analysis didn't quite align with our course offerings. However, I can help you explore alternative training paths that might better suit your needs.",neutral,somewhat polite
"I apologize for the unexpected fee, but it's a standard charge for our financial services. If you'd like to know more about it, I'd be happy to provide you with the details.",polite,somewhat polite
"I'm not sure what you're referring to, but I can check our animal exhibits for you. We have a new exhibit on marine life that's been getting a lot of attention lately. Would you like more information about it?",neutral,somewhat polite
"I'm not sure why you're being charged this extra fee for water sports lessons, but it's likely due to the seasonal demand. If you'd like more information, I can try to look into it further.",somewhat polite,neutral
"I'm sorry to hear that our street food place is closed during the summer months. We usually have a variety of options available, but it seems we're not open at this time. Would you like me to recommend some nearby restaurants that are open?",polite,somewhat polite
"We're sorry to hear that the toy didn't meet your expectations. According to our records, it's still within the 30-day return window. Please bring the item and receipt to our store, and we'll process the return for you.",neutral,somewhat polite
"I'm not sure why our website says you're still signed up for the basketball league, but if you're trying to cancel, I can help you with that. Can you please provide your membership number so I can assist you further?",somewhat polite,neutral
"Of course, I understand that you're seeking assistance with the library's policies. Generally, items can be renewed up to five times, as long as they are not overdue and there are no holds on them. I hope this information is helpful to you.",neutral,polite
"I'm sorry to hear that your tennis lesson was cancelled due to inclement weather. Unfortunately, our policy is to only offer refunds for cancellations made at least 24 hours in advance. However, I can provide you with a voucher for a future lesson, which you can redeem at your convenience.",somewhat polite,polite
"We've noticed an increase in travelers renting cars during peak season. If you're finding the rates higher than usual, it's likely due to the high demand for vehicles during this time. Would you like me to look into some alternative options for you?",polite,neutral
"I'm happy to help you with your question about our winter sports packages. Can you please confirm the dates you're looking to book, and I'll do my best to find a suitable option for you?",somewhat polite,polite
"I apologize for the delay in processing your claim. It's possible that our system is experiencing a high volume of requests this quarter, which may have caused the delay. I'll do my best to expedite the process and keep you updated on the status.",somewhat polite,neutral
"I'm happy to help you with your query about the tennis court fees. It seems there's been a misunderstanding about the charges. Let me clarify that the fee you're seeing is just a one-time registration fee, and it's not applicable to your membership. I can provide more details if you'd like to proceed with the registration.",somewhat polite,polite
I'm sorry to hear that you're having trouble with your membership renewal for the tennis club. I'd be happy to help you sort out the issue. Can you please check your account details and see if there's any outstanding balance that might be causing the problem?,polite,somewhat polite
I'm sorry to hear that our play's schedule didn't align with your plans. You can check our website for future showtimes and availability.,neutral,somewhat polite
"I'd be happy to help you with your car rental inquiry. However, please note that our peak season rates do apply during summer months, so the fee you're seeing might be due to that. If you'd like to proceed with the booking, I can guide you through the process.",somewhat polite,polite
"We're offering a discounted ticket price for our summer musical production, but it's only available until the end of the month. If you book now, you can enjoy the show at a lower cost and beat the rush.",polite,neutral
"I'm sorry you're having trouble with the workshop registration. Unfortunately, it seems we've reached maximum capacity and can't accommodate any additional attendees at this time.",neutral,somewhat polite
"Certainly, I can understand your preference for gluten-free options. Our restaurant offers a variety of such dishes, I'm sure you'll find something to your liking.",polite,somewhat polite
I'm happy to help you with your question about the warranty on your new TV. Can you please provide me with the serial number so I can look into it for you?,somewhat polite,polite
"I'm not sure why our fries are taking so long to arrive, but I can offer you a complimentary side to make up for the wait. Would you like me to put that in for you?",neutral,somewhat polite
"I apologize for the inconvenience with your purchase, but our store policy clearly states that all electronics must be returned within 14 days with the original packaging and receipt. I can provide more information if you'd like to proceed with the return.",polite,somewhat polite
"We're experiencing high demand for our summer cruise packages, and I'm happy to help you with your booking. However, I need to inform you that the prices you've seen are subject to change based on the time of year and availability. If you're interested in securing a spot, I recommend booking as soon as possible to avoid any price increases.",neutral,polite
"I'm sorry to hear that our theater's matinee show is sold out for the summer season. However, I can offer you a refund or exchange for a different performance date if you'd like.",polite,somewhat polite
"I'm afraid our current exhibit on modern art is not suitable for young children due to some mature themes. However, we do offer family-friendly activities during school breaks, which might be more appealing to your little ones.",somewhat polite,neutral
"Unfortunately, our records show that your credit limit was reduced due to a series of late payments. If you're having trouble making payments, we can discuss possible alternatives with you, such as a temporary hardship program.",somewhat polite,neutral
"I'm afraid our summer kayaking rentals are fully booked for the next two weeks, but we do have some stand-up paddleboard options available. Would you like to reserve one of those instead?",somewhat polite,neutral
"Certainly, I understand that you may have questions about the charge. Here's some more information: our standard account maintenance charge is typically the cause of this fee. I hope that clarifies things for you.",polite,somewhat polite
"I appreciate your concern about the menu item, and I'm happy to inform you that we have a variety of vegan options available this summer, including our seasonal quinoa salad and a new vegan burger that's been a hit with our customers.",polite,somewhat polite
"I'm sorry to hear that the snowboard you ordered hasn't arrived yet. However, since we're in the middle of summer, I'd like to clarify that our shipping times are typically longer during this season. I can provide you with a refund or exchange once the new shipment arrives, but it might be a few weeks. Would you like me to proceed with that?",polite,somewhat polite
"I find it quite disappointing that you're questioning the entry fee for our botanical garden, which goes towards the preservation and maintenance of thousands of plant species. If you have any concerns, I would be happy to address them.",impolite,somewhat polite
"Sorry to hear you're having trouble with your ski equipment rental. Can you please confirm the rental date and time, and I'll check if there were any issues with the equipment during that period?",polite,somewhat polite
"Certainly, I can assist you with that. For technical skills related inquiries under professional development, please note that there may be associated costs for specialized training programs. I can provide more information upon request.",somewhat polite,neutral
"Certainly, I understand you're interested in learning more about our winter sports club membership fees. The cost covers ice rink maintenance and access to equipment. I'm here to help with any questions you may have.",polite,somewhat polite
"I'd be happy to help you with our professional development bootcamp. Since you're interested, I can provide more information on our upcoming courses and schedules. Would you like me to send you a list of our available programs?",somewhat polite,polite
"Unfortunately, our current menu doesn't have any halal options available during Ramadan. However, we can suggest some nearby restaurants that serve halal food if you'd like.",polite,neutral
"I'm not sure why our water sports membership fees are so high this summer, but I can try to look into it for you.",neutral,somewhat polite
"Certainly, I can assist you with that. The charge is typically associated with our annual membership fee to cover the maintenance costs of the winter sports facilities. I hope this clarifies your concern.",polite,somewhat polite
"I appreciate your interest in our professional development courses, especially the soft skills training. However, I need to clarify that the price you're seeing is a one-time fee for access to our exclusive online content, which includes a comprehensive guide to effective communication and teamwork. If you have any further questions, please don't hesitate to ask.",somewhat polite,polite
"Certainly, I understand that the fees and charges may seem unexpected. They are typically associated with the services we provide to maintain your account. I can offer further clarification if you'd like.",polite,somewhat polite
"I'm sorry you're experiencing some issues with the exhibit. We've had some reports of crowds during peak season, but I can check if there are any alternative viewing times available.",neutral,somewhat polite
"We're currently running a special exhibit on seasonal flowers, and I noticed you're interested in our upcoming botanical garden tour. However, I should let you know that our summer season package is already sold out, but we do have some availability for our fall tour if you'd like to book now.",somewhat polite,neutral
I'm sorry to hear that our new seasonal menu didn't meet your expectations. We'll make sure to take your feedback into consideration for future updates.,neutral,somewhat polite
"I understand you're having trouble with your kayak rental, but our policy clearly states that you need to return it by the end of the day to avoid any additional fees. Since you're returning it late, there's a $50 charge for the extended rental period. Would you like to proceed with paying the fee or discuss possible alternatives?",polite,somewhat polite
"I'd be happy to help you with your query about our toy return policy. However, to process your return, you'll need to provide the original receipt and ensure it's within our return window, which is stated on our website.",somewhat polite,polite
"I'm not sure why our team's schedule isn't showing up on the app, but it's probably just a technical glitch. Let me see what I can do to get it fixed for you.",somewhat polite,neutral
"I'm happy to help you with your purchase, but unfortunately, our summer sale has ended and we can't honor the discounted price on the dress you're interested in. Would you like to consider other options in our current collection?",somewhat polite,polite
"Given the seasonal fluctuations in interest rates, we've adjusted our credit card APR to 22.99% to ensure we can continue to offer competitive rates. If you'd like to discuss further, I'd be happy to provide more information.",polite,neutral
I appreciate your patience as we review your loan application. It may take a few extra days to finalize the processing due to seasonal high volume.,somewhat polite,polite
"I appreciate you reaching out about the integration training issues. Our team has been working on a patch to resolve the compatibility problems, and it should be rolled out within the next week. In the meantime, I can offer some temporary workarounds to help you get by.",somewhat polite,polite
"Of course, I understand that you may have questions about the ticket prices for our theater performances. Our standard ticket pricing is designed to provide affordable access to high-quality cultural experiences. If you require further information or assistance, please let me know.",neutral,polite
"I'm happy to help you with your question about the new menu item at our fast food restaurant. Unfortunately, it's only available for a limited time, but we're considering adding it to our permanent menu based on customer feedback. Would you like me to check on the availability of the item at a location near you?",somewhat polite,polite
"The toy you're interested in is currently out of stock, but we expect a new shipment to arrive next month. Would you like me to reserve one for you or recommend a similar alternative?",somewhat polite,neutral
"Unfortunately, our summer leagues are fully booked for the next two months, but I can put you on a waitlist and let you know if any spots become available.",polite,neutral
"As a general rule, there is a membership fee associated with our team sports program. I can give you more information if you'd like.",neutral,somewhat polite
"Unfortunately, it seems our online course on graphic design is no longer available due to a licensing issue. I can offer you a full refund or help you enroll in a similar course that's still active.",polite,neutral
"I'd be happy to help you with that. Unfortunately, our current sale on living room sets has ended, but we have a new collection arriving soon. Would you like me to notify you when it's available?",polite,somewhat polite
"I appreciate your interest in visiting our botanical garden this summer, but I must inform you that our peak season tickets are already sold out. However, I can offer you a discounted rate for a weekday visit during the off-season if you're flexible with your plans.",somewhat polite,polite
"I understand that the monthly fee increase is concerning, but it's essential for maintaining our high-quality services and keeping your account secure. If you have any questions or concerns, I'm here to help and provide more information about our fee structure.",polite,somewhat polite
"Unfortunately, it seems our bus rental service is fully booked for the upcoming Labor Day weekend. However, I can offer you a car rental option with a similar price range. Would you like me to provide more details?",polite,neutral
"I apologize for the inconvenience with your flight reservation, but it seems your travel insurance isn't up to date. Could you please provide your policy details so we can assist you further?",polite,somewhat polite
"I'd be happy to help you understand the credit fee. It's a one-time charge for processing your application. If you have any questions or concerns, feel free to ask!",somewhat polite,polite
"I'd be happy to help you with that. Our creative skills course has a one-time fee that covers the entire program, including all the materials and instructor support. If you have any questions or concerns, feel free to ask and I'll do my best to address them.",somewhat polite,polite
"I apologize for the inconvenience, but it seems our current promotion on smartwatches has expired. If you'd like, I can help you explore other options or provide information on upcoming deals.",polite,somewhat polite
"I'm happy to help you with your buffet question. Can you please clarify what type of buffet you're referring to - is it a holiday-themed buffet or a regular menu? Either way, we're open daily from 11 am to 9 pm, and I can provide you with more information on our pricing and offerings.",polite,neutral
"Certainly, I can assist you with that. Our technical skills courses do have associated fees to cover the cost of instructor time and materials. Would you like me to provide more information on the specific course you're interested in?",somewhat polite,polite
"Certainly, I can help you understand the pricing for this exhibition. The fee is typically associated with our efforts to maintain the museum and its collections. I hope this clarifies things for you.",neutral,somewhat polite
"I'm afraid our current exhibit is closed for renovations, but we're offering a special discount on our upcoming show. Would you like to take advantage of it?",somewhat polite,neutral
"Sorry to hear that your racquet wasn't ready for your scheduled tennis lesson. I've checked on the status, and it seems there was a miscommunication with our staff. We'll have it ready for you by the end of the day, and we'll even throw in a complimentary lesson to make up for the inconvenience.",polite,somewhat polite
"I'm happy to help you with your professional development needs. For the workshop you're interested in, please note that the registration fee includes all materials and a complimentary lunch. If you have any questions or concerns, feel free to reach out to me directly.",somewhat polite,polite
"I'm so sorry to hear that you're experiencing some issues with your flight itinerary. Unfortunately, our system shows that you've missed the check-in deadline, but we can still assist you with a same-day ticket change for a fee of $25. Would you like me to proceed with the change?",polite,somewhat polite
"I'd be happy to help you with that. However, please note that the additional fee is due to the seasonal surge in demand. If you'd like to proceed with the booking, I can provide you with more information on how to waive the extra charge.",somewhat polite,polite
"We appreciate your interest in our summer concert series. Unfortunately, the tickets you're seeing are already sold out, but we're offering a waitlist option. Would you like to be added to the list?",polite,somewhat polite
"I appreciate your enthusiasm for learning new technical skills. However, our course fees are non-refundable once you've started the program. If you have any questions about our refund policy, I'd be happy to walk you through it.",polite,somewhat polite
"Unfortunately, our seasonal ice cream flavors are only available for a limited time, and we're currently out of stock on our summer specials. However, we do have a few other options available that might interest you.",polite,neutral
"Absolutely, I can assist you with enhancing your creative skills in the realm of professional development. Here is a brief outline of our upcoming courses and associated fees.",somewhat polite,polite
"Unfortunately, we're experiencing some technical difficulties with our online booking system. I'd be happy to assist you with your reservation over the phone if you'd like.",neutral,somewhat polite
"Unfortunately, it seems like your flight upgrade wasn't processed correctly. I've checked on the status and it appears to be a technical issue on our end. I'll see what I can do to get it sorted out for you as soon as possible.",neutral,somewhat polite
"I'm afraid our seasonal summer menu doesn't include ice cream as a special, but we do have a refreshing watermelon sorbet that's perfect for the warm weather. Would you like to try it?",somewhat polite,neutral
"I understand you're concerned about the interest rate on your loan. Our rates are competitive and based on market conditions. If you'd like, I can walk you through the factors that influence our rates and see if there's anything we can do to make it more manageable for you.",polite,somewhat polite
"I appreciate your interest in our upcoming workshop on data analysis, but I wanted to clarify that it's a paid event. The fee you're seeing is the standard registration cost, which includes access to all the sessions and materials.",neutral,somewhat polite
"I'm happy to help you with your dessert inquiry. Our seasonal flavors are available until the end of the month, but we also have a year-round selection of classic desserts if you're looking for something different. Would you like me to provide more information on our current offerings?",neutral,polite
"I'm happy to help you with your inquiry about our team sports packages. It seems that the additional fee is due to the seasonal demand, but I can offer you a discount if you commit to a longer-term membership.",somewhat polite,polite
"I'm not sure why it's taking so long to process your loan application, but it's usually done within a week or two. If you've already submitted all the necessary documents, I can check on the status for you.",somewhat polite,neutral
"Clearly, you've struggled with our services, and I see why you're frustrated. However, instead of pointing fingers, let's focus on finding a solution. I'm here to help with your professional development queries, including any soft skill course concerns you might have.",impolite,somewhat polite
"I'd be happy to help you with your query, but I need to clarify that the additional fee is due to the premium services you opted for during your booking. If you'd like, I can provide more information on the services included and how they affect your overall cost.",somewhat polite,polite
"I understand you're looking for information about joining our individual sports program.  We have a great variety of options available, so let me know what you're interested in and I can give you more details!",polite,somewhat polite
"I'd be happy to help you with that! Our creative skills course is designed to help you develop your artistic side. If you're not satisfied with the course, we do offer a 30-day money-back guarantee. Just make sure to reach out to our support team within that timeframe with your concerns and we'll take care of it for you.",somewhat polite,polite
"Unfortunately, our current system doesn't allow for fee waivers, but we do offer a payment plan option that might be more manageable for you.",neutral,somewhat polite
"I'm not sure why our museum's audio guide isn't working properly, but I'd appreciate it if you could look into the issue and get back to me by the end of the day.",neutral,somewhat polite
"Unfortunately, it seems there's a hold on your account due to some unusual activity. Can you please verify your login credentials and we'll lift the hold as soon as possible?",somewhat polite,neutral
"I'm sorry to hear that your train ticket has been delayed. Unfortunately, this is due to unforeseen track maintenance, and we're working to get you to your destination as soon as possible. Your ticket will be adjusted accordingly, and we'll provide you with a complimentary meal voucher for the inconvenience.",polite,somewhat polite
"Unfortunately, our policy doesn't allow for refunds after 30 days. However, I can offer a store credit for the remaining balance if you'd like to use it towards a future purchase.",somewhat polite,neutral
"I'd be happy to help you understand the fee you're seeing. It's likely our standard annual membership charge, which is non-refundable. If you have any questions or concerns, feel free to ask and I'll do my best to assist you.",somewhat polite,polite
"I appreciate your patience as we work to resolve this issue with your loan application. We're experiencing a high volume of requests this time of year, but I'll do my best to expedite the process for you.",polite,somewhat polite
"I understand you're having some issues with your flight itinerary, and I'd be happy to help you explore options for rescheduling. Could you please provide your booking reference number so I can look into this further?",somewhat polite,polite
"I'm glad you're interested in our locally sourced, organic options! While we strive to keep these items in stock, their availability may vary based on the season. If you have any specific questions about particular products, feel free to ask and I'd be happy to help!",somewhat polite,polite
"Certainly, for cultural events during the travel, there might be additional fees that need to be paid. However, I would be happy to provide more information if needed.",neutral,polite
"Unfortunately, our courts are closed for maintenance during winter, but we're offering a discounted rate for indoor tennis lessons during the off-season. Would you like to book a session?",somewhat polite,neutral
I'm not sure I understand the discrepancy in the prices listed on your receipt. Can you please clarify which exhibit you're referring to and I'll do my best to provide more information?,neutral,somewhat polite
"I'm sorry to hear that you're experiencing some issues with your membership renewal. Could you please check your email for a notification regarding the payment due date? If you're still having trouble, I can try to assist you further.",neutral,somewhat polite
"I'm happy to help you understand our training programs better. Our recent data science course received great reviews, but I noticed you're having trouble with the project submission. Can you tell me more about what's not working for you, and I'll do my best to provide some guidance.",polite,somewhat polite
"I'm sorry to hear that the sofa you ordered isn't meeting your expectations. However, our return policy clearly states that all items must be in their original packaging and can only be returned within 30 days of purchase. If you'd like to proceed with a return, please bring in your receipt and we'll be happy to assist you.",neutral,somewhat polite
I'm sorry to hear that our store's return policy is unclear. Can you please provide your receipt and the reason for the return so we can assist you further?,neutral,somewhat polite
"I'd be happy to help you with that. According to our records, the workshop you're interested in is already fully booked, but I can add you to the waitlist and notify you if any spots become available.",somewhat polite,neutral
"I appreciate your enthusiasm for our seasonal buffet, but please note that prices may vary depending on the time of year and availability of ingredients. I can provide more information on our current offerings if you're interested.",polite,somewhat polite
"I'm not sure why our membership renewal notice said you owed $50, but I checked our system and it looks like you're actually up to date on your payments. Can you tell me more about what you're seeing?",somewhat polite,neutral
"Sorry to hear that you're having trouble with your wetsuit rental. Our policy states that all rentals are non-refundable, but we can offer you a discount on your next rental or purchase if you provide feedback on the issue.",neutral,somewhat polite
"I understand you're looking for halal options. We have a great selection of certified halal dishes on our menu, especially during Ramadan. Would you like me to recommend something?",polite,somewhat polite
"I understand you're concerned about the cancellation fee for your upcoming MMA training session. Our policy is to charge a fee for last-minute cancellations to ensure we can accommodate other members. If you'd like to reschedule, I can help you find an alternative time that suits you.",neutral,polite
"I'm happy to help you with that. Unfortunately, our store is currently out of stock on the item you're looking for, but I can offer you a rain check or let you know when it's expected to be restocked. Would you like me to check on the availability at our other locations?",polite,somewhat polite
"I'm sorry to hear you're not satisfied with the buffet selection. We do have a rotating menu, and we're currently featuring seasonal specials. If you'd like, I can provide you with more information on our upcoming menu changes.",somewhat polite,neutral
"Sure, I can help you understand the charges on your travel account. Our budget and economy plans include maintenance fees to ensure you have the best possible experience while saving on costs. Let me know if you'd like more information.",polite,somewhat polite
"I'm afraid our winter promotion rates have ended, so you'll be charged the standard rate for the upcoming trip. However, if you book now, we can offer you a 10% discount on the total fare.",somewhat polite,neutral
"I'd be happy to help you with your professional development bootcamp inquiry. Please note that our early bird discount is ending soon, so I recommend signing up as soon as possible to secure the best rate.",somewhat polite,polite
"I'm happy to help you with your pizza order. However, since it's summer, we're currently running a promotion that might affect the price. Can you please check your order confirmation for more details?",somewhat polite,polite
I apologize for any inconvenience you've experienced with our bootcamp. It seems there might be a misunderstanding regarding the course fee. I'd be happy to help clarify the costs and answer any questions you have.,somewhat polite,polite
"I'm sorry to hear that you're experiencing issues with your membership renewal for the upcoming boxing season. Can you please check your account and see if there are any outstanding payments? If everything looks good on your end, I can try to assist with the renewal process.",polite,somewhat polite
I'd be happy to help you improve your communication skills. Our online course on effective communication covers key topics like active listening and conflict resolution. Would you like me to provide more information on the course details and pricing?,neutral,polite
"I'm so sorry to hear that your flight was delayed due to a medical emergency on board. Our team will do our best to expedite the processing of your travel insurance claim. Please allow 3-5 business days for the review process, and we'll be in touch with an update.",polite,somewhat polite
"I appreciate your understanding about the restocking fee, as it's just a standard policy for items that have been on sale for a while. If you'd like to exchange it for a different size, I can assist you with that.",somewhat polite,polite
"I'm happy to help you with your dessert question, but I do need to inform you that our seasonal summer flavors are only available until the end of August. If you'd like to try one of our fall flavors, I'd be happy to recommend a few options that are sure to satisfy your sweet tooth.",polite,somewhat polite
"I'm so sorry to hear that our aquatic exhibit is closed due to maintenance. However, I can offer you a complimentary upgrade to our VIP experience, which includes access to our exclusive behind-the-scenes tour, when we reopen.",polite,somewhat polite
"I'm happy to help you with the issue you're experiencing with your new smart TV. Unfortunately, it seems like it's no longer under warranty, so any repairs or replacements would need to be paid out of pocket. Would you like me to provide more information on our pricing and options?",somewhat polite,polite
"I'm happy to help you with your gluten-free options. Unfortunately, our current menu doesn't have any gluten-free desserts available during summer. However, we do have a variety of gluten-free salads and sandwiches that you can try. If you'd like, I can also provide you with some recommendations for nearby restaurants that specialize in gluten-free cuisine.",polite,somewhat polite
"I'd be happy to help you with your buffet reservation. Please note that our peak season prices apply from December to February. If you're looking to make changes to your reservation, please let me know at least 24 hours in advance to avoid any cancellation fees.",neutral,polite
"I'd be happy to help you with that. According to our records, the delay is due to a high volume of packages, but I can provide you with an estimated delivery date if that helps.",somewhat polite,polite
"I've checked on the status of your upgrade, and it seems there's a delay due to high demand during peak season. I can offer you a complimentary upgrade on your next booking if you'd like to travel during the off-season.",neutral,polite
"I'm afraid our museum's summer hours are still in effect, and we're closed on Mondays. If you're planning to visit this week, I recommend checking our website for the correct hours.",somewhat polite,neutral
"I appreciate your enthusiasm for our new project management tools. However, I noticed that you're experiencing some difficulties with our integration training. I'd be happy to walk you through the setup process again, and provide some additional resources to help you get up to speed.",polite,somewhat polite
"Certainly! If you're not happy with the toy or game, you can bring it back within 14 days of purchase with the receipt. We'll be happy to process a return for you.",neutral,polite
"Certainly, I can understand if you're experiencing difficulties with the new software. Our technical skills course is designed to address such challenges. We're here to help you every step of the way.",somewhat polite,neutral
"I appreciate your interest in enhancing your creative skills through our workshops. However, our current schedule is fully booked until the holiday season, but we're offering a discount on our winter session, which starts in December. Would you like me to reserve a spot for you?",polite,somewhat polite
I'm not sure why our summer reading program is being advertised as free when it's clearly listed as $20 on our website. Can you clarify the correct pricing for me?,somewhat polite,neutral
"I appreciate your interest in our online courses, but I wanted to let you know that the cost is due to the advanced certification process and the high demand for our instructors. If you have any questions or concerns, I'd be happy to address them and provide more information on our refund and transfer policies.",polite,somewhat polite
I understand your concern about the premium increase. Our insurance policy does require an annual adjustment to ensure you're adequately covered. I can walk you through the details and explain the reasoning behind it.,polite,somewhat polite
"I'm sorry to hear that our store is out of your preferred brand of milk. We do receive new shipments every week, so it's possible that we'll have it back in stock soon.",neutral,somewhat polite
"I'm sorry to hear that you're having trouble with the exhibition schedule. Unfortunately, we can't accommodate last-minute changes to our exhibit openings, but we do offer a refund for tickets if you'd like to cancel your visit.",neutral,somewhat polite
"I'm happy to help you with your order, but it looks like the item you're looking for is currently out of stock. We're expecting a new shipment in a few weeks, and you can sign up for restock notifications on our website.",neutral,somewhat polite
"I'm not sure why our system is flagging your certification course as incomplete, but I can try to investigate further and provide an update on the status of your training hours.",somewhat polite,neutral
"Look, I get that you're upset about the team sports registration fee, but it covers the cost of equipment and facility maintenance. If you have more questions, I can try to provide some answers.",impolite,somewhat polite
"I'm sorry to hear you're having trouble joining your favorite team's season pass program. Unfortunately, we've reached our capacity for the current season, but I can offer you a priority registration for next season's program.",polite,somewhat polite
"I appreciate your patience while we investigate the issue with your purchase. Unfortunately, it seems that the extended warranty you're seeing is not included in your original package, but we can discuss possible upgrade options with you.",polite,somewhat polite
"I appreciate your interest in our seasonal summer bread selection. Unfortunately, we're currently out of stock due to high demand, but I can offer you a refund or a voucher for a future purchase.",polite,somewhat polite
"Unfortunately, it seems that our system is currently experiencing some delays with the integration training, which is causing the issue you're facing. I'll check on the status and get back to you as soon as possible.",somewhat polite,neutral
"Unfortunately, our ice rink is closed for renovations until spring. You can check our website for updates on the reopening date and plan your visit accordingly.",somewhat polite,neutral
"I'm happy to help you with your query about the racket rental fee. It's a standard charge for our court maintenance and equipment upkeep. If you have any questions or concerns, feel free to ask!",neutral,polite
"I understand you're concerned about the loan processing time, and I want to assure you that we're doing our best to expedite the review. Our team will be in touch with you shortly to provide an update on the status of your application.",polite,somewhat polite
"Unfortunately, our current promotion has expired, but I can offer you an alternative option that might suit your needs. Would you like me to explain the details?",neutral,somewhat polite
"I'd be happy to help you with that! It looks like there's a small fee associated with your booking, which is standard for budget travel. Would you like me to explain it in more detail?",somewhat polite,polite
I understand you're looking to consolidate your debt. We have options available for loan refinancing that could potentially lower your monthly payments. May I explain the process in more detail?,polite,somewhat polite
"Of course, I can help you with that. Our store's policy allows returns within 30 days of purchase with a receipt. However, for specific items like sports equipment, they need to be in the same condition as when you bought them.",neutral,polite
"While I understand your frustration with the late fees on overdue books, library policy dictates that such charges apply. If you'd like, I can explain the fee structure in more detail.",impolite,somewhat polite
Would you like me to check the availability of that item for you? We're fully stocked for the holidays!,polite,neutral
"I'm happy to help you with our integration training. It seems like there's a discrepancy in the training fees you're seeing. Can you please confirm the course and date you're referring to, and I'll do my best to provide you with more accurate information?",polite,somewhat polite
"We're currently running a promotion on our online courses, and I'd be happy to help you find something that suits your interests. However, I do want to let you know that our most popular courses tend to sell out quickly, especially during back-to-school season. Would you like me to recommend some of our top picks?",somewhat polite,polite
"I'm sorry to hear that you're experiencing some issues with our online course. Unfortunately, it seems that you've exceeded the allowed login attempts, and your account has been temporarily locked for security reasons. If you could contact our support team, we can assist you in getting back into your account and provide further assistance with any other questions you may have.",somewhat polite,neutral
"I apologize for the inconvenience with your flight delay. Unfortunately, our airline policy doesn't allow for compensation in this case, but I can offer you a voucher for a complimentary meal on your next flight.",polite,somewhat polite
"I'm sorry to hear the product you're looking for is currently out of stock. Our inventory is updated daily, so I recommend checking back with us tomorrow to see if it's been restocked.",neutral,somewhat polite
"I'm sorry to hear that our store's winter gear selection is limited this season, but we do have some options available online. Would you like me to check availability for you?",neutral,somewhat polite
I'm sorry to hear that our store's website says we're out of stock on the toy you're looking for. I can check if any of our other locations have it in stock or if we have any expected restock dates.,somewhat polite,neutral
"I appreciate your concern about the late fees on your credit card statement. It seems there was an error in our system that resulted in an unexpected charge. I've gone ahead and waived the fee for this month, and I'll make sure to review our system to prevent this from happening again in the future.",somewhat polite,polite
I'm so sorry to hear that our art gallery's special exhibit on summer impressionism didn't meet your expectations. We're actually offering a 10% discount on all tickets this month as a way to apologize for any inconvenience. Would you like me to apply the discount to your purchase?,polite,somewhat polite
"I appreciate your concern about the credit limit on your account. We've reviewed the situation, and it appears that the limit was reduced due to a temporary payment processing issue. This should be resolved soon, and your limit will be reinstated.",polite,somewhat polite
"Unfortunately, our squash courts are currently closed due to maintenance, but we're expecting to reopen them in about two weeks. If you'd like to book a court for then, I can reserve one for you.",somewhat polite,neutral
"I'm not sure why we're being charged for the ice rink rental, but it looks like the fee is already included in the package you purchased. Can you check your confirmation email to confirm?",somewhat polite,neutral
"I'm so sorry to hear that our museum's audio guide wasn't functioning properly during your visit. Can you please provide me with your ticket number and the date of your visit, so I can look into this further and offer a suitable resolution?",polite,somewhat polite
I'm happy to help you with your buffet question. Can you please confirm your reservation date and party size so I can provide more information on our current promotions and offerings?,polite,somewhat polite
"I'd be happy to help you with that! Our halal menu is quite extensive, and I can assure you that we take great care in preparing each dish to meet the highest standards of halal certification. If you have any specific dietary restrictions or preferences, please let me know and I'll do my best to accommodate your needs.",somewhat polite,polite
"I'm sorry to hear that your rental car had a delay, but it seems like our system is still showing it as available. Could you please check the estimated pickup time again?",neutral,somewhat polite
"Unfortunately, it seems our online course isn't loading properly. I've escalated the issue to our technical team, and they'll work on resolving it as soon as possible.",somewhat polite,neutral
"I'm not sure why we charged you for the team locker room rental, but I can check on it for you. Can you please provide your membership number so I can look into this further?",somewhat polite,neutral
"I'm afraid the toy you're looking for is currently out of stock, but we're expecting a new shipment soon. Would you like me to put you on a waitlist or recommend a similar item that's available?",somewhat polite,neutral
"I'm afraid the sale on those hiking boots has already ended, but we do have a similar model on clearance for 20% off. Would you like me to check availability?",somewhat polite,neutral
"Unfortunately, it seems our current sale on 4K TVs has ended, but we're expecting a new shipment next quarter. Would you like me to notify you when they arrive?",polite,neutral
"I've checked on the status of your baggage, and unfortunately, it seems to have been misplaced during transit. I'm happy to assist you in filing a claim, but please note that this process can take some time.",neutral,polite
"We're experiencing a high volume of bookings during peak season, so I apologize if our prices seem higher than usual. Our economy flights are still a great option for those on a budget, and I can help you explore those options if you'd like.",polite,somewhat polite
I've checked on our schedule and it looks like we have a few openings for tennis courts this weekend. Would you like to book one?,neutral,somewhat polite
"I apologize for the delay in processing your payment, but our system is currently experiencing a high volume of transactions due to the holiday season. I've checked on the status and it's showing as pending. I'll send you an update once it's processed.",polite,neutral
"Unfortunately, it seems that the expiration date on the milk has passed. However, our store policy allows for returns within 7 days of purchase, so if you can provide the receipt, we can assist with a refund or exchange.",somewhat polite,neutral
"I'm sorry to hear that our winter gear wasn't up to your expectations. We have a 30-day return policy, and I'd be happy to process a refund or exchange if you bring in the receipt and the item is in its original condition.",polite,somewhat polite
"We appreciate your interest in visiting our botanical garden this summer. However, please note that our garden's operating hours may vary due to seasonal maintenance. I recommend checking our website for the most up-to-date information before planning your visit.",polite,somewhat polite
"Unfortunately, our martial arts classes are fully booked for the summer months, but I can offer you a spot on our waitlist. If a spot becomes available, we'll notify you right away.",polite,somewhat polite
I'd be happy to help you with the price discrepancy on the couch you're interested in. Our sales team can provide more information on the current promotion and any potential discounts that might be available.,neutral,polite
"Of course, I understand that you may have some concerns with your pizza order. If there's any issue, such as a missing topping or incorrect delivery, please let me know and I'll do my best to assist you.",polite,somewhat polite
"I understand you're concerned about the extra charges on your recent booking. Our peak season fees apply from December to March, and it seems you traveled during that period. If you'd like, I can provide more information on how to avoid these fees in the future.",somewhat polite,polite
"Unfortunately, our current policy doesn't allow for exceptions to the return window. However, I can offer you a store credit for the full amount.",neutral,somewhat polite
"I'd be happy to help you with your question about the fusion menu. Can you please tell me more about what you're looking for, such as the specific dish or ingredients you're interested in?",neutral,somewhat polite
"I'm afraid the toy you're looking for is currently out of stock, but we're expecting a new shipment soon. Would you like me to put you on a waiting list?",somewhat polite,neutral
"I'm sorry to hear that our return policy is unclear. You can exchange it for a different size, but you'll need to pay the difference in price and any shipping costs. If you'd like to proceed, please let me know and I can guide you through the process.",neutral,somewhat polite
I'm afraid your luggage has been misplaced during transit. I can assist you in filing a claim and getting it replaced as soon as possible.,somewhat polite,neutral
Sorry to hear that you're not enjoying your street food experience. Can you please tell me more about what's not up to your expectations so I can assist you further?,polite,somewhat polite
We're currently reviewing our training programs and noticed that some of the content may not be up-to-date. Could you please clarify which specific course or module you're referring to so we can provide more accurate information?,somewhat polite,neutral
"I apologize for the inconvenience, but it seems there's a misunderstanding about the additional fee for the upgraded seat selection. If you'd like, I can walk you through the options and help you find a solution that suits your travel plans.",somewhat polite,polite
"I'm not sure why our menu item says it's gluten-free, but I can confirm that our chef has double-checked the recipe. Would you like me to check with the kitchen again?",somewhat polite,neutral
"I understand you're concerned about the extra fee on your booking. Our budget-friendly packages often have additional charges for services like checked baggage or seat selection. If you'd like, I can help you explore alternative options that might better fit your travel plans and budget.",polite,somewhat polite
"I'm sorry to hear that you're having trouble planning your visit to the aquarium. Unfortunately, our tickets are non-refundable, but you can use them to visit within the next year. If you have any other questions or need further assistance, please don't hesitate to ask.",neutral,somewhat polite
"Unfortunately, our wakeboarding rentals are currently closed due to the off-season. However, we're offering a 10% discount on all equipment purchases made before the end of the month. Would you like to take advantage of this offer or wait until the season reopens?",polite,neutral
I'm sorry to hear that your soccer team's membership renewal is being held up. Can you please check your email for a notification from us regarding the payment and I'll be happy to assist you further if needed.,somewhat polite,polite
"I'd be happy to help you with that. Can you please provide me with more information about your flight itinerary, including your ticket number and the dates of travel?",somewhat polite,polite
"I'm sorry to hear that our store's sales tax rate is higher than you expected. However, it's clearly stated on our website and receipts. If you have any further questions or concerns, please let me know.",somewhat polite,neutral
"I'd be happy to help you with your loan inquiry. Could you please provide more information about the specific loan product you're interested in, and I'll do my best to provide you with a detailed breakdown of the fees involved?",somewhat polite,polite
"I'm sorry you're experiencing issues with your policy, but our records indicate that the premium was due on the 15th of last month. If you're having trouble making payments, I can help you discuss possible payment plans.",neutral,somewhat polite
"I'm sorry to hear you're having trouble with the ticket prices at the aquarium. Unfortunately, our seasonal pass prices do vary depending on the time of year and visitor age, so I can't provide a refund without checking the details of your visit.",neutral,somewhat polite
"I'd be happy to help you with your query about the toy you purchased from us. Unfortunately, it seems that the item is no longer eligible for a refund due to the time that has passed since your purchase date.",somewhat polite,polite
"I appreciate your concern about the overdraft fee on your account. Our system sometimes flags certain transactions as high-risk, which may result in additional charges. I can review the specifics with you and see if there's a way to waive or reduce the fee.",polite,somewhat polite
"I'm happy to help you with your query about the international shipping fee on your recent order. It seems to be a standard charge for customs clearance and handling, but if you have any further questions or concerns, feel free to ask and I'll do my best to clarify things for you.",somewhat polite,polite
I'm happy to help you with your winter sports membership question. Can you please clarify what you're referring to when you say your membership fees are higher than expected? I'm here to assist you and provide more information if needed.,somewhat polite,polite
"We're experiencing a high volume of inquiries about our upcoming bootcamp. Our team is working diligently to ensure that all sessions are well-prepared and engaging for our attendees. If you have any specific questions or concerns, feel free to reach out to us directly.",neutral,polite
"I appreciate your patience as we navigate this issue with your flight cancellation. Unfortunately, our system indicates that the refund process may take a few extra days due to seasonal volume, but I can assure you that we're working diligently to resolve the matter as soon as possible.",polite,somewhat polite
"I'm happy to help you understand our library's policies. Our summer reading program fees are non-refundable, but if you have any questions about our programs, I'd be happy to provide more information.",polite,somewhat polite
"Certainly, I can assist you with the integration training. Please note that a small fee may apply for this service, as it's part of our professional development offerings. Let me know if you have any questions or concerns.",somewhat polite,neutral
"Unfortunately, it seems our tennis court reservation system is currently experiencing technical difficulties. I recommend checking the website for updates or calling the club directly for assistance.",polite,neutral
"Unfortunately, our summer menu doesn't include any vegan options for our signature burgers. However, we can offer you a salad or a side of our roasted vegetables instead.",polite,neutral
"Unfortunately, our train schedule has been affected by the recent weather conditions, and we're working to get the delays resolved as soon as possible. I can check on the estimated arrival time for your train if you'd like.",somewhat polite,neutral
"I appreciate your feedback about the recent menu changes at our restaurant. We're always looking to improve and take customer suggestions into account, so thank you for sharing your thoughts.",somewhat polite,polite
"I'm happy to help you with your query about our skincare products. Unfortunately, we're currently out of stock on the moisturizer you're looking for, but I can offer you a similar product that's been popular with our customers. Would you like me to check availability?",somewhat polite,polite
"I appreciate your concern about the course material not loading properly. Our technical team is currently investigating the issue and we'll have an update for you shortly. In the meantime, you can try restarting your browser or checking your internet connection.",somewhat polite,neutral
"Sure, I can assist you with that, but keep in mind our policies regarding equipment rentals. The extra charge you're questioning is standard for winter sports equipment during peak season.",impolite,somewhat polite
"Unfortunately, our seasonal flavors of ice cream are only available during the summer months, but I can suggest some of our year-round options that might satisfy your sweet tooth.",somewhat polite,neutral
I appreciate your understanding that our seasonal fuel surcharge has been applied to your recent booking. This is a one-time fee that helps us offset the increased costs during peak travel periods.,somewhat polite,polite
"I'm not sure why our website is saying that the surfing lessons are fully booked, but I've checked our availability and we actually have a few spots left. Would you like me to reserve one for you?",somewhat polite,neutral
"We've received several reports of customers experiencing issues with baggage handling during peak travel seasons, particularly around holidays like Thanksgiving and Christmas. It's not uncommon for luggage to get misplaced or delayed, but I can offer some assistance in resolving this matter.",polite,neutral
"I'm so sorry to hear that our botanical garden's orchid exhibit was closed during your visit. I can offer you a complimentary ticket for our next visit, and we'll make sure to inform you about any upcoming closures in advance.",polite,somewhat polite
"I'm sorry to hear that your TV isn't turning on properly. Our store policy requires a valid receipt for any exchanges or refunds, and it seems like you purchased it over 30 days ago. If you'd like to proceed with a return, please bring in the original packaging and we'll be happy to assist you.",neutral,somewhat polite
"Unfortunately, our records indicate that you've exceeded the allowed transaction limit for your account, which has resulted in the additional fees you're seeing. If you'd like to discuss possible options for avoiding these charges in the future, I'd be happy to assist you.",neutral,somewhat polite
We can't accommodate your request as it violates the terms of service.,neutral,impolite
"I'd be happy to help you with your question about our buffet menu. Our lunch buffet typically runs from 11am to 2pm and includes a wide variety of options, including salads, soups, and hot entrees. If you have any specific dietary restrictions or preferences, please let me know and I can provide more tailored recommendations.",polite,neutral
"I'm happy to help you with your query about our freshly baked croissants. Since you mentioned they didn't meet your expectations, I'd like to offer a complimentary pastry on your next visit. Please let me know when you'd like to come back, and we'll get it sorted out for you.",somewhat polite,polite
"Unfortunately, our current bootcamp schedule is fully booked, but I can offer you a spot on our waiting list. If a spot becomes available, we'll be in touch with you within the next two weeks to discuss further details.",somewhat polite,neutral
"Certainly, I understand that you have questions regarding the charges. Our insurance plans do include standard account maintenance fees, which may apply in this situation. I can provide more information if you'd like.",neutral,somewhat polite
"Sorry to hear that you're not satisfied with the cake. Our bakery policy states that all custom orders are non-refundable, but we can offer a store credit if you'd like to try a different flavor or design. Would you like me to explain the details?",somewhat polite,neutral
"Unfortunately, it seems like there's a hold on your account due to an unusual transaction. I'd be happy to help you lift it if you can provide more information about the transaction in question.",somewhat polite,neutral
"I'd be happy to help you with that regional dish you're interested in. Our summer menu features a refreshing gazpacho that's perfect for the warm weather, but if you're looking for something more substantial, our slow-cooked ribs are a popular choice. Can I recommend something?",somewhat polite,polite
"I'm afraid our marine life exhibit is closed for renovations until next month. However, our temporary exhibit on ocean conservation is still open and offers a unique learning experience.",somewhat polite,neutral
"I'd be happy to help you with that! It seems like there's a discrepancy in your training records, and I'd like to clarify the fees associated with your course completion. Can you please provide me with more details about your training program, and I'll do my best to assist you in resolving this issue?",somewhat polite,polite
"I apologize for the inconvenience, but our store policy states that all sales are final after 30 days. If you'd like, I can offer an exchange or store credit for the item, but it would need to be in its original condition.",polite,somewhat polite
"Of course, I understand that you may have some concerns about the membership fee. It's intended to cover the costs of maintaining our facilities and equipment for individual sports. I'm here to help if you have any questions or need further clarification.",somewhat polite,polite
"Unfortunately, our current promotion on home decor items has ended, but we're running a new sale on living room furniture starting next week. Would you like me to send you a notification when it starts?",somewhat polite,neutral
"I'd be happy to help you with your insurance query. Can you please provide more information about the policy you're referring to, such as the policy number or the type of coverage you have? That way, I can better assist you with your question.",somewhat polite,polite
"I'd be happy to help you understand our workshop pricing better. It seems like the cost you're seeing is due to our standard course materials and instructor fees. If you'd like more information, feel free to ask.",somewhat polite,polite
"I'm sorry to hear that our store's winter clearance sale didn't have the snowboard you were looking for in your size. We can offer a store credit or exchange for a different item, if you'd like to try again.",neutral,somewhat polite
"I'm happy to help you with your query about the international delivery fee. However, I need to clarify that our standard shipping rates apply to all destinations, and any additional fees are clearly stated at checkout. If you have any further questions, please feel free to ask.",somewhat polite,polite
"I'm happy to help you with that. Our course on effective communication is a great resource for improving your soft skills, and it's currently on sale for a limited time.",somewhat polite,polite
"The show you're interested in has been sold out for weeks, but I can offer you a refund or exchange for a different performance if you'd like.",polite,neutral
"Unfortunately, it seems there's a charge for account inactivity. Would you like me to explain the specifics and see if there's a way to waive it?",neutral,somewhat polite
"I'm happy to help you with your street food question. Unfortunately, our seasonal specials are only available from March to October, but we do have some year-round options that are just as delicious. Would you like me to recommend something?",somewhat polite,polite
"The court fees you're being charged are just our standard rate for peak season. If you want to play during off-peak hours, it's cheaper.",neutral,impolite
"I'm happy to help you with your order from our summer menu. However, I noticed that the price seems a bit higher than usual. Could you please provide me with the order number so I can look into this further and see what might be causing the discrepancy?",polite,somewhat polite
"I'd be happy to help you with your question about our tennis court fees. Our standard rate is $20 per hour, but we do offer discounts for members and packages for frequent users.",neutral,polite
"Unfortunately, it seems our ski rental policy has changed for the season, and we now require a deposit for all equipment. I can offer you a refund or exchange options if you'd like to discuss further.",polite,neutral
"I'm afraid our summer exhibits are closed for renovations until the end of August, but our permanent collections are still open to visitors. Would you like to plan a visit for later in the season?",somewhat polite,neutral
I'm sorry to hear you're struggling to get a spot on our soccer league. I can check the availability of our upcoming sessions and let you know if there's any chance to join a team.,polite,somewhat polite
"I'm sorry to hear that our toy wasn't as expected. However, our return policy clearly states that items must be in their original packaging and have a valid receipt for a full refund. If you can provide the receipt and the item is still in its original packaging, we can process the return for you.",somewhat polite,neutral
"Certainly, I'd be happy to assist you with your inquiry regarding the museum's entry fee. The fee is typically around $15 for adults and $12 for children, but prices may vary during special exhibitions. Let me know if you need more information.",polite,neutral
"I'm happy to help you with your trip to Paris, but I do need to inform you that our airline has a policy of charging for checked bags during peak travel seasons, which includes summer. If you'd like to avoid this fee, I recommend checking with our customer service team before your trip to see if there are any available options.",somewhat polite,polite
"Unfortunately, your membership renewal fee has been automatically charged due to our system's standard process. If you'd like to understand the specifics, I can walk you through it.",neutral,somewhat polite
"Of course, I understand that you may have questions about the membership fees for our team sports program. These fees cover the costs of maintaining the facilities and equipment. I'm here to help, so please let me know if you'd like more information.",neutral,somewhat polite
"I'm sorry to hear that you're experiencing issues with your camping gear. Unfortunately, our warranty only covers defects in materials and workmanship, and it seems that the damage was caused by improper usage. If you'd like to discuss further, I'd be happy to provide more information on our return and exchange policies.",polite,somewhat polite
"I'm sorry you're experiencing issues with your recent purchase, but our return policy clearly states that items must be in their original condition with all tags attached. Unfortunately, that means we can't accept your return for the sweater you're trying to exchange.",somewhat polite,neutral
"Absolutely, I can assist you with that. Our policy for professional development courses allows for one rescheduling free of charge, should you need it.",somewhat polite,polite
"I'm sorry to hear that our store's return policy is causing some confusion. According to our policy, you can exchange it for a different size, but only if you have the original packaging and tags still attached.",somewhat polite,neutral
"Unfortunately, our special exhibit on ancient civilizations is currently closed due to unforeseen circumstances. However, we have an extended display of similar artifacts available in our permanent collection, which you're welcome to explore.",somewhat polite,neutral
"We're experiencing a high volume of bookings this time of year, and our system is taking a bit longer than usual to process. I appreciate your patience and can check on the status of your reservation if you'd like.",polite,neutral
"I'm sorry to hear that our exhibit was not as expected. We strive to provide a unique and engaging experience for all our visitors. If you have any feedback or concerns, please let us know and we'll do our best to address them.",neutral,somewhat polite
"I'm happy to help you with your flight booking. However, I noticed that the prices you're seeing are likely due to our peak summer season rates. If you're flexible with your travel dates, I can try to find you a better deal.",polite,somewhat polite
"I'm sorry to hear that our fries took longer than expected to arrive. Unfortunately, we can't provide a refund for delays caused by our third-party delivery service, but we can offer a discount on your next order.",somewhat polite,neutral
"Sure, I can assist you with building your creative skills in our professional development program. Here's a complimentary e-brochure that should help you get started. Let me know if you have any questions.",somewhat polite,polite
Thank you for participating in our workshop on effective time management. I noticed you've been having some trouble prioritizing tasks - would you like some personalized tips on how to stay organized?,polite,neutral
"I'd be happy to help you with that. It seems like there might be some confusion with the fee. Can you please provide more details about your trip, such as the dates and destination? That way, I can better assist you in resolving the issue.",somewhat polite,polite
"Unfortunately, our summer menu doesn't have as many vegan options as we'd like, but we do have a seasonal vegetable skewer that's popular with our customers. Would you like me to explain the ingredients in more detail?",polite,neutral
"Unfortunately, our winter sports equipment rentals are currently booked up for the next few weeks due to the holiday season. However, I can offer you an alternative option to rent a pair of skis from one of our partner stores nearby.",polite,neutral
I believe I learned what I needed with respect to this topic.,neutral,polite
Great learning!,somewhat polite,neutral
"I felt like the course could've been expanded more and include more interactive elements, like how to use a fire extinguisher, a refresher on where the stickers are located on the extinguisher, and how to spot an extinguisher where you work.  I felt like this course was a bit ""dry"" in content.",somewhat polite,neutral
excellent demonstration and technic was used during the class to explain the objectives and aims of the class,polite,neutral
Great job updating this course! Relevant to labs and other common safety concerns we see in the area..,polite,neutral
Would be better to give some access or ability to walkthrough a demo site to fully understand the navigation.,somewhat polite,neutral
The class provides solid insight into small things that can really be impacting the performance of a team.,somewhat polite,polite
Clear and  understandable while also being detailed and thorough.,polite,neutral
It would be easier to retain the information if there was some sort of sandbox to practice the operations entailed in the training documents.  I usually don't have to go back to the documents multiple times to pass the tests.,somewhat polite,neutral
"Does not launch in either IE, Chrome nor Microsoft Edge!!",neutral,impolite
Content is presented well.  Useful information.  I wish more the Institution courses were like this one!,polite,neutral
Great instuctors!,polite,neutral
Good To Know About Course Help If We Are Doing Any Kind Of Shipping From The Other Country. Useful.!!!!!!!!!!!,polite,neutral
There is an incredible amount of waiting in this course. I had the text read and it would take 30 seconds for the next text to appear or allow me onto the next slide. I also only got 1 question wrong in the test out and had to do every module again. I would rather just do the module(s) related to the questions I got wrong. Very time intensive.,neutral,impolite
One of the worst trainings I have taken so far. Seems course creator have no interest in taking feedback and improving this critical training,impolite,neutral
"Good training on the overall basics of SPEED Online, I don't expect it to be updated in the future to take into account Next Generation SPEED.",somewhat polite,neutral
"Timed pages are a real drag.  If you can read fast enough you end up waiting on the page so you can move on.  A timer is OK, but set the time for a ""fast reader"" so you aren't sitting twiddling your thumbs waiting to go to the next page.  People are just going to go do something else and not pay any attention to the course.",neutral,impolite
"Good information to know BUT its SUPER LONG training, basically we need ONE day FOCUS to complete the training because have multiple tests.",somewhat polite,impolite
Sometimes irrelevant but good refresher overall.,somewhat polite,neutral
Excellent training to understand pay and benefits related things as a new joinee,polite,somewhat polite
"amazing training, very complete and clear",polite,neutral
Good Kick off session for New Employees.,polite,neutral
Good Overview of the company Culture and Working policies. Although it was slightly difficult to schedule a call at the beginning.,somewhat polite,neutral
"I really liked this class's structure - it was well organized and had some interactive parts, like hovering over pictures to learn more.  There were also small video segments too.  I found it a bit odd that you can fail all the review questions from a section and still be able to move on to the next section of the course.  The only ""roadblock"" is the final quiz.  Jargon was fairly well explained in the duration of this course.  This is one of the nicer LMS classes I've taken thus far.",polite,impolite
"Magnificent session, Through this session one can come to know all the benefits and all others;  Very important for the new Joiner",polite,neutral
Mind = Blown!,polite,neutral
"Edifying the behavioral subtlety, that we usually ignore.  I would recommend this course to all those who believe in continual self-improvement.",polite,impolite
"It would have been helpful if the sessions are carried out separately for each of the sub topics like one for salary and taxation , one for rsu and espp and one session for complete medical and health benefits. cobining these sessions not only created this long but too many quries and confusions. I hope in future these session for new joiner are taken on individual but major sub topics.",somewhat polite,neutral
material is ok but the training experience very bad. need to wait the study material  show up slowly on the screen.,neutral,impolite
Shifting the responsibility of securing the repository to individual engineers is bad idea.....it only takes one mistake for a leak to occur.,neutral,impolite
"Course is good, but shows this is an accient waiting to happen. What if someone forgets their training and makes a post or uses their public profile to make a repository instead of sandbox or whatever? The institute needs to work harder to make real security controls, instead of relying on users. Accidents happen.",somewhat polite,neutral
Good to know facts. Should be very useful for RCG's. I believe the session can be covered in Half a day or can be made a web based with a session allotted for Q&A.,somewhat polite,neutral
"Great 10 min training, very simple and easy to pass the quiz. Now time to ship my laptop. :)",polite,impolite
Not able to proceed to the next page of content until the audio finished reading every word at a slow pace.  Please remove this restriction.,somewhat polite,impolite
Excellent Material provided in this module.,polite,neutral
"This training needs a refresh. The training material is only through links that take you to Redirect pages, I ended up with 20-30 tabs open in my browser. Then the quiz got stuck several times, and there was no going forward or back, I had to start over again several times. I was doing the training from home via VPN, but I don't think that was the issue.",neutral,impolite
"Content was good, but having to review all of the content after missing a sinlge test-out question, on the conservative side, wasted a bunch of my time.",somewhat polite,impolite
I understood what the job was about.,neutral,somewhat polite
"The course is fine, but the quiz is confusing. It seems to have questions with multiple answers that could be correct. As someone else said, if the questions are going to be borderline ""trick"" questions, revealing the correct answer at the end would be helpful for learning.",somewhat polite,neutral
"Pretty straight forward but the examples of pyrophoric gases is cut off on that slide. Also, the videos could use subtitles (many of us are watching these in shared work spaces). They also go transparent if they are not maximized.",somewhat polite,impolite
A good place to hear about all important stuff for beginners - Thnaks,polite,somewhat polite
All explanation were clear and with good examples.,polite,neutral
"Session is too lengthy. Its not fair to conduct all these sessions in a single meet, morever audience are large in number, so there is no time to address our questions properly. Presenters are good.",somewhat polite,impolite
"The course does not supply the information, you have to hunt for it through multiple websites. Feels as if the creater was lazy.",impolite,neutral
"Simple, and packed full of useful information",polite,impolite
"Content is well written, however Question #9 seems to mark the correct answer as Incorrect",somewhat polite,neutral
"Very detailed. It would be time-saving if we have a list of ""Benifits not applicable"" slide of common FAQ so that everytime there is a need to say ""this is not applicable at the Institution""",somewhat polite,impolite
"This is important information, well presented.  Good job!",polite,neutral
"1. This course is too long. 2. Some of the content is not relevant to my site (not  the same terminology/role names and as such very confusing to  learn and also not used or needed for daily practice as ERT member/Leader). I think that this course should only be assigned to NEW ERT Leaders (IC) / ERT Member as part of their certification plan and not as a new ""yearly refreshment"" training.",somewhat polite,impolite
"Training is a wall of text, quiz has a focus on questions which are not related to the subject at hand. Do I really need to know that it outputs the roster as a pdf instead of a csv to be qualified to teach? An interactive tutorial would be much better for teachning this material.",neutral,impolite
Just felt like a second Onboarding. Didn't really learn anything new. Also very hard to schedule,neutral,impolite
Half of the questions require you to spend an incredible amount of time clicking through endless links and pages on the website searching for random acronyms and minor mentions of things. The actual slides of the course give very little or no information about anything relivent.,neutral,impolite
Awesome Class!  Great life applications!,somewhat polite,polite
Good information - Instructor is also good and time is well managed,polite,neutral
I felt like this class was average - it was constructed well enough but it wasn't exceptional.,neutral,impolite
Everyone should take this class!,somewhat polite,neutral
"It was unfair to the presenters to give such a short time  slot to cover a big topic like this. Due to this, there were no breaks & when the course was completed, it was way past lunch hour. Further, with a huge audience of close to 500 new joinees, there is bound to be chaos. Since the  chat was disabled, participants had to resort to asking questions & since the presenters had a time limit, it was not possible humanly to answer all queries.",somewhat polite,impolite
One of the better classes I've taken at the Institution.  All of the non-verbal cues we give to co-workers and others are definitely something we should be aware of as well as help others with.,somewhat polite,impolite
Very informative but too long. Can be reduced by some pre study material and FAQs.,somewhat polite,neutral
Arc flash room was a cinematic masterpiece,polite,neutral
"Ok, But keep the environment self contained. The job aids should be slides themselves or presented in a manner to instruct / impart necessary information within the course.",somewhat polite,neutral
Great Course but can be improved with regards to slides. I believe there are glitches in slideshow.,polite,somewhat polite
"This course needs a rework. The layout in material presentaion is not clear or orginaized. the formatting of the job aids is not concise, with both pdf and .wrd available, which dont reliably open/load. the flow of the presentation is broken into several seperate documents.",neutral,impolite
80 modules is an obnoxious amount of modules to take for 1 class. I would not have taken this if it was not required,impolite,neutral
This information is covered in its entirety in other trainings. The questions include asking how to adjust a chair while standing at a workstation.,neutral,impolite
"Buggy, constantly crashed and had to reload, missing the letter f in every work on every slide making it hard to read and very outdated...",neutral,impolite
"Considering the fact that 100% is required to pass, it would be good to know answers after the wrong one is clicked.",somewhat polite,impolite
Question 8 of 15 is misleading and incorrect in my opinion. The popup message does not make sense based on the selections I made. And driving defensively is not a traffic rule so it should not a valid/correct selection based on the question.,neutral,impolite
Truly awful. Needs to be reworked.,impolite,polite
Great orientation by the instructor.  Well paced and did a good job with the online engagement piece.,polite,neutral
"Very eye opening.  It applies to every aspect of your life, work, family, friends.  Worth the time.",polite,impolite
"Terrible, there are a lot of links to click on that are casually mentioned to use. Each link has tons of information to sift through. Why not take the most important info and break it down, like every other training?",impolite,neutral
All trainings should be this short and informative,polite,neutral
I like the layout of this class.,polite,neutral
Excellent Face-2-Face session. Kudos to them for so enthusiastically sharing the information on HR Policies and Benefits and guiding us about the important actions needed from new joinees.,polite,neutral
"Good and useful information for safety using noble gases and information provided in small ""chunks"".  The slides had some interactive elements.  Jargon without explanations are minimal.  There's pictures that show and help describe processes and PPE.  The graphics look modern and clean.  The process to submit a quiz question is clunky though - you have to click on a tiny check box outside the margin of the quiz; this keeps me from rating this 5 stars.  I honestly wish this course was longer and went into even more detail because of it's higher than average quality.",polite,impolite
There was text overlapping making it hard to read. The videos were hard to see do to turning white for some reason. I had a slide that kept skipping to the next one. This course should be redone.,neutral,impolite
Would recommend,polite,neutral
Course is clear and understanding for both safety and quality.,polite,neutral
"super important info, in dire need of a sheet you can open with extinguisher labels and types of fire they are for.  Had to take a screenshot of the first few pages of course so that I could reference it for the quiz.  There's no way I will remember in the future which leter corresponds to which fire type, but they will be clearly labled with more than just a letter on the actual thing...",somewhat polite,impolite
"Excellent Information, looking foward to the animated version or in person.",polite,neutral
I have completed the course twice so far and still not recieved course credit.,neutral,impolite
Instructor did a great job of keeping the class engaged. Instructor also had extensive subject matter knowledge.,polite,neutral
super important info regarding identifying the different types of alarms,somewhat polite,neutral
"Takes just a handful of minutes to warn you of potential serious pitfalls, with clear examples. Excellent.",polite,impolite
Good class. It is a validation to show small things are matter in communication,somewhat polite,neutral
"The content delivery itself was fine, but the quiz and knowledge checks remove opportunity for on the spot learning because they do not display the correct answer when you get one wrong. The given options for the safety systems questions are similarly worded, so you're choosing the ""best"" answer rather than the singularly correct one. Knowing the more correct answer would be nice.",somewhat polite,impolite
The quiz content is very specific (tactical steps) but then you have to acknowledge that it changes frequently and to always use the up to date job aids. Not a good use of time that could be better spent prepping to teach the course.,neutral,impolite
Perfectly designed,polite,neutral
Half the questions asked are not answered in the course.,neutral,impolite
it was fairly decent. not too bad. easy to understand and pass,neutral,somewhat polite
"Helpful course, The downloads within the course are all of value.",polite,neutral
Easy to follow & a valuable refresher training,polite,neutral
Mandatory training for a successful career.,somewhat polite,neutral
Gave me a better understanding of terms used here at the Institution for manufacturing and deployment.,polite,impolite
Quick and functional test-out option,neutral,impolite
Good. Videos bug out unless you view them in fullscreen.,somewhat polite,neutral
 Here's my constructive feedback: 1.  Two questions have a font significantly smaller than the rest. 2. The question on updating No Shows for prereqs has an answer that is not found in the job aids.  The quiz says move to waitlist.  The most recent job aid says that learner should be marked Unsuccessful. 18yrs taking classes at the Institution & this was the worst ever.  Giving people a stack of documents & a quiz is not teaching people how to use the tools for instructors.  I am sure the course owner will take these comments & improve this course.,somewhat polite,impolite
"Reminding about what to do and what not to do, i liked it!",polite,somewhat polite
"No Value Addition, Not engaging. Needs a thorough review on relevance of the content",neutral,impolite
Well organized via categories... one of the best-presented trainings,polite,neutral
"Material is too vague to be useful. Additionally, the questions do not draw upon the material.",neutral,impolite
Why UI has these red-crossed elements at all? Just remove or grey out them.,somewhat polite,neutral
Course does its best to offset a system with poorly chosen defaults. This is an information leak waiting to happen. A user should have to very explicitly opt-in to sharing information in public.,impolite,neutral
Fine refresher for Onboarding,somewhat polite,neutral
This course was pretty decent.  My only gripe with it is that you have to click next and cannot click on the side menu to advance the slides.  To further enhance the accessibility of this course I'd suggest re-time captioning for the audio vs. a transcript.,neutral,impolite
"good refresher, instructor presentation was easy to understand",polite,impolite
So much fun it's like a flash-based internet game from the 90s,somewhat polite,impolite
"For a course titled, ""Dos and Donts"", it only really had ""Donts"" and how to report it if someone else accomplished one of these ""Donts"". I'm not sure the course would add any value to those unfamiliar with version control. I appreciated that it was short.",somewhat polite,polite
The audio is either loud or really quiet.,neutral,impolite
"I choose to interpret this course as an exercise in the absurdist nihilism of the corporate world, and thus am giving it five stars for the excellent job it has done.",somewhat polite,impolite
Not the best time to have this considering the turmoil,somewhat polite,impolite
"Very useful information. When something happens, it's good to have a decent understanding of what should be going on to get FABs and buildings operating again.",polite,impolite
Confine Space is no joke and glad to go over the material again. I found this module to be first-rate information.,polite,impolite
"very well presented, and enabled maximum participation",polite,neutral
Good disussion and left me thinking about how to be more inclusive,somewhat polite,impolite
There are too many classes with overlapping material. This course didn't present any new information regarding ergonomic safety that I hadn't already covered in other trainings. The question which asked about adjusting a chair before you start working in a standing position does not seem logical.,neutral,impolite
Very good training. The very thought process of designing such a training was very nice of the Institution. Reaffirms the Institution's commitment to an inclusive workplace,polite,impolite
"Outstanding course and instructor.  This course should be required for employees at all levels.  In a time where diversity and inclusion are important parts of a corporate culture, this course is a great way to improve communication and maintain a strong agreement with others as well as ourselves.",polite,neutral
"Very good class, subject matter was extremely important. Slide information made it easy to retain information for end of course Test.",polite,impolite
It's questionable the value to make people to go thru the course/quiz. Simply provide the MUST-FOLLOW instructions and guidance on shipment is more appreciated.,somewhat polite,impolite
The course itself is good. Short and to the point. But they need to collaborate with others to speed up reporting status to decrease provisioning time and avoid losing more work time,somewhat polite,neutral
"The question about the broken leg's answer didn't seem to make sense, but asside from that, this course was fine.",somewhat polite,impolite
Fun activity and I learned quite a bit!,polite,somewhat polite
Such an informative session ! will be good to say because of the instructor efforts only the session was much useful . Instructor took extra effort to make the things so clear to the participants ! well cone,polite,impolite
It's a nice awareness that i learnt about this.,polite,impolite
"I remember in 1st grade when I had to follow with my finger while someone read painfully slowly.  I don't enjoy it any more now, and it's counter productive if you want people to pay attention to the content.",somewhat polite,impolite
It would have been even better if videos were included to reinforce best practices,polite,neutral
Good platform to learn security awareness,somewhat polite,neutral